ID,Req. Timestamp,Resp. Timestamp,Method,URL,Code,Reason,RTT,Size Resp. Header,Size Resp. Body
6471,Mon Sep 07 00:14:50 BDT 2026,Mon Sep 07 00:14:51 BDT 2026,GET,https://tfctest-001-production.up.railway.app/products/8?_rsc=%7C,200,OK,516,429,1105
6472,Mon Sep 07 00:14:50 BDT 2026,Mon Sep 07 00:14:51 BDT 2026,GET,https://tfctest-001-production.up.railway.app/products/6?_rsc=%7C,200,OK,514,428,332
6473,Mon Sep 07 00:14:49 BDT 2026,Mon Sep 07 00:14:50 BDT 2026,GET,https://tfctest-001-production.up.railway.app/admin?tab=orders&_rsc=%7C,200,OK,663,430,11204
6474,Mon Sep 07 00:14:51 BDT 2026,Mon Sep 07 00:14:52 BDT 2026,GET,https://tfctest-001-production.up.railway.app/products/9?_rsc=%7C,200,OK,548,429,1105
6475,Mon Sep 07 00:14:52 BDT 2026,Mon Sep 07 00:14:53 BDT 2026,GET,https://tfctest-001-production.up.railway.app/trace.axd,404,Not Found,502,436,1095
6476,Mon Sep 07 00:14:52 BDT 2026,Mon Sep 07 00:14:53 BDT 2026,GET,https://tfctest-001-production.up.railway.app/elmah.axd,404,Not Found,518,436,1095
6477,Mon Sep 07 00:14:52 BDT 2026,Mon Sep 07 00:14:53 BDT 2026,GET,https://tfctest-001-production.up.railway.app/api/admin/orders/trace.axd,405,Method Not Allowed,526,321,0
6478,Mon Sep 07 00:14:52 BDT 2026,Mon Sep 07 00:14:53 BDT 2026,GET,https://tfctest-001-production.up.railway.app/api/admin/products/trace.axd,405,Method Not Allowed,559,321,0
6479,Mon Sep 07 00:14:52 BDT 2026,Mon Sep 07 00:14:53 BDT 2026,GET,https://tfctest-001-production.up.railway.app/api/admin/trace.axd,404,Not Found,769,541,11502
6480,Mon Sep 07 00:14:52 BDT 2026,Mon Sep 07 00:14:54 BDT 2026,GET,https://tfctest-001-production.up.railway.app,200,OK,1613,536,1008288
6481,Mon Sep 07 00:14:54 BDT 2026,Mon Sep 07 00:14:54 BDT 2026,GET,https://tfctest-001-production.up.railway.app/_next,404,Not Found,522,361,9
6482,Mon Sep 07 00:14:54 BDT 2026,Mon Sep 07 00:14:55 BDT 2026,GET,https://tfctest-001-production.up.railway.app/_next/static,404,Not Found,524,361,9
6483,Mon Sep 07 00:14:55 BDT 2026,Mon Sep 07 00:14:55 BDT 2026,GET,https://tfctest-001-production.up.railway.app/_next/trace.axd,404,Not Found,508,361,9
6484,Mon Sep 07 00:14:55 BDT 2026,Mon Sep 07 00:14:55 BDT 2026,GET,https://tfctest-001-production.up.railway.app/_next/static/chunks,404,Not Found,508,361,9
6485,Mon Sep 07 00:14:55 BDT 2026,Mon Sep 07 00:14:56 BDT 2026,GET,https://tfctest-001-production.up.railway.app/_next/static/chunks/trace.axd,404,Not Found,533,361,9
6486,Mon Sep 07 00:14:55 BDT 2026,Mon Sep 07 00:14:56 BDT 2026,GET,https://tfctest-001-production.up.railway.app/_next/static/trace.axd,404,Not Found,548,361,9
6487,Mon Sep 07 00:14:55 BDT 2026,Mon Sep 07 00:14:56 BDT 2026,GET,https://tfctest-001-production.up.railway.app/api,404,Not Found,771,541,11478
6488,Mon Sep 07 00:14:56 BDT 2026,Mon Sep 07 00:14:57 BDT 2026,GET,https://tfctest-001-production.up.railway.app/api/admin,404,Not Found,725,541,11488
6489,Mon Sep 07 00:14:57 BDT 2026,Mon Sep 07 00:14:58 BDT 2026,GET,https://tfctest-001-production.up.railway.app/api/trace.axd,404,Not Found,766,541,11492
6490,Mon Sep 07 00:14:57 BDT 2026,Mon Sep 07 00:14:58 BDT 2026,GET,https://tfctest-001-production.up.railway.app/api/admin/orders,404,Not Found,845,541,11499
6491,Mon Sep 07 00:14:58 BDT 2026,Mon Sep 07 00:14:58 BDT 2026,GET,https://tfctest-001-production.up.railway.app/api/admin/products,405,Method Not Allowed,600,321,0
6492,Mon Sep 07 00:14:58 BDT 2026,Mon Sep 07 00:14:59 BDT 2026,GET,https://tfctest-001-production.up.railway.app/products,404,Not Found,516,435,271
6493,Mon Sep 07 00:14:59 BDT 2026,Mon Sep 07 00:14:59 BDT 2026,GET,https://tfctest-001-production.up.railway.app/products/trace.axd,307,Temporary Redirect,527,287,0
6494,Mon Sep 07 00:14:59 BDT 2026,Mon Sep 07 00:15:00 BDT 2026,GET,https://tfctest-001-production.up.railway.app/.htaccess,404,Not Found,522,436,1095
6495,Mon Sep 07 00:14:59 BDT 2026,Mon Sep 07 00:15:00 BDT 2026,GET,https://tfctest-001-production.up.railway.app/api/admin/orders/.htaccess,405,Method Not Allowed,568,321,0
6496,Mon Sep 07 00:14:59 BDT 2026,Mon Sep 07 00:15:00 BDT 2026,GET,https://tfctest-001-production.up.railway.app/api/admin/products/.htaccess,405,Method Not Allowed,552,321,0
6497,Mon Sep 07 00:14:59 BDT 2026,Mon Sep 07 00:15:00 BDT 2026,GET,https://tfctest-001-production.up.railway.app/api/admin/.htaccess,404,Not Found,805,541,11502
6498,Mon Sep 07 00:14:59 BDT 2026,Mon Sep 07 00:15:01 BDT 2026,GET,https://tfctest-001-production.up.railway.app,200,OK,1599,536,1008288
6499,Mon Sep 07 00:15:01 BDT 2026,Mon Sep 07 00:15:02 BDT 2026,GET,https://tfctest-001-production.up.railway.app/_next,404,Not Found,538,361,9
6500,Mon Sep 07 00:15:02 BDT 2026,Mon Sep 07 00:15:02 BDT 2026,GET,https://tfctest-001-production.up.railway.app/_next/static,404,Not Found,534,361,9
6501,Mon Sep 07 00:15:02 BDT 2026,Mon Sep 07 00:15:03 BDT 2026,GET,https://tfctest-001-production.up.railway.app/_next/.htaccess,404,Not Found,516,361,9
6502,Mon Sep 07 00:15:02 BDT 2026,Mon Sep 07 00:15:03 BDT 2026,GET,https://tfctest-001-production.up.railway.app/_next/static/chunks,404,Not Found,516,361,9
6503,Mon Sep 07 00:15:03 BDT 2026,Mon Sep 07 00:15:03 BDT 2026,GET,https://tfctest-001-production.up.railway.app/_next/static/chunks/.htaccess,404,Not Found,519,361,9
6504,Mon Sep 07 00:15:03 BDT 2026,Mon Sep 07 00:15:03 BDT 2026,GET,https://tfctest-001-production.up.railway.app/_next/static/.htaccess,404,Not Found,519,361,9
6505,Mon Sep 07 00:15:03 BDT 2026,Mon Sep 07 00:15:04 BDT 2026,GET,https://tfctest-001-production.up.railway.app/api,404,Not Found,925,541,11478
6506,Mon Sep 07 00:15:04 BDT 2026,Mon Sep 07 00:15:04 BDT 2026,GET,https://tfctest-001-production.up.railway.app/api/admin,404,Not Found,766,541,11488
6507,Mon Sep 07 00:15:04 BDT 2026,Mon Sep 07 00:15:05 BDT 2026,GET,https://tfctest-001-production.up.railway.app/api/admin/orders,404,Not Found,776,541,11499
6508,Mon Sep 07 00:15:04 BDT 2026,Mon Sep 07 00:15:05 BDT 2026,GET,https://tfctest-001-production.up.railway.app/api/.htaccess,404,Not Found,822,541,11492
6509,Mon Sep 07 00:15:05 BDT 2026,Mon Sep 07 00:15:06 BDT 2026,GET,https://tfctest-001-production.up.railway.app/api/admin/products,405,Method Not Allowed,556,321,0
6510,Mon Sep 07 00:15:06 BDT 2026,Mon Sep 07 00:15:06 BDT 2026,GET,https://tfctest-001-production.up.railway.app/products,404,Not Found,531,435,271
6511,Mon Sep 07 00:15:06 BDT 2026,Mon Sep 07 00:15:07 BDT 2026,GET,https://tfctest-001-production.up.railway.app/products/.htaccess,307,Temporary Redirect,532,287,0
6512,Mon Sep 07 00:15:07 BDT 2026,Mon Sep 07 00:15:07 BDT 2026,GET,https://tfctest-001-production.up.railway.app/.env,404,Not Found,518,436,1095
6513,Mon Sep 07 00:15:07 BDT 2026,Mon Sep 07 00:15:07 BDT 2026,GET,https://tfctest-001-production.up.railway.app/api/admin/orders/.env,405,Method Not Allowed,503,321,0
6514,Mon Sep 07 00:15:07 BDT 2026,Mon Sep 07 00:15:07 BDT 2026,GET,https://tfctest-001-production.up.railway.app/api/admin/products/.env,405,Method Not Allowed,534,321,0
6515,Mon Sep 07 00:15:07 BDT 2026,Mon Sep 07 00:15:08 BDT 2026,GET,https://tfctest-001-production.up.railway.app/api/admin/.env,404,Not Found,1220,541,11497
6516,Mon Sep 07 00:15:07 BDT 2026,Mon Sep 07 00:15:09 BDT 2026,GET,https://tfctest-001-production.up.railway.app,200,OK,2637,536,1008288
6517,Mon Sep 07 00:15:09 BDT 2026,Mon Sep 07 00:15:10 BDT 2026,GET,https://tfctest-001-production.up.railway.app/_next,404,Not Found,614,361,9
6518,Mon Sep 07 00:15:10 BDT 2026,Mon Sep 07 00:15:11 BDT 2026,GET,https://tfctest-001-production.up.railway.app/_next/static,404,Not Found,616,361,9
6519,Mon Sep 07 00:15:11 BDT 2026,Mon Sep 07 00:15:11 BDT 2026,GET,https://tfctest-001-production.up.railway.app/_next/static/chunks,404,Not Found,618,361,9
6520,Mon Sep 07 00:15:11 BDT 2026,Mon Sep 07 00:15:11 BDT 2026,GET,https://tfctest-001-production.up.railway.app/_next/.env,404,Not Found,618,361,9
6521,Mon Sep 07 00:15:11 BDT 2026,Mon Sep 07 00:15:12 BDT 2026,GET,https://tfctest-001-production.up.railway.app/_next/static/chunks/.env,404,Not Found,598,361,9
6522,Mon Sep 07 00:15:11 BDT 2026,Mon Sep 07 00:15:12 BDT 2026,GET,https://tfctest-001-production.up.railway.app/_next/static/.env,404,Not Found,598,361,9
6523,Mon Sep 07 00:15:11 BDT 2026,Mon Sep 07 00:15:12 BDT 2026,GET,https://tfctest-001-production.up.railway.app/api,404,Not Found,1201,541,11478
6524,Mon Sep 07 00:15:12 BDT 2026,Mon Sep 07 00:15:13 BDT 2026,GET,https://tfctest-001-production.up.railway.app/api/admin,404,Not Found,926,541,11488
6525,Mon Sep 07 00:15:13 BDT 2026,Mon Sep 07 00:15:14 BDT 2026,GET,https://tfctest-001-production.up.railway.app/api/admin/orders,404,Not Found,751,541,11499
6526,Mon Sep 07 00:15:13 BDT 2026,Mon Sep 07 00:15:14 BDT 2026,GET,https://tfctest-001-production.up.railway.app/api/.env,404,Not Found,798,541,11487
6527,Mon Sep 07 00:15:14 BDT 2026,Mon Sep 07 00:15:15 BDT 2026,GET,https://tfctest-001-production.up.railway.app/api/admin/products,405,Method Not Allowed,536,321,0
6528,Mon Sep 07 00:15:15 BDT 2026,Mon Sep 07 00:15:15 BDT 2026,GET,https://tfctest-001-production.up.railway.app/products,404,Not Found,509,435,271
6529,Mon Sep 07 00:15:15 BDT 2026,Mon Sep 07 00:15:16 BDT 2026,GET,https://tfctest-001-production.up.railway.app/products/.env,307,Temporary Redirect,619,282,0
6530,Mon Sep 07 00:15:16 BDT 2026,Mon Sep 07 00:15:17 BDT 2026,GET,https://tfctest-001-production.up.railway.app/actuator/health,404,Not Found,532,436,1095
6531,Mon Sep 07 00:15:16 BDT 2026,Mon Sep 07 00:15:17 BDT 2026,GET,https://tfctest-001-production.up.railway.app/zap5109655823579959674,404,Not Found,547,436,1095
6532,Mon Sep 07 00:15:17 BDT 2026,Mon Sep 07 00:15:17 BDT 2026,GET,https://tfctest-001-production.up.railway.app/actuator/health,404,Not Found,541,436,1095
6533,Mon Sep 07 00:15:17 BDT 2026,Mon Sep 07 00:15:17 BDT 2026,GET,https://tfctest-001-production.up.railway.app/.zap6856038356540533579,404,Not Found,534,436,1095
6534,Mon Sep 07 00:15:16 BDT 2026,Mon Sep 07 00:15:18 BDT 2026,GET,https://tfctest-001-production.up.railway.app,200,OK,1613,536,1008288
6535,Mon Sep 07 00:15:17 BDT 2026,Mon Sep 07 00:15:18 BDT 2026,GET,https://tfctest-001-production.up.railway.app/lfm.php,404,Not Found,521,436,1095
6536,Mon Sep 07 00:15:18 BDT 2026,Mon Sep 07 00:15:18 BDT 2026,GET,https://tfctest-001-production.up.railway.app/_next,404,Not Found,512,361,9
6537,Mon Sep 07 00:15:18 BDT 2026,Mon Sep 07 00:15:18 BDT 2026,GET,https://tfctest-001-production.up.railway.app/.idea/WebServers.xml,404,Not Found,504,436,1095
6538,Mon Sep 07 00:15:18 BDT 2026,Mon Sep 07 00:15:19 BDT 2026,GET,https://tfctest-001-production.up.railway.app/_next/static,404,Not Found,521,361,9
6539,Mon Sep 07 00:15:18 BDT 2026,Mon Sep 07 00:15:19 BDT 2026,GET,https://tfctest-001-production.up.railway.app/config/databases.yml,404,Not Found,507,436,1095
6540,Mon Sep 07 00:15:19 BDT 2026,Mon Sep 07 00:15:19 BDT 2026,GET,https://tfctest-001-production.up.railway.app/config/database.yml,404,Not Found,504,436,1095
6541,Mon Sep 07 00:15:19 BDT 2026,Mon Sep 07 00:15:19 BDT 2026,GET,https://tfctest-001-production.up.railway.app/_next/static/chunks,404,Not Found,693,361,9
6542,Mon Sep 07 00:15:19 BDT 2026,Mon Sep 07 00:15:20 BDT 2026,GET,https://tfctest-001-production.up.railway.app/.git/config,404,Not Found,531,436,1095
6543,Mon Sep 07 00:15:19 BDT 2026,Mon Sep 07 00:15:20 BDT 2026,GET,https://tfctest-001-production.up.railway.app/api,404,Not Found,802,541,11478
6544,Mon Sep 07 00:15:20 BDT 2026,Mon Sep 07 00:15:21 BDT 2026,GET,https://tfctest-001-production.up.railway.app/.svn/entries,404,Not Found,775,436,1095
6545,Mon Sep 07 00:15:20 BDT 2026,Mon Sep 07 00:15:21 BDT 2026,GET,https://tfctest-001-production.up.railway.app/api/admin,404,Not Found,804,541,11488
6546,Mon Sep 07 00:15:21 BDT 2026,Mon Sep 07 00:15:21 BDT 2026,GET,https://tfctest-001-production.up.railway.app/.svn/wc.db,404,Not Found,503,436,1095
6547,Mon Sep 07 00:15:21 BDT 2026,Mon Sep 07 00:15:22 BDT 2026,GET,https://tfctest-001-production.up.railway.app/CVS/root,404,Not Found,551,436,1095
6548,Mon Sep 07 00:15:21 BDT 2026,Mon Sep 07 00:15:22 BDT 2026,GET,https://tfctest-001-production.up.railway.app/api/admin/orders,404,Not Found,803,541,11499
6549,Mon Sep 07 00:15:22 BDT 2026,Mon Sep 07 00:15:22 BDT 2026,GET,https://tfctest-001-production.up.railway.app/server-status,404,Not Found,782,436,1095
6550,Mon Sep 07 00:15:22 BDT 2026,Mon Sep 07 00:15:23 BDT 2026,GET,https://tfctest-001-production.up.railway.app/api/admin/products,405,Method Not Allowed,764,321,0
6551,Mon Sep 07 00:15:22 BDT 2026,Mon Sep 07 00:15:23 BDT 2026,GET,https://tfctest-001-production.up.railway.app/core,404,Not Found,531,436,1095
6552,Mon Sep 07 00:15:23 BDT 2026,Mon Sep 07 00:15:23 BDT 2026,GET,https://tfctest-001-production.up.railway.app/products,404,Not Found,583,435,271
6553,Mon Sep 07 00:15:23 BDT 2026,Mon Sep 07 00:15:23 BDT 2026,GET,https://tfctest-001-production.up.railway.app/sftp-config.json,404,Not Found,542,436,1095
6554,Mon Sep 07 00:15:23 BDT 2026,Mon Sep 07 00:15:24 BDT 2026,GET,https://tfctest-001-production.up.railway.app/WS_FTP.ini,404,Not Found,676,436,1095
6555,Mon Sep 07 00:15:24 BDT 2026,Mon Sep 07 00:15:25 BDT 2026,GET,https://tfctest-001-production.up.railway.app/ws_ftp.ini,404,Not Found,563,436,1095
6556,Mon Sep 07 00:15:25 BDT 2026,Mon Sep 07 00:15:25 BDT 2026,GET,https://tfctest-001-production.up.railway.app/WS_FTP.INI,404,Not Found,565,436,1095
6557,Mon Sep 07 00:15:25 BDT 2026,Mon Sep 07 00:15:26 BDT 2026,GET,https://tfctest-001-production.up.railway.app/filezilla.xml,404,Not Found,550,436,1095
6558,Mon Sep 07 00:15:26 BDT 2026,Mon Sep 07 00:15:26 BDT 2026,GET,https://tfctest-001-production.up.railway.app/sitemanager.xml,404,Not Found,521,436,1095
6559,Mon Sep 07 00:15:26 BDT 2026,Mon Sep 07 00:15:27 BDT 2026,GET,https://tfctest-001-production.up.railway.app/FileZilla.xml,404,Not Found,516,436,1095
6560,Mon Sep 07 00:15:27 BDT 2026,Mon Sep 07 00:15:27 BDT 2026,GET,https://tfctest-001-production.up.railway.app/winscp.ini,404,Not Found,586,436,1095
6561,Mon Sep 07 00:15:27 BDT 2026,Mon Sep 07 00:15:28 BDT 2026,GET,https://tfctest-001-production.up.railway.app/WinSCP.ini,404,Not Found,531,436,1095
6562,Mon Sep 07 00:15:28 BDT 2026,Mon Sep 07 00:15:29 BDT 2026,GET,https://tfctest-001-production.up.railway.app/.DS_Store,404,Not Found,521,436,1095
6563,Mon Sep 07 00:15:29 BDT 2026,Mon Sep 07 00:15:29 BDT 2026,GET,https://tfctest-001-production.up.railway.app/.php_cs.cache,404,Not Found,537,436,1095
6564,Mon Sep 07 00:15:29 BDT 2026,Mon Sep 07 00:15:30 BDT 2026,GET,https://tfctest-001-production.up.railway.app/DEADJOE,404,Not Found,596,436,1095
6565,Mon Sep 07 00:15:30 BDT 2026,Mon Sep 07 00:15:30 BDT 2026,GET,https://tfctest-001-production.up.railway.app/sites/default/private/files/backup_migrate/scheduled/test.txt,404,Not Found,547,436,1095
6566,Mon Sep 07 00:15:30 BDT 2026,Mon Sep 07 00:15:31 BDT 2026,GET,https://tfctest-001-production.up.railway.app/app/etc/local.xml,404,Not Found,521,436,1095
6567,Mon Sep 07 00:15:31 BDT 2026,Mon Sep 07 00:15:31 BDT 2026,GET,https://tfctest-001-production.up.railway.app/server.key,404,Not Found,517,436,1095
6568,Mon Sep 07 00:15:31 BDT 2026,Mon Sep 07 00:15:32 BDT 2026,GET,https://tfctest-001-production.up.railway.app/privatekey.key,404,Not Found,535,436,1095
6569,Mon Sep 07 00:15:32 BDT 2026,Mon Sep 07 00:15:32 BDT 2026,GET,https://tfctest-001-production.up.railway.app/myserver.key,404,Not Found,505,436,1095
6570,Mon Sep 07 00:15:32 BDT 2026,Mon Sep 07 00:15:33 BDT 2026,GET,https://tfctest-001-production.up.railway.app/key.pem,404,Not Found,504,436,1095
6571,Mon Sep 07 00:15:33 BDT 2026,Mon Sep 07 00:15:33 BDT 2026,GET,https://tfctest-001-production.up.railway.app/id_rsa,404,Not Found,549,436,1095
6572,Mon Sep 07 00:15:33 BDT 2026,Mon Sep 07 00:15:34 BDT 2026,GET,https://tfctest-001-production.up.railway.app/id_dsa,404,Not Found,520,436,1095
6573,Mon Sep 07 00:15:34 BDT 2026,Mon Sep 07 00:15:34 BDT 2026,GET,https://tfctest-001-production.up.railway.app/.ssh/id_rsa,404,Not Found,534,436,1095
6574,Mon Sep 07 00:15:34 BDT 2026,Mon Sep 07 00:15:35 BDT 2026,GET,https://tfctest-001-production.up.railway.app/.ssh/id_dsa,404,Not Found,520,436,1095
6575,Mon Sep 07 00:15:35 BDT 2026,Mon Sep 07 00:15:36 BDT 2026,GET,https://tfctest-001-production.up.railway.app/adminer.php,404,Not Found,612,436,1095
6576,Mon Sep 07 00:15:36 BDT 2026,Mon Sep 07 00:15:36 BDT 2026,GET,https://tfctest-001-production.up.railway.app/vb_test.php,404,Not Found,572,436,1095
6577,Mon Sep 07 00:15:36 BDT 2026,Mon Sep 07 00:15:37 BDT 2026,GET,https://tfctest-001-production.up.railway.app/CHANGELOG.txt,404,Not Found,500,436,1095
6578,Mon Sep 07 00:15:37 BDT 2026,Mon Sep 07 00:15:37 BDT 2026,GET,https://tfctest-001-production.up.railway.app/sites/default/files/.ht.sqlite,404,Not Found,516,436,1095
6579,Mon Sep 07 00:15:37 BDT 2026,Mon Sep 07 00:15:38 BDT 2026,GET,https://tfctest-001-production.up.railway.app/composer.json,404,Not Found,565,436,1095
6580,Mon Sep 07 00:15:38 BDT 2026,Mon Sep 07 00:15:38 BDT 2026,GET,https://tfctest-001-production.up.railway.app/composer.lock,404,Not Found,516,436,1095
6581,Mon Sep 07 00:15:38 BDT 2026,Mon Sep 07 00:15:39 BDT 2026,GET,https://tfctest-001-production.up.railway.app/vim_settings.xml,404,Not Found,534,436,1095
6582,Mon Sep 07 00:15:39 BDT 2026,Mon Sep 07 00:15:39 BDT 2026,GET,https://tfctest-001-production.up.railway.app/server-info,404,Not Found,667,436,1095
6583,Mon Sep 07 00:15:39 BDT 2026,Mon Sep 07 00:15:40 BDT 2026,GET,https://tfctest-001-production.up.railway.app/phpinfo.php,404,Not Found,537,436,1095
6584,Mon Sep 07 00:15:40 BDT 2026,Mon Sep 07 00:15:41 BDT 2026,GET,https://tfctest-001-production.up.railway.app/info.php,404,Not Found,613,436,1095
6585,Mon Sep 07 00:15:41 BDT 2026,Mon Sep 07 00:15:41 BDT 2026,GET,https://tfctest-001-production.up.railway.app/i.php,404,Not Found,502,436,1095
6586,Mon Sep 07 00:15:41 BDT 2026,Mon Sep 07 00:15:42 BDT 2026,GET,https://tfctest-001-production.up.railway.app/test.php,404,Not Found,519,436,1095
6587,Mon Sep 07 00:15:42 BDT 2026,Mon Sep 07 00:15:42 BDT 2026,GET,https://tfctest-001-production.up.railway.app/_wpeprivate/config.json,404,Not Found,552,436,1095
6588,Mon Sep 07 00:15:42 BDT 2026,Mon Sep 07 00:15:43 BDT 2026,GET,https://tfctest-001-production.up.railway.app/_framework/blazor.boot.json,404,Not Found,517,436,1095
6589,Mon Sep 07 00:15:43 BDT 2026,Mon Sep 07 00:15:43 BDT 2026,GET,https://tfctest-001-production.up.railway.app/.hg,404,Not Found,535,436,1095
6590,Mon Sep 07 00:15:43 BDT 2026,Mon Sep 07 00:15:44 BDT 2026,GET,https://tfctest-001-production.up.railway.app/.bzr,404,Not Found,534,436,1095
6591,Mon Sep 07 00:15:44 BDT 2026,Mon Sep 07 00:15:44 BDT 2026,GET,https://tfctest-001-production.up.railway.app/._darcs,404,Not Found,546,436,1095
6592,Mon Sep 07 00:15:44 BDT 2026,Mon Sep 07 00:15:45 BDT 2026,GET,https://tfctest-001-production.up.railway.app/BitKeeper,404,Not Found,532,436,1095
6593,Mon Sep 07 00:15:45 BDT 2026,Mon Sep 07 00:15:46 BDT 2026,PATCH,https://tfctest-001-production.up.railway.app/api/admin/orders/79620a19-f2c4-428e-a717-5109bc688566,400,Bad Request,829,347,27
6594,Mon Sep 07 00:15:45 BDT 2026,Mon Sep 07 00:15:46 BDT 2026,PATCH,https://tfctest-001-production.up.railway.app/api/admin/orders/24f10235-3943-4c1d-916f-f8a56cf92994,400,Bad Request,844,347,27
6595,Mon Sep 07 00:15:45 BDT 2026,Mon Sep 07 00:15:45 BDT 2026,GET,https://tfctest-001-production.up.railway.app/?_rsc=%3C,200,OK,526,428,984
6596,Mon Sep 07 00:15:45 BDT 2026,Mon Sep 07 00:15:46 BDT 2026,POST,https://tfctest-001-production.up.railway.app/api/admin/products,200,OK,1035,338,10
6597,Mon Sep 07 00:15:45 BDT 2026,Mon Sep 07 00:15:46 BDT 2026,PATCH,https://tfctest-001-production.up.railway.app/api/admin/products/15,200,OK,1083,338,11
6598,Mon Sep 07 00:15:45 BDT 2026,Mon Sep 07 00:15:46 BDT 2026,PATCH,https://tfctest-001-production.up.railway.app/api/admin/orders/1a19a224-88c5-44b5-a3f6-95c7faaaed85,400,Bad Request,1240,347,27
6599,Mon Sep 07 00:15:46 BDT 2026,Mon Sep 07 00:15:46 BDT 2026,PATCH,https://tfctest-001-production.up.railway.app/api/admin/orders/79620a19-f2c4-428e-a717-5109bc688566,400,Bad Request,770,347,27
6600,Mon Sep 07 00:15:46 BDT 2026,Mon Sep 07 00:15:46 BDT 2026,PATCH,https://tfctest-001-production.up.railway.app/api/admin/orders/24f10235-3943-4c1d-916f-f8a56cf92994,400,Bad Request,735,347,27
6601,Mon Sep 07 00:15:46 BDT 2026,Mon Sep 07 00:15:47 BDT 2026,POST,https://tfctest-001-production.up.railway.app/api/admin/products,200,OK,949,338,10
6602,Mon Sep 07 00:15:46 BDT 2026,Mon Sep 07 00:15:47 BDT 2026,PATCH,https://tfctest-001-production.up.railway.app/api/admin/orders/1a19a224-88c5-44b5-a3f6-95c7faaaed85,400,Bad Request,808,347,27
6603,Mon Sep 07 00:15:45 BDT 2026,Mon Sep 07 00:15:47 BDT 2026,GET,https://tfctest-001-production.up.railway.app,200,OK,2048,536,1008288
6604,Mon Sep 07 00:15:46 BDT 2026,Mon Sep 07 00:15:47 BDT 2026,PATCH,https://tfctest-001-production.up.railway.app/api/admin/products/15,200,OK,1011,338,11
6605,Mon Sep 07 00:15:46 BDT 2026,Mon Sep 07 00:15:46 BDT 2026,GET,https://tfctest-001-production.up.railway.app/?_rsc=%3Cxsl%3Avalue-of+select%3D%22system-property%28%27xsl%3Avendor%27%29%22%2F%3E,200,OK,579,428,984
6606,Mon Sep 07 00:15:46 BDT 2026,Mon Sep 07 00:15:47 BDT 2026,PATCH,https://tfctest-001-production.up.railway.app/api/admin/orders/79620a19-f2c4-428e-a717-5109bc688566,400,Bad Request,781,347,27
6607,Mon Sep 07 00:15:47 BDT 2026,Mon Sep 07 00:15:47 BDT 2026,GET,https://tfctest-001-production.up.railway.app/_next,404,Not Found,488,361,9
6608,Mon Sep 07 00:15:46 BDT 2026,Mon Sep 07 00:15:47 BDT 2026,PATCH,https://tfctest-001-production.up.railway.app/api/admin/orders/24f10235-3943-4c1d-916f-f8a56cf92994,400,Bad Request,863,347,27
6609,Mon Sep 07 00:15:47 BDT 2026,Mon Sep 07 00:15:48 BDT 2026,PATCH,https://tfctest-001-production.up.railway.app/api/admin/orders/1a19a224-88c5-44b5-a3f6-95c7faaaed85,400,Bad Request,665,347,27
6610,Mon Sep 07 00:15:47 BDT 2026,Mon Sep 07 00:15:48 BDT 2026,PATCH,https://tfctest-001-production.up.railway.app/api/admin/orders/79620a19-f2c4-428e-a717-5109bc688566,400,Bad Request,645,347,27
6611,Mon Sep 07 00:15:47 BDT 2026,Mon Sep 07 00:15:48 BDT 2026,GET,https://tfctest-001-production.up.railway.app/_next/static,404,Not Found,489,361,9
6612,Mon Sep 07 00:15:47 BDT 2026,Mon Sep 07 00:15:48 BDT 2026,PATCH,https://tfctest-001-production.up.railway.app/api/admin/products/15,200,OK,910,338,11
6613,Mon Sep 07 00:15:47 BDT 2026,Mon Sep 07 00:15:48 BDT 2026,PATCH,https://tfctest-001-production.up.railway.app/api/admin/orders/24f10235-3943-4c1d-916f-f8a56cf92994,400,Bad Request,693,347,27
6614,Mon Sep 07 00:15:47 BDT 2026,Mon Sep 07 00:15:48 BDT 2026,POST,https://tfctest-001-production.up.railway.app/api/admin/products,200,OK,1212,338,10
6615,Mon Sep 07 00:15:47 BDT 2026,Mon Sep 07 00:15:48 BDT 2026,GET,https://tfctest-001-production.up.railway.app/?_rsc=system-property%28%27xsl%3Avendor%27%29%2F%3E,200,OK,490,428,984
6616,Mon Sep 07 00:15:48 BDT 2026,Mon Sep 07 00:15:48 BDT 2026,PATCH,https://tfctest-001-production.up.railway.app/api/admin/orders/1a19a224-88c5-44b5-a3f6-95c7faaaed85,400,Bad Request,656,347,27
6617,Mon Sep 07 00:15:48 BDT 2026,Mon Sep 07 00:15:48 BDT 2026,GET,https://tfctest-001-production.up.railway.app/_next/static/chunks,404,Not Found,558,361,9
6618,Mon Sep 07 00:15:48 BDT 2026,Mon Sep 07 00:15:49 BDT 2026,PATCH,https://tfctest-001-production.up.railway.app/api/admin/orders/79620a19-f2c4-428e-a717-5109bc688566,400,Bad Request,672,347,27
6619,Mon Sep 07 00:15:48 BDT 2026,Mon Sep 07 00:15:49 BDT 2026,PATCH,https://tfctest-001-production.up.railway.app/api/admin/orders/24f10235-3943-4c1d-916f-f8a56cf92994,400,Bad Request,734,347,27
6620,Mon Sep 07 00:15:48 BDT 2026,Mon Sep 07 00:15:49 BDT 2026,PATCH,https://tfctest-001-production.up.railway.app/api/admin/products/15,200,OK,968,338,11
6621,Mon Sep 07 00:15:48 BDT 2026,Mon Sep 07 00:15:49 BDT 2026,POST,https://tfctest-001-production.up.railway.app/api/admin/products,200,OK,812,338,10
6622,Mon Sep 07 00:15:48 BDT 2026,Mon Sep 07 00:15:49 BDT 2026,PATCH,https://tfctest-001-production.up.railway.app/api/admin/orders/1a19a224-88c5-44b5-a3f6-95c7faaaed85,400,Bad Request,727,347,27
6623,Mon Sep 07 00:15:48 BDT 2026,Mon Sep 07 00:15:49 BDT 2026,GET,https://tfctest-001-production.up.railway.app/?_rsc=%22%2F%3E%3Cxsl%3Avalue-of+select%3D%22system-property%28%27xsl%3Avendor%27%29%22%2F%3E%3C%21--,200,OK,641,428,984
6624,Mon Sep 07 00:15:49 BDT 2026,Mon Sep 07 00:15:49 BDT 2026,PATCH,https://tfctest-001-production.up.railway.app/api/admin/orders/79620a19-f2c4-428e-a717-5109bc688566,400,Bad Request,832,347,27
6625,Mon Sep 07 00:15:49 BDT 2026,Mon Sep 07 00:15:50 BDT 2026,PATCH,https://tfctest-001-production.up.railway.app/api/admin/orders/24f10235-3943-4c1d-916f-f8a56cf92994,400,Bad Request,742,347,27
6626,Mon Sep 07 00:15:49 BDT 2026,Mon Sep 07 00:15:50 BDT 2026,PATCH,https://tfctest-001-production.up.railway.app/api/admin/orders/1a19a224-88c5-44b5-a3f6-95c7faaaed85,400,Bad Request,757,347,27
6627,Mon Sep 07 00:15:49 BDT 2026,Mon Sep 07 00:15:50 BDT 2026,POST,https://tfctest-001-production.up.railway.app/api/admin/products,200,OK,1023,338,10
6628,Mon Sep 07 00:15:49 BDT 2026,Mon Sep 07 00:15:50 BDT 2026,PATCH,https://tfctest-001-production.up.railway.app/api/admin/products/15,200,OK,1108,338,11
6629,Mon Sep 07 00:15:49 BDT 2026,Mon Sep 07 00:15:50 BDT 2026,PATCH,https://tfctest-001-production.up.railway.app/api/admin/orders/79620a19-f2c4-428e-a717-5109bc688566,400,Bad Request,665,347,27
6630,Mon Sep 07 00:15:50 BDT 2026,Mon Sep 07 00:15:50 BDT 2026,PATCH,https://tfctest-001-production.up.railway.app/api/admin/orders/24f10235-3943-4c1d-916f-f8a56cf92994,400,Bad Request,670,347,27
6631,Mon Sep 07 00:15:49 BDT 2026,Mon Sep 07 00:15:50 BDT 2026,GET,https://tfctest-001-production.up.railway.app/?_rsc=%3Cxsl%3Avalue-of+select%3D%22system-property%28%27xsl%3Avendor%27%29%22%2F%3E%3C%21--,200,OK,570,428,984
6632,Mon Sep 07 00:15:50 BDT 2026,Mon Sep 07 00:15:50 BDT 2026,GET,https://tfctest-001-production.up.railway.app/api,404,Not Found,761,541,11478
6633,Mon Sep 07 00:15:50 BDT 2026,Mon Sep 07 00:15:50 BDT 2026,PATCH,https://tfctest-001-production.up.railway.app/api/admin/orders/1a19a224-88c5-44b5-a3f6-95c7faaaed85,400,Bad Request,721,347,27
6634,Mon Sep 07 00:15:50 BDT 2026,Mon Sep 07 00:15:51 BDT 2026,POST,https://tfctest-001-production.up.railway.app/api/admin/products,200,OK,964,338,10
6635,Mon Sep 07 00:15:50 BDT 2026,Mon Sep 07 00:15:51 BDT 2026,PATCH,https://tfctest-001-production.up.railway.app/api/admin/orders/24f10235-3943-4c1d-916f-f8a56cf92994,400,Bad Request,781,347,27
6636,Mon Sep 07 00:15:50 BDT 2026,Mon Sep 07 00:15:51 BDT 2026,GET,https://tfctest-001-production.up.railway.app/admin?tab=%3C&_rsc=u5cN-QBuq4Vdenib,200,OK,1479,431,281759
6637,Mon Sep 07 00:15:50 BDT 2026,Mon Sep 07 00:15:51 BDT 2026,PATCH,https://tfctest-001-production.up.railway.app/api/admin/orders/79620a19-f2c4-428e-a717-5109bc688566,400,Bad Request,1109,347,27
6638,Mon Sep 07 00:15:50 BDT 2026,Mon Sep 07 00:15:51 BDT 2026,PATCH,https://tfctest-001-production.up.railway.app/api/admin/orders/1a19a224-88c5-44b5-a3f6-95c7faaaed85,400,Bad Request,800,347,27
6639,Mon Sep 07 00:15:50 BDT 2026,Mon Sep 07 00:15:51 BDT 2026,PATCH,https://tfctest-001-production.up.railway.app/api/admin/products/15,200,OK,1268,338,11
6640,Mon Sep 07 00:15:49 BDT 2026,Mon Sep 07 00:15:50 BDT 2026,GET,https://tfctest-001-production.up.railway.app/admin?_rsc=%3C,200,OK,535,431,281719
6641,Mon Sep 07 00:15:50 BDT 2026,Mon Sep 07 00:15:51 BDT 2026,GET,https://tfctest-001-production.up.railway.app/?_rsc=%3Cxsl%3Avalue-of+select%3D%22document%28%27http%3A%2F%2Ftfctest-001-production.up.railway.app%3A22%27%29%22%2F%3E,200,OK,563,428,984
6642,Mon Sep 07 00:15:51 BDT 2026,Mon Sep 07 00:15:52 BDT 2026,POST,https://tfctest-001-production.up.railway.app/api/admin/products,200,OK,823,338,10
6643,Mon Sep 07 00:15:51 BDT 2026,Mon Sep 07 00:15:52 BDT 2026,GET,https://tfctest-001-production.up.railway.app/api/admin,404,Not Found,729,541,11488
6644,Mon Sep 07 00:15:51 BDT 2026,Mon Sep 07 00:15:52 BDT 2026,PATCH,https://tfctest-001-production.up.railway.app/api/admin/products/15,200,OK,821,338,11
6645,Mon Sep 07 00:15:52 BDT 2026,Mon Sep 07 00:15:52 BDT 2026,GET,https://tfctest-001-production.up.railway.app/?_rsc=%3Cxsl%3Avariable+name%3D%22rtobject%22+select%3D%22runtime%3AgetRuntime%28%29%22%2F%3E%0A%3Cxsl%3Avariable+name%3D%22process%22+select%3D%22runtime%3Aexec%28%24rtobject%2C%27erroneous_command%27%29%22%2F%3E%0A%3Cxsl%3Avariable+name%3D%22waiting%22+select%3D%22process%3AwaitFor%28%24process%29%22%2F%3E%0A%3Cxsl%3Avalue-of+select%3D%22%24process%22%2F%3E,200,OK,522,428,984
6646,Mon Sep 07 00:15:52 BDT 2026,Mon Sep 07 00:15:53 BDT 2026,POST,https://tfctest-001-production.up.railway.app/api/admin/products,200,OK,814,338,10
6647,Mon Sep 07 00:15:51 BDT 2026,Mon Sep 07 00:15:53 BDT 2026,GET,https://tfctest-001-production.up.railway.app/admin?tab=%3Cxsl%3Avalue-of+select%3D%22system-property%28%27xsl%3Avendor%27%29%22%2F%3E&_rsc=u5cN-QBuq4Vdenib,200,OK,1470,431,283324
6648,Mon Sep 07 00:15:52 BDT 2026,Mon Sep 07 00:15:53 BDT 2026,GET,https://tfctest-001-production.up.railway.app/api/admin/orders,404,Not Found,810,541,11499
6649,Mon Sep 07 00:15:52 BDT 2026,Mon Sep 07 00:15:53 BDT 2026,PATCH,https://tfctest-001-production.up.railway.app/api/admin/products/15,200,OK,961,338,11
6650,Mon Sep 07 00:15:53 BDT 2026,Mon Sep 07 00:15:53 BDT 2026,GET,https://tfctest-001-production.up.railway.app/api/admin/products,405,Method Not Allowed,547,321,0
6651,Mon Sep 07 00:15:51 BDT 2026,Mon Sep 07 00:15:52 BDT 2026,GET,https://tfctest-001-production.up.railway.app/admin?_rsc=%3Cxsl%3Avalue-of+select%3D%22system-property%28%27xsl%3Avendor%27%29%22%2F%3E,200,OK,544,431,283851
6652,Mon Sep 07 00:15:53 BDT 2026,Mon Sep 07 00:15:53 BDT 2026,POST,https://tfctest-001-production.up.railway.app/api/admin/products,200,OK,823,338,10
6653,Mon Sep 07 00:15:53 BDT 2026,Mon Sep 07 00:15:53 BDT 2026,GET,https://tfctest-001-production.up.railway.app/?_rsc=%3Cxsl%3Avalue-of+select%3D%22php%3Afunction%28%27exec%27%2C%27erroneous_command+2%3E%26amp%3B1%27%29%22%2F%3E,200,OK,539,428,984
6654,Mon Sep 07 00:15:53 BDT 2026,Mon Sep 07 00:15:54 BDT 2026,PATCH,https://tfctest-001-production.up.railway.app/api/admin/products/15,200,OK,812,338,11
6655,Mon Sep 07 00:15:53 BDT 2026,Mon Sep 07 00:15:54 BDT 2026,GET,https://tfctest-001-production.up.railway.app/products,404,Not Found,506,435,271
6656,Mon Sep 07 00:15:53 BDT 2026,Mon Sep 07 00:15:54 BDT 2026,GET,https://tfctest-001-production.up.railway.app/admin?tab=system-property%28%27xsl%3Avendor%27%29%2F%3E&_rsc=u5cN-QBuq4Vdenib,200,OK,1482,431,284301
6657,Mon Sep 07 00:15:53 BDT 2026,Mon Sep 07 00:15:54 BDT 2026,POST,https://tfctest-001-production.up.railway.app/api/admin/products,200,OK,830,338,10
6658,Mon Sep 07 00:15:53 BDT 2026,Mon Sep 07 00:15:54 BDT 2026,GET,https://tfctest-001-production.up.railway.app/checkout?_rsc=%3C,200,OK,563,429,1041
6659,Mon Sep 07 00:15:53 BDT 2026,Mon Sep 07 00:15:54 BDT 2026,GET,https://tfctest-001-production.up.railway.app/login?_rsc=%3C,200,OK,513,429,1038
6660,Mon Sep 07 00:15:54 BDT 2026,Mon Sep 07 00:15:55 BDT 2026,PATCH,https://tfctest-001-production.up.railway.app/api/admin/products/15,200,OK,971,338,11
6661,Mon Sep 07 00:15:54 BDT 2026,Mon Sep 07 00:15:55 BDT 2026,GET,https://tfctest-001-production.up.railway.app/products/1?_rsc=%3C,200,OK,531,429,1105
6662,Mon Sep 07 00:15:53 BDT 2026,Mon Sep 07 00:15:54 BDT 2026,GET,https://tfctest-001-production.up.railway.app/admin?_rsc=system-property%28%27xsl%3Avendor%27%29%2F%3E,200,OK,547,431,284643
6663,Mon Sep 07 00:15:54 BDT 2026,Mon Sep 07 00:15:55 BDT 2026,POST,https://tfctest-001-production.up.railway.app/api/admin/products,200,OK,958,338,10
6664,Mon Sep 07 00:15:54 BDT 2026,Mon Sep 07 00:15:55 BDT 2026,GET,https://tfctest-001-production.up.railway.app/checkout?_rsc=%3Cxsl%3Avalue-of+select%3D%22system-property%28%27xsl%3Avendor%27%29%22%2F%3E,200,OK,531,429,1041
6665,Mon Sep 07 00:15:54 BDT 2026,Mon Sep 07 00:15:55 BDT 2026,GET,https://tfctest-001-production.up.railway.app/products/10?_rsc=%3C,200,OK,531,429,4492
6666,Mon Sep 07 00:15:54 BDT 2026,Mon Sep 07 00:15:55 BDT 2026,GET,https://tfctest-001-production.up.railway.app/admin?tab=%22%2F%3E%3Cxsl%3Avalue-of+select%3D%22system-property%28%27xsl%3Avendor%27%29%22%2F%3E%3C%21--&_rsc=u5cN-QBuq4Vdenib,200,OK,1355,431,284960
6667,Mon Sep 07 00:15:54 BDT 2026,Mon Sep 07 00:15:55 BDT 2026,GET,https://tfctest-001-production.up.railway.app/login?_rsc=%3Cxsl%3Avalue-of+select%3D%22system-property%28%27xsl%3Avendor%27%29%22%2F%3E,200,OK,546,429,1038
6668,Mon Sep 07 00:15:55 BDT 2026,Mon Sep 07 00:15:56 BDT 2026,PATCH,https://tfctest-001-production.up.railway.app/api/admin/products/15,200,OK,858,338,11
6669,Mon Sep 07 00:15:55 BDT 2026,Mon Sep 07 00:15:55 BDT 2026,GET,https://tfctest-001-production.up.railway.app/products/1?_rsc=%3Cxsl%3Avalue-of+select%3D%22system-property%28%27xsl%3Avendor%27%29%22%2F%3E,200,OK,431,429,1105
6670,Mon Sep 07 00:15:55 BDT 2026,Mon Sep 07 00:15:56 BDT 2026,POST,https://tfctest-001-production.up.railway.app/api/admin/products,200,OK,830,338,10
6671,Mon Sep 07 00:15:56 BDT 2026,Mon Sep 07 00:15:56 BDT 2026,GET,https://tfctest-001-production.up.railway.app/login?_rsc=system-property%28%27xsl%3Avendor%27%29%2F%3E,200,OK,542,429,1038
6672,Mon Sep 07 00:15:55 BDT 2026,Mon Sep 07 00:15:56 BDT 2026,GET,https://tfctest-001-production.up.railway.app/checkout?_rsc=system-property%28%27xsl%3Avendor%27%29%2F%3E,200,OK,549,429,1041
6673,Mon Sep 07 00:15:56 BDT 2026,Mon Sep 07 00:15:57 BDT 2026,PATCH,https://tfctest-001-production.up.railway.app/api/admin/products/15,200,OK,945,338,11
6674,Mon Sep 07 00:15:55 BDT 2026,Mon Sep 07 00:15:56 BDT 2026,GET,https://tfctest-001-production.up.railway.app/products/10?_rsc=%3Cxsl%3Avalue-of+select%3D%22system-property%28%27xsl%3Avendor%27%29%22%2F%3E,200,OK,519,429,4492
6675,Mon Sep 07 00:15:56 BDT 2026,Mon Sep 07 00:15:56 BDT 2026,GET,https://tfctest-001-production.up.railway.app/products/1?_rsc=system-property%28%27xsl%3Avendor%27%29%2F%3E,200,OK,516,429,1105
6676,Mon Sep 07 00:15:55 BDT 2026,Mon Sep 07 00:15:56 BDT 2026,GET,https://tfctest-001-production.up.railway.app/admin?_rsc=%22%2F%3E%3Cxsl%3Avalue-of+select%3D%22system-property%28%27xsl%3Avendor%27%29%22%2F%3E%3C%21--,200,OK,540,431,285770
6677,Mon Sep 07 00:15:56 BDT 2026,Mon Sep 07 00:15:57 BDT 2026,GET,https://tfctest-001-production.up.railway.app/admin?tab=%3Cxsl%3Avalue-of+select%3D%22system-property%28%27xsl%3Avendor%27%29%22%2F%3E%3C%21--&_rsc=u5cN-QBuq4Vdenib,200,OK,1560,431,286011
6678,Mon Sep 07 00:15:57 BDT 2026,Mon Sep 07 00:15:57 BDT 2026,GET,https://tfctest-001-production.up.railway.app/login?_rsc=%22%2F%3E%3Cxsl%3Avalue-of+select%3D%22system-property%28%27xsl%3Avendor%27%29%22%2F%3E%3C%21--,200,OK,532,429,1038
6679,Mon Sep 07 00:15:57 BDT 2026,Mon Sep 07 00:15:57 BDT 2026,GET,https://tfctest-001-production.up.railway.app/checkout?_rsc=%22%2F%3E%3Cxsl%3Avalue-of+select%3D%22system-property%28%27xsl%3Avendor%27%29%22%2F%3E%3C%21--,200,OK,595,429,1041
6680,Mon Sep 07 00:15:57 BDT 2026,Mon Sep 07 00:15:57 BDT 2026,GET,https://tfctest-001-production.up.railway.app/products/2?_rsc=%3C,200,OK,532,429,1105
6681,Mon Sep 07 00:15:57 BDT 2026,Mon Sep 07 00:15:57 BDT 2026,GET,https://tfctest-001-production.up.railway.app/products/1?_rsc=%22%2F%3E%3Cxsl%3Avalue-of+select%3D%22system-property%28%27xsl%3Avendor%27%29%22%2F%3E%3C%21--,200,OK,532,429,1105
6682,Mon Sep 07 00:15:57 BDT 2026,Mon Sep 07 00:15:57 BDT 2026,GET,https://tfctest-001-production.up.railway.app/products/10?_rsc=system-property%28%27xsl%3Avendor%27%29%2F%3E,200,OK,517,429,4492
6683,Mon Sep 07 00:15:57 BDT 2026,Mon Sep 07 00:15:57 BDT 2026,GET,https://tfctest-001-production.up.railway.app/products/15?_rsc=%3C,200,OK,548,429,4478
6684,Mon Sep 07 00:15:57 BDT 2026,Mon Sep 07 00:15:58 BDT 2026,GET,https://tfctest-001-production.up.railway.app/admin?tab=%3Cxsl%3Avalue-of+select%3D%22document%28%27http%3A%2F%2Ftfctest-001-production.up.railway.app%3A22%27%29%22%2F%3E&_rsc=u5cN-QBuq4Vdenib,200,OK,1293,431,286126
6685,Mon Sep 07 00:15:58 BDT 2026,Mon Sep 07 00:15:58 BDT 2026,GET,https://tfctest-001-production.up.railway.app/login?_rsc=%3Cxsl%3Avalue-of+select%3D%22system-property%28%27xsl%3Avendor%27%29%22%2F%3E%3C%21--,200,OK,513,429,1038
6686,Mon Sep 07 00:15:58 BDT 2026,Mon Sep 07 00:15:58 BDT 2026,GET,https://tfctest-001-production.up.railway.app/checkout?_rsc=%3Cxsl%3Avalue-of+select%3D%22system-property%28%27xsl%3Avendor%27%29%22%2F%3E%3C%21--,200,OK,513,429,1041
6687,Mon Sep 07 00:15:57 BDT 2026,Mon Sep 07 00:15:58 BDT 2026,GET,https://tfctest-001-production.up.railway.app/admin?_rsc=%3Cxsl%3Avalue-of+select%3D%22system-property%28%27xsl%3Avendor%27%29%22%2F%3E%3C%21--,200,OK,525,431,285803
6688,Mon Sep 07 00:15:58 BDT 2026,Mon Sep 07 00:15:58 BDT 2026,GET,https://tfctest-001-production.up.railway.app/products/2?_rsc=%3Cxsl%3Avalue-of+select%3D%22system-property%28%27xsl%3Avendor%27%29%22%2F%3E,200,OK,513,429,1105
6689,Mon Sep 07 00:15:58 BDT 2026,Mon Sep 07 00:15:58 BDT 2026,GET,https://tfctest-001-production.up.railway.app/products/1?_rsc=%3Cxsl%3Avalue-of+select%3D%22system-property%28%27xsl%3Avendor%27%29%22%2F%3E%3C%21--,200,OK,524,429,1105
6690,Mon Sep 07 00:15:58 BDT 2026,Mon Sep 07 00:15:59 BDT 2026,GET,https://tfctest-001-production.up.railway.app/products/10?_rsc=%22%2F%3E%3Cxsl%3Avalue-of+select%3D%22system-property%28%27xsl%3Avendor%27%29%22%2F%3E%3C%21--,200,OK,525,429,4492
6691,Mon Sep 07 00:15:58 BDT 2026,Mon Sep 07 00:15:59 BDT 2026,GET,https://tfctest-001-production.up.railway.app/products/15?_rsc=%3Cxsl%3Avalue-of+select%3D%22system-property%28%27xsl%3Avendor%27%29%22%2F%3E,200,OK,501,429,4478
6692,Mon Sep 07 00:15:58 BDT 2026,Mon Sep 07 00:16:00 BDT 2026,GET,https://tfctest-001-production.up.railway.app/admin?tab=%3Cxsl%3Avariable+name%3D%22rtobject%22+select%3D%22runtime%3AgetRuntime%28%29%22%2F%3E%0A%3Cxsl%3Avariable+name%3D%22process%22+select%3D%22runtime%3Aexec%28%24rtobject%2C%27erroneous_command%27%29%22%2F%3E%0A%3Cxsl%3Avariable+name%3D%22waiting%22+select%3D%22process%3AwaitFor%28%24process%29%22%2F%3E%0A%3Cxsl%3Avalue-of+select%3D%22%24process%22%2F%3E&_rsc=u5cN-QBuq4Vdenib,200,OK,1307,431,286777
6693,Mon Sep 07 00:15:59 BDT 2026,Mon Sep 07 00:15:59 BDT 2026,GET,https://tfctest-001-production.up.railway.app/login?_rsc=%3Cxsl%3Avalue-of+select%3D%22document%28%27http%3A%2F%2Ftfctest-001-production.up.railway.app%3A22%27%29%22%2F%3E,200,OK,483,429,1038
6694,Mon Sep 07 00:15:59 BDT 2026,Mon Sep 07 00:15:59 BDT 2026,GET,https://tfctest-001-production.up.railway.app/checkout?_rsc=%3Cxsl%3Avalue-of+select%3D%22document%28%27http%3A%2F%2Ftfctest-001-production.up.railway.app%3A22%27%29%22%2F%3E,200,OK,516,429,1041
6695,Mon Sep 07 00:15:59 BDT 2026,Mon Sep 07 00:15:59 BDT 2026,GET,https://tfctest-001-production.up.railway.app/products/2?_rsc=system-property%28%27xsl%3Avendor%27%29%2F%3E,200,OK,511,429,1105
6696,Mon Sep 07 00:15:59 BDT 2026,Mon Sep 07 00:16:00 BDT 2026,GET,https://tfctest-001-production.up.railway.app/products/1?_rsc=%3Cxsl%3Avalue-of+select%3D%22document%28%27http%3A%2F%2Ftfctest-001-production.up.railway.app%3A22%27%29%22%2F%3E,200,OK,512,429,1105
6697,Mon Sep 07 00:15:59 BDT 2026,Mon Sep 07 00:16:00 BDT 2026,GET,https://tfctest-001-production.up.railway.app/products/10?_rsc=%3Cxsl%3Avalue-of+select%3D%22system-property%28%27xsl%3Avendor%27%29%22%2F%3E%3C%21--,200,OK,521,429,4492
6698,Mon Sep 07 00:15:59 BDT 2026,Mon Sep 07 00:16:00 BDT 2026,GET,https://tfctest-001-production.up.railway.app/products/15?_rsc=system-property%28%27xsl%3Avendor%27%29%2F%3E,200,OK,515,429,4478
6699,Mon Sep 07 00:15:59 BDT 2026,Mon Sep 07 00:15:59 BDT 2026,GET,https://tfctest-001-production.up.railway.app/admin?_rsc=%3Cxsl%3Avalue-of+select%3D%22document%28%27http%3A%2F%2Ftfctest-001-production.up.railway.app%3A22%27%29%22%2F%3E,200,OK,546,431,285803
6700,Mon Sep 07 00:16:00 BDT 2026,Mon Sep 07 00:16:00 BDT 2026,GET,https://tfctest-001-production.up.railway.app/checkout?_rsc=%3Cxsl%3Avariable+name%3D%22rtobject%22+select%3D%22runtime%3AgetRuntime%28%29%22%2F%3E%0A%3Cxsl%3Avariable+name%3D%22process%22+select%3D%22runtime%3Aexec%28%24rtobject%2C%27erroneous_command%27%29%22%2F%3E%0A%3Cxsl%3Avariable+name%3D%22waiting%22+select%3D%22process%3AwaitFor%28%24process%29%22%2F%3E%0A%3Cxsl%3Avalue-of+select%3D%22%24process%22%2F%3E,200,OK,519,429,1041
6701,Mon Sep 07 00:16:00 BDT 2026,Mon Sep 07 00:16:00 BDT 2026,GET,https://tfctest-001-production.up.railway.app/login?_rsc=%3Cxsl%3Avariable+name%3D%22rtobject%22+select%3D%22runtime%3AgetRuntime%28%29%22%2F%3E%0A%3Cxsl%3Avariable+name%3D%22process%22+select%3D%22runtime%3Aexec%28%24rtobject%2C%27erroneous_command%27%29%22%2F%3E%0A%3Cxsl%3Avariable+name%3D%22waiting%22+select%3D%22process%3AwaitFor%28%24process%29%22%2F%3E%0A%3Cxsl%3Avalue-of+select%3D%22%24process%22%2F%3E,200,OK,644,429,1038
6702,Mon Sep 07 00:16:00 BDT 2026,Mon Sep 07 00:16:01 BDT 2026,GET,https://tfctest-001-production.up.railway.app/products/2?_rsc=%22%2F%3E%3Cxsl%3Avalue-of+select%3D%22system-property%28%27xsl%3Avendor%27%29%22%2F%3E%3C%21--,200,OK,565,429,1105
6703,Mon Sep 07 00:16:00 BDT 2026,Mon Sep 07 00:16:01 BDT 2026,GET,https://tfctest-001-production.up.railway.app/products/1?_rsc=%3Cxsl%3Avariable+name%3D%22rtobject%22+select%3D%22runtime%3AgetRuntime%28%29%22%2F%3E%0A%3Cxsl%3Avariable+name%3D%22process%22+select%3D%22runtime%3Aexec%28%24rtobject%2C%27erroneous_command%27%29%22%2F%3E%0A%3Cxsl%3Avariable+name%3D%22waiting%22+select%3D%22process%3AwaitFor%28%24process%29%22%2F%3E%0A%3Cxsl%3Avalue-of+select%3D%22%24process%22%2F%3E,200,OK,516,429,1105
6704,Mon Sep 07 00:16:00 BDT 2026,Mon Sep 07 00:16:01 BDT 2026,GET,https://tfctest-001-production.up.railway.app/admin?tab=%3Cxsl%3Avalue-of+select%3D%22php%3Afunction%28%27exec%27%2C%27erroneous_command+2%3E%26amp%3B1%27%29%22%2F%3E&_rsc=u5cN-QBuq4Vdenib,200,OK,1527,431,286100
6705,Mon Sep 07 00:16:01 BDT 2026,Mon Sep 07 00:16:01 BDT 2026,GET,https://tfctest-001-production.up.railway.app/products/10?_rsc=%3Cxsl%3Avalue-of+select%3D%22document%28%27http%3A%2F%2Ftfctest-001-production.up.railway.app%3A22%27%29%22%2F%3E,200,OK,510,429,4492
6706,Mon Sep 07 00:16:01 BDT 2026,Mon Sep 07 00:16:01 BDT 2026,GET,https://tfctest-001-production.up.railway.app/checkout?_rsc=%3Cxsl%3Avalue-of+select%3D%22php%3Afunction%28%27exec%27%2C%27erroneous_command+2%3E%26amp%3B1%27%29%22%2F%3E,200,OK,516,429,1041
6707,Mon Sep 07 00:16:01 BDT 2026,Mon Sep 07 00:16:01 BDT 2026,GET,https://tfctest-001-production.up.railway.app/login?_rsc=%3Cxsl%3Avalue-of+select%3D%22php%3Afunction%28%27exec%27%2C%27erroneous_command+2%3E%26amp%3B1%27%29%22%2F%3E,200,OK,531,429,1038
6708,Mon Sep 07 00:16:01 BDT 2026,Mon Sep 07 00:16:01 BDT 2026,GET,https://tfctest-001-production.up.railway.app/products/15?_rsc=%22%2F%3E%3Cxsl%3Avalue-of+select%3D%22system-property%28%27xsl%3Avendor%27%29%22%2F%3E%3C%21--,200,OK,493,429,4478
6709,Mon Sep 07 00:16:01 BDT 2026,Mon Sep 07 00:16:02 BDT 2026,GET,https://tfctest-001-production.up.railway.app/products/1?_rsc=%3Cxsl%3Avalue-of+select%3D%22php%3Afunction%28%27exec%27%2C%27erroneous_command+2%3E%26amp%3B1%27%29%22%2F%3E,200,OK,491,429,1105
6710,Mon Sep 07 00:16:01 BDT 2026,Mon Sep 07 00:16:02 BDT 2026,GET,https://tfctest-001-production.up.railway.app/products/2?_rsc=%3Cxsl%3Avalue-of+select%3D%22system-property%28%27xsl%3Avendor%27%29%22%2F%3E%3C%21--,200,OK,521,429,1105
6711,Mon Sep 07 00:16:01 BDT 2026,Mon Sep 07 00:16:01 BDT 2026,GET,https://tfctest-001-production.up.railway.app/admin?_rsc=%3Cxsl%3Avariable+name%3D%22rtobject%22+select%3D%22runtime%3AgetRuntime%28%29%22%2F%3E%0A%3Cxsl%3Avariable+name%3D%22process%22+select%3D%22runtime%3Aexec%28%24rtobject%2C%27erroneous_command%27%29%22%2F%3E%0A%3Cxsl%3Avariable+name%3D%22waiting%22+select%3D%22process%3AwaitFor%28%24process%29%22%2F%3E%0A%3Cxsl%3Avalue-of+select%3D%22%24process%22%2F%3E,200,OK,513,431,285803
6712,Mon Sep 07 00:16:02 BDT 2026,Mon Sep 07 00:16:02 BDT 2026,GET,https://tfctest-001-production.up.railway.app/products/10?_rsc=%3Cxsl%3Avariable+name%3D%22rtobject%22+select%3D%22runtime%3AgetRuntime%28%29%22%2F%3E%0A%3Cxsl%3Avariable+name%3D%22process%22+select%3D%22runtime%3Aexec%28%24rtobject%2C%27erroneous_command%27%29%22%2F%3E%0A%3Cxsl%3Avariable+name%3D%22waiting%22+select%3D%22process%3AwaitFor%28%24process%29%22%2F%3E%0A%3Cxsl%3Avalue-of+select%3D%22%24process%22%2F%3E,200,OK,445,429,4492
6713,Mon Sep 07 00:16:02 BDT 2026,Mon Sep 07 00:16:03 BDT 2026,GET,https://tfctest-001-production.up.railway.app/products/3?_rsc=%3C,200,OK,523,429,1105
6714,Mon Sep 07 00:16:01 BDT 2026,Mon Sep 07 00:16:02 BDT 2026,GET,https://tfctest-001-production.up.railway.app/admin?tab=orders&_rsc=%3C,200,OK,523,430,11204
6715,Mon Sep 07 00:16:02 BDT 2026,Mon Sep 07 00:16:03 BDT 2026,GET,https://tfctest-001-production.up.railway.app/products/2?_rsc=%3Cxsl%3Avalue-of+select%3D%22document%28%27http%3A%2F%2Ftfctest-001-production.up.railway.app%3A22%27%29%22%2F%3E,200,OK,535,429,1105
6716,Mon Sep 07 00:16:02 BDT 2026,Mon Sep 07 00:16:03 BDT 2026,GET,https://tfctest-001-production.up.railway.app/products/5?_rsc=%3C,200,OK,550,429,1105
6717,Mon Sep 07 00:16:02 BDT 2026,Mon Sep 07 00:16:03 BDT 2026,GET,https://tfctest-001-production.up.railway.app/products/4?_rsc=%3C,200,OK,550,429,1105
6718,Mon Sep 07 00:16:02 BDT 2026,Mon Sep 07 00:16:03 BDT 2026,GET,https://tfctest-001-production.up.railway.app/products/15?_rsc=%3Cxsl%3Avalue-of+select%3D%22system-property%28%27xsl%3Avendor%27%29%22%2F%3E%3C%21--,200,OK,530,429,4478
6719,Mon Sep 07 00:16:03 BDT 2026,Mon Sep 07 00:16:04 BDT 2026,GET,https://tfctest-001-production.up.railway.app/products/3?_rsc=%3Cxsl%3Avalue-of+select%3D%22system-property%28%27xsl%3Avendor%27%29%22%2F%3E,200,OK,533,429,1105
6720,Mon Sep 07 00:16:03 BDT 2026,Mon Sep 07 00:16:03 BDT 2026,GET,https://tfctest-001-production.up.railway.app/products/10?_rsc=%3Cxsl%3Avalue-of+select%3D%22php%3Afunction%28%27exec%27%2C%27erroneous_command+2%3E%26amp%3B1%27%29%22%2F%3E,200,OK,620,429,4492
6721,Mon Sep 07 00:16:03 BDT 2026,Mon Sep 07 00:16:04 BDT 2026,GET,https://tfctest-001-production.up.railway.app/products/2?_rsc=%3Cxsl%3Avariable+name%3D%22rtobject%22+select%3D%22runtime%3AgetRuntime%28%29%22%2F%3E%0A%3Cxsl%3Avariable+name%3D%22process%22+select%3D%22runtime%3Aexec%28%24rtobject%2C%27erroneous_command%27%29%22%2F%3E%0A%3Cxsl%3Avariable+name%3D%22waiting%22+select%3D%22process%3AwaitFor%28%24process%29%22%2F%3E%0A%3Cxsl%3Avalue-of+select%3D%22%24process%22%2F%3E,200,OK,555,429,1105
6722,Mon Sep 07 00:16:03 BDT 2026,Mon Sep 07 00:16:04 BDT 2026,GET,https://tfctest-001-production.up.railway.app/products/4?_rsc=%3Cxsl%3Avalue-of+select%3D%22system-property%28%27xsl%3Avendor%27%29%22%2F%3E,200,OK,529,429,1105
6723,Mon Sep 07 00:16:03 BDT 2026,Mon Sep 07 00:16:04 BDT 2026,GET,https://tfctest-001-production.up.railway.app/products/5?_rsc=%3Cxsl%3Avalue-of+select%3D%22system-property%28%27xsl%3Avendor%27%29%22%2F%3E,200,OK,529,429,1105
6724,Mon Sep 07 00:16:03 BDT 2026,Mon Sep 07 00:16:03 BDT 2026,GET,https://tfctest-001-production.up.railway.app/admin?_rsc=%3Cxsl%3Avalue-of+select%3D%22php%3Afunction%28%27exec%27%2C%27erroneous_command+2%3E%26amp%3B1%27%29%22%2F%3E,200,OK,519,431,285803
6725,Mon Sep 07 00:16:03 BDT 2026,Mon Sep 07 00:16:04 BDT 2026,GET,https://tfctest-001-production.up.railway.app/products/15?_rsc=%3Cxsl%3Avalue-of+select%3D%22document%28%27http%3A%2F%2Ftfctest-001-production.up.railway.app%3A22%27%29%22%2F%3E,200,OK,537,429,4478
6726,Mon Sep 07 00:16:04 BDT 2026,Mon Sep 07 00:16:05 BDT 2026,GET,https://tfctest-001-production.up.railway.app/products/3?_rsc=system-property%28%27xsl%3Avendor%27%29%2F%3E,200,OK,502,429,1105
6727,Mon Sep 07 00:16:03 BDT 2026,Mon Sep 07 00:16:04 BDT 2026,GET,https://tfctest-001-production.up.railway.app/admin?tab=orders&_rsc=%3Cxsl%3Avalue-of+select%3D%22system-property%28%27xsl%3Avendor%27%29%22%2F%3E,200,OK,524,430,11204
6728,Mon Sep 07 00:16:04 BDT 2026,Mon Sep 07 00:16:05 BDT 2026,GET,https://tfctest-001-production.up.railway.app/products/6?_rsc=%3C,200,OK,525,428,332
6729,Mon Sep 07 00:16:04 BDT 2026,Mon Sep 07 00:16:05 BDT 2026,GET,https://tfctest-001-production.up.railway.app/products/2?_rsc=%3Cxsl%3Avalue-of+select%3D%22php%3Afunction%28%27exec%27%2C%27erroneous_command+2%3E%26amp%3B1%27%29%22%2F%3E,200,OK,540,429,1105
6730,Mon Sep 07 00:16:04 BDT 2026,Mon Sep 07 00:16:05 BDT 2026,GET,https://tfctest-001-production.up.railway.app/products/4?_rsc=system-property%28%27xsl%3Avendor%27%29%2F%3E,200,OK,519,429,1105
6731,Mon Sep 07 00:16:04 BDT 2026,Mon Sep 07 00:16:05 BDT 2026,GET,https://tfctest-001-production.up.railway.app/products/5?_rsc=system-property%28%27xsl%3Avendor%27%29%2F%3E,200,OK,628,429,1105
6732,Mon Sep 07 00:16:05 BDT 2026,Mon Sep 07 00:16:05 BDT 2026,GET,https://tfctest-001-production.up.railway.app/products/7?_rsc=%3C,200,OK,520,428,332
6733,Mon Sep 07 00:16:05 BDT 2026,Mon Sep 07 00:16:05 BDT 2026,GET,https://tfctest-001-production.up.railway.app/products/15?_rsc=%3Cxsl%3Avariable+name%3D%22rtobject%22+select%3D%22runtime%3AgetRuntime%28%29%22%2F%3E%0A%3Cxsl%3Avariable+name%3D%22process%22+select%3D%22runtime%3Aexec%28%24rtobject%2C%27erroneous_command%27%29%22%2F%3E%0A%3Cxsl%3Avariable+name%3D%22waiting%22+select%3D%22process%3AwaitFor%28%24process%29%22%2F%3E%0A%3Cxsl%3Avalue-of+select%3D%22%24process%22%2F%3E,200,OK,536,429,4478
6734,Mon Sep 07 00:16:05 BDT 2026,Mon Sep 07 00:16:06 BDT 2026,GET,https://tfctest-001-production.up.railway.app/products/3?_rsc=%22%2F%3E%3Cxsl%3Avalue-of+select%3D%22system-property%28%27xsl%3Avendor%27%29%22%2F%3E%3C%21--,200,OK,534,429,1105
6735,Mon Sep 07 00:16:05 BDT 2026,Mon Sep 07 00:16:06 BDT 2026,GET,https://tfctest-001-production.up.railway.app/products/6?_rsc=%3Cxsl%3Avalue-of+select%3D%22system-property%28%27xsl%3Avendor%27%29%22%2F%3E,200,OK,548,428,332
6736,Mon Sep 07 00:16:06 BDT 2026,Mon Sep 07 00:16:06 BDT 2026,GET,https://tfctest-001-production.up.railway.app/products/8?_rsc=%3C,200,OK,508,429,1105
6737,Mon Sep 07 00:16:05 BDT 2026,Mon Sep 07 00:16:06 BDT 2026,GET,https://tfctest-001-production.up.railway.app/products/4?_rsc=%22%2F%3E%3Cxsl%3Avalue-of+select%3D%22system-property%28%27xsl%3Avendor%27%29%22%2F%3E%3C%21--,200,OK,523,429,1105
6738,Mon Sep 07 00:16:06 BDT 2026,Mon Sep 07 00:16:06 BDT 2026,GET,https://tfctest-001-production.up.railway.app/products/5?_rsc=%22%2F%3E%3Cxsl%3Avalue-of+select%3D%22system-property%28%27xsl%3Avendor%27%29%22%2F%3E%3C%21--,200,OK,543,429,1105
6739,Mon Sep 07 00:16:06 BDT 2026,Mon Sep 07 00:16:06 BDT 2026,GET,https://tfctest-001-production.up.railway.app/products/7?_rsc=%3Cxsl%3Avalue-of+select%3D%22system-property%28%27xsl%3Avendor%27%29%22%2F%3E,200,OK,525,428,332
6740,Mon Sep 07 00:16:05 BDT 2026,Mon Sep 07 00:16:06 BDT 2026,GET,https://tfctest-001-production.up.railway.app/admin?tab=orders&_rsc=system-property%28%27xsl%3Avendor%27%29%2F%3E,200,OK,503,430,11204
6741,Mon Sep 07 00:16:06 BDT 2026,Mon Sep 07 00:16:06 BDT 2026,GET,https://tfctest-001-production.up.railway.app/products/15?_rsc=%3Cxsl%3Avalue-of+select%3D%22php%3Afunction%28%27exec%27%2C%27erroneous_command+2%3E%26amp%3B1%27%29%22%2F%3E,200,OK,488,429,4478
6742,Mon Sep 07 00:16:06 BDT 2026,Mon Sep 07 00:16:07 BDT 2026,GET,https://tfctest-001-production.up.railway.app/products/3?_rsc=%3Cxsl%3Avalue-of+select%3D%22system-property%28%27xsl%3Avendor%27%29%22%2F%3E%3C%21--,200,OK,515,429,1105
6743,Mon Sep 07 00:16:06 BDT 2026,Mon Sep 07 00:16:07 BDT 2026,GET,https://tfctest-001-production.up.railway.app/products/6?_rsc=system-property%28%27xsl%3Avendor%27%29%2F%3E,200,OK,576,428,332
6744,Mon Sep 07 00:16:07 BDT 2026,Mon Sep 07 00:16:07 BDT 2026,GET,https://tfctest-001-production.up.railway.app/products/4?_rsc=%3Cxsl%3Avalue-of+select%3D%22system-property%28%27xsl%3Avendor%27%29%22%2F%3E%3C%21--,200,OK,551,429,1105
6745,Mon Sep 07 00:16:07 BDT 2026,Mon Sep 07 00:16:07 BDT 2026,GET,https://tfctest-001-production.up.railway.app/products/8?_rsc=%3Cxsl%3Avalue-of+select%3D%22system-property%28%27xsl%3Avendor%27%29%22%2F%3E,200,OK,691,429,1105
6746,Mon Sep 07 00:16:07 BDT 2026,Mon Sep 07 00:16:07 BDT 2026,GET,https://tfctest-001-production.up.railway.app/products/5?_rsc=%3Cxsl%3Avalue-of+select%3D%22system-property%28%27xsl%3Avendor%27%29%22%2F%3E%3C%21--,200,OK,570,429,1105
6747,Mon Sep 07 00:16:07 BDT 2026,Mon Sep 07 00:16:07 BDT 2026,GET,https://tfctest-001-production.up.railway.app/products/7?_rsc=system-property%28%27xsl%3Avendor%27%29%2F%3E,200,OK,515,428,332
6748,Mon Sep 07 00:16:07 BDT 2026,Mon Sep 07 00:16:08 BDT 2026,GET,https://tfctest-001-production.up.railway.app/products/3?_rsc=%3Cxsl%3Avalue-of+select%3D%22document%28%27http%3A%2F%2Ftfctest-001-production.up.railway.app%3A22%27%29%22%2F%3E,200,OK,535,429,1105
6749,Mon Sep 07 00:16:07 BDT 2026,Mon Sep 07 00:16:08 BDT 2026,GET,https://tfctest-001-production.up.railway.app/products/9?_rsc=%3C,200,OK,506,429,1105
6750,Mon Sep 07 00:16:08 BDT 2026,Mon Sep 07 00:16:08 BDT 2026,GET,https://tfctest-001-production.up.railway.app/products/6?_rsc=%22%2F%3E%3Cxsl%3Avalue-of+select%3D%22system-property%28%27xsl%3Avendor%27%29%22%2F%3E%3C%21--,200,OK,506,428,332
6751,Mon Sep 07 00:16:08 BDT 2026,Mon Sep 07 00:16:08 BDT 2026,GET,https://tfctest-001-production.up.railway.app/products/4?_rsc=%3Cxsl%3Avalue-of+select%3D%22document%28%27http%3A%2F%2Ftfctest-001-production.up.railway.app%3A22%27%29%22%2F%3E,200,OK,552,429,1105
6752,Mon Sep 07 00:16:08 BDT 2026,Mon Sep 07 00:16:08 BDT 2026,GET,https://tfctest-001-production.up.railway.app/products/8?_rsc=system-property%28%27xsl%3Avendor%27%29%2F%3E,200,OK,507,429,1105
6753,Mon Sep 07 00:16:08 BDT 2026,Mon Sep 07 00:16:08 BDT 2026,GET,https://tfctest-001-production.up.railway.app/products/5?_rsc=%3Cxsl%3Avalue-of+select%3D%22document%28%27http%3A%2F%2Ftfctest-001-production.up.railway.app%3A22%27%29%22%2F%3E,200,OK,538,429,1105
6754,Mon Sep 07 00:16:08 BDT 2026,Mon Sep 07 00:16:08 BDT 2026,GET,https://tfctest-001-production.up.railway.app/products/7?_rsc=%22%2F%3E%3Cxsl%3Avalue-of+select%3D%22system-property%28%27xsl%3Avendor%27%29%22%2F%3E%3C%21--,200,OK,521,428,332
6755,Mon Sep 07 00:16:07 BDT 2026,Mon Sep 07 00:16:08 BDT 2026,GET,https://tfctest-001-production.up.railway.app/admin?tab=orders&_rsc=%22%2F%3E%3Cxsl%3Avalue-of+select%3D%22system-property%28%27xsl%3Avendor%27%29%22%2F%3E%3C%21--,200,OK,531,430,11204
6756,Mon Sep 07 00:16:08 BDT 2026,Mon Sep 07 00:16:09 BDT 2026,GET,https://tfctest-001-production.up.railway.app/products/3?_rsc=%3Cxsl%3Avariable+name%3D%22rtobject%22+select%3D%22runtime%3AgetRuntime%28%29%22%2F%3E%0A%3Cxsl%3Avariable+name%3D%22process%22+select%3D%22runtime%3Aexec%28%24rtobject%2C%27erroneous_command%27%29%22%2F%3E%0A%3Cxsl%3Avariable+name%3D%22waiting%22+select%3D%22process%3AwaitFor%28%24process%29%22%2F%3E%0A%3Cxsl%3Avalue-of+select%3D%22%24process%22%2F%3E,200,OK,521,429,1105
6757,Mon Sep 07 00:16:08 BDT 2026,Mon Sep 07 00:16:09 BDT 2026,GET,https://tfctest-001-production.up.railway.app/products/9?_rsc=%3Cxsl%3Avalue-of+select%3D%22system-property%28%27xsl%3Avendor%27%29%22%2F%3E,200,OK,505,429,1105
6758,Mon Sep 07 00:16:09 BDT 2026,Mon Sep 07 00:16:09 BDT 2026,GET,https://tfctest-001-production.up.railway.app/products/6?_rsc=%3Cxsl%3Avalue-of+select%3D%22system-property%28%27xsl%3Avendor%27%29%22%2F%3E%3C%21--,200,OK,526,428,332
6759,Mon Sep 07 00:16:09 BDT 2026,Mon Sep 07 00:16:09 BDT 2026,GET,https://tfctest-001-production.up.railway.app/products/4?_rsc=%3Cxsl%3Avariable+name%3D%22rtobject%22+select%3D%22runtime%3AgetRuntime%28%29%22%2F%3E%0A%3Cxsl%3Avariable+name%3D%22process%22+select%3D%22runtime%3Aexec%28%24rtobject%2C%27erroneous_command%27%29%22%2F%3E%0A%3Cxsl%3Avariable+name%3D%22waiting%22+select%3D%22process%3AwaitFor%28%24process%29%22%2F%3E%0A%3Cxsl%3Avalue-of+select%3D%22%24process%22%2F%3E,200,OK,543,429,1105
6760,Mon Sep 07 00:16:09 BDT 2026,Mon Sep 07 00:16:09 BDT 2026,GET,https://tfctest-001-production.up.railway.app/products/8?_rsc=%22%2F%3E%3Cxsl%3Avalue-of+select%3D%22system-property%28%27xsl%3Avendor%27%29%22%2F%3E%3C%21--,200,OK,506,429,1105
6761,Mon Sep 07 00:16:09 BDT 2026,Mon Sep 07 00:16:09 BDT 2026,GET,https://tfctest-001-production.up.railway.app/products/5?_rsc=%3Cxsl%3Avariable+name%3D%22rtobject%22+select%3D%22runtime%3AgetRuntime%28%29%22%2F%3E%0A%3Cxsl%3Avariable+name%3D%22process%22+select%3D%22runtime%3Aexec%28%24rtobject%2C%27erroneous_command%27%29%22%2F%3E%0A%3Cxsl%3Avariable+name%3D%22waiting%22+select%3D%22process%3AwaitFor%28%24process%29%22%2F%3E%0A%3Cxsl%3Avalue-of+select%3D%22%24process%22%2F%3E,200,OK,522,429,1105
6762,Mon Sep 07 00:16:09 BDT 2026,Mon Sep 07 00:16:09 BDT 2026,GET,https://tfctest-001-production.up.railway.app/products/7?_rsc=%3Cxsl%3Avalue-of+select%3D%22system-property%28%27xsl%3Avendor%27%29%22%2F%3E%3C%21--,200,OK,516,428,332
6763,Mon Sep 07 00:16:09 BDT 2026,Mon Sep 07 00:16:10 BDT 2026,GET,https://tfctest-001-production.up.railway.app/products/3?_rsc=%3Cxsl%3Avalue-of+select%3D%22php%3Afunction%28%27exec%27%2C%27erroneous_command+2%3E%26amp%3B1%27%29%22%2F%3E,200,OK,502,429,1105
6764,Mon Sep 07 00:16:09 BDT 2026,Mon Sep 07 00:16:10 BDT 2026,GET,https://tfctest-001-production.up.railway.app/products/9?_rsc=system-property%28%27xsl%3Avendor%27%29%2F%3E,200,OK,548,429,1105
6765,Mon Sep 07 00:16:10 BDT 2026,Mon Sep 07 00:16:10 BDT 2026,GET,https://tfctest-001-production.up.railway.app/products/6?_rsc=%3Cxsl%3Avalue-of+select%3D%22document%28%27http%3A%2F%2Ftfctest-001-production.up.railway.app%3A22%27%29%22%2F%3E,200,OK,531,428,332
6766,Mon Sep 07 00:16:10 BDT 2026,Mon Sep 07 00:16:10 BDT 2026,GET,https://tfctest-001-production.up.railway.app/products/4?_rsc=%3Cxsl%3Avalue-of+select%3D%22php%3Afunction%28%27exec%27%2C%27erroneous_command+2%3E%26amp%3B1%27%29%22%2F%3E,200,OK,500,429,1105
6767,Mon Sep 07 00:16:10 BDT 2026,Mon Sep 07 00:16:10 BDT 2026,GET,https://tfctest-001-production.up.railway.app/products/8?_rsc=%3Cxsl%3Avalue-of+select%3D%22system-property%28%27xsl%3Avendor%27%29%22%2F%3E%3C%21--,200,OK,515,429,1105
6768,Mon Sep 07 00:16:10 BDT 2026,Mon Sep 07 00:16:11 BDT 2026,GET,https://tfctest-001-production.up.railway.app/products/5?_rsc=%3Cxsl%3Avalue-of+select%3D%22php%3Afunction%28%27exec%27%2C%27erroneous_command+2%3E%26amp%3B1%27%29%22%2F%3E,200,OK,594,429,1105
6769,Mon Sep 07 00:16:10 BDT 2026,Mon Sep 07 00:16:11 BDT 2026,GET,https://tfctest-001-production.up.railway.app/products/7?_rsc=%3Cxsl%3Avalue-of+select%3D%22document%28%27http%3A%2F%2Ftfctest-001-production.up.railway.app%3A22%27%29%22%2F%3E,200,OK,516,428,332
6770,Mon Sep 07 00:16:11 BDT 2026,Mon Sep 07 00:16:11 BDT 2026,GET,https://tfctest-001-production.up.railway.app/products/9?_rsc=%22%2F%3E%3Cxsl%3Avalue-of+select%3D%22system-property%28%27xsl%3Avendor%27%29%22%2F%3E%3C%21--,200,OK,515,429,1105
6771,Mon Sep 07 00:16:11 BDT 2026,Mon Sep 07 00:16:11 BDT 2026,GET,https://tfctest-001-production.up.railway.app/products/6?_rsc=%3Cxsl%3Avariable+name%3D%22rtobject%22+select%3D%22runtime%3AgetRuntime%28%29%22%2F%3E%0A%3Cxsl%3Avariable+name%3D%22process%22+select%3D%22runtime%3Aexec%28%24rtobject%2C%27erroneous_command%27%29%22%2F%3E%0A%3Cxsl%3Avariable+name%3D%22waiting%22+select%3D%22process%3AwaitFor%28%24process%29%22%2F%3E%0A%3Cxsl%3Avalue-of+select%3D%22%24process%22%2F%3E,200,OK,515,428,332
6772,Mon Sep 07 00:16:11 BDT 2026,Mon Sep 07 00:16:11 BDT 2026,GET,https://tfctest-001-production.up.railway.app/products/8?_rsc=%3Cxsl%3Avalue-of+select%3D%22document%28%27http%3A%2F%2Ftfctest-001-production.up.railway.app%3A22%27%29%22%2F%3E,200,OK,484,429,1105
6773,Mon Sep 07 00:16:11 BDT 2026,Mon Sep 07 00:16:12 BDT 2026,GET,https://tfctest-001-production.up.railway.app/products/7?_rsc=%3Cxsl%3Avariable+name%3D%22rtobject%22+select%3D%22runtime%3AgetRuntime%28%29%22%2F%3E%0A%3Cxsl%3Avariable+name%3D%22process%22+select%3D%22runtime%3Aexec%28%24rtobject%2C%27erroneous_command%27%29%22%2F%3E%0A%3Cxsl%3Avariable+name%3D%22waiting%22+select%3D%22process%3AwaitFor%28%24process%29%22%2F%3E%0A%3Cxsl%3Avalue-of+select%3D%22%24process%22%2F%3E,200,OK,500,428,332
6774,Mon Sep 07 00:16:12 BDT 2026,Mon Sep 07 00:16:12 BDT 2026,GET,https://tfctest-001-production.up.railway.app/products/9?_rsc=%3Cxsl%3Avalue-of+select%3D%22system-property%28%27xsl%3Avendor%27%29%22%2F%3E%3C%21--,200,OK,528,429,1105
6775,Mon Sep 07 00:16:12 BDT 2026,Mon Sep 07 00:16:12 BDT 2026,GET,https://tfctest-001-production.up.railway.app/products/6?_rsc=%3Cxsl%3Avalue-of+select%3D%22php%3Afunction%28%27exec%27%2C%27erroneous_command+2%3E%26amp%3B1%27%29%22%2F%3E,200,OK,504,428,332
6776,Mon Sep 07 00:16:12 BDT 2026,Mon Sep 07 00:16:12 BDT 2026,GET,https://tfctest-001-production.up.railway.app/products/8?_rsc=%3Cxsl%3Avariable+name%3D%22rtobject%22+select%3D%22runtime%3AgetRuntime%28%29%22%2F%3E%0A%3Cxsl%3Avariable+name%3D%22process%22+select%3D%22runtime%3Aexec%28%24rtobject%2C%27erroneous_command%27%29%22%2F%3E%0A%3Cxsl%3Avariable+name%3D%22waiting%22+select%3D%22process%3AwaitFor%28%24process%29%22%2F%3E%0A%3Cxsl%3Avalue-of+select%3D%22%24process%22%2F%3E,200,OK,535,429,1105
6777,Mon Sep 07 00:16:12 BDT 2026,Mon Sep 07 00:16:13 BDT 2026,GET,https://tfctest-001-production.up.railway.app/products/7?_rsc=%3Cxsl%3Avalue-of+select%3D%22php%3Afunction%28%27exec%27%2C%27erroneous_command+2%3E%26amp%3B1%27%29%22%2F%3E,200,OK,551,428,332
6778,Mon Sep 07 00:16:13 BDT 2026,Mon Sep 07 00:16:13 BDT 2026,GET,https://tfctest-001-production.up.railway.app/products/9?_rsc=%3Cxsl%3Avalue-of+select%3D%22document%28%27http%3A%2F%2Ftfctest-001-production.up.railway.app%3A22%27%29%22%2F%3E,200,OK,500,429,1105
6779,Mon Sep 07 00:16:13 BDT 2026,Mon Sep 07 00:16:14 BDT 2026,GET,https://tfctest-001-production.up.railway.app/products/8?_rsc=%3Cxsl%3Avalue-of+select%3D%22php%3Afunction%28%27exec%27%2C%27erroneous_command+2%3E%26amp%3B1%27%29%22%2F%3E,200,OK,516,429,1105
6780,Mon Sep 07 00:16:14 BDT 2026,Mon Sep 07 00:16:14 BDT 2026,GET,https://tfctest-001-production.up.railway.app/products/9?_rsc=%3Cxsl%3Avariable+name%3D%22rtobject%22+select%3D%22runtime%3AgetRuntime%28%29%22%2F%3E%0A%3Cxsl%3Avariable+name%3D%22process%22+select%3D%22runtime%3Aexec%28%24rtobject%2C%27erroneous_command%27%29%22%2F%3E%0A%3Cxsl%3Avariable+name%3D%22waiting%22+select%3D%22process%3AwaitFor%28%24process%29%22%2F%3E%0A%3Cxsl%3Avalue-of+select%3D%22%24process%22%2F%3E,200,OK,505,429,1105
6781,Mon Sep 07 00:16:15 BDT 2026,Mon Sep 07 00:16:15 BDT 2026,GET,https://tfctest-001-production.up.railway.app/products/9?_rsc=%3Cxsl%3Avalue-of+select%3D%22php%3Afunction%28%27exec%27%2C%27erroneous_command+2%3E%26amp%3B1%27%29%22%2F%3E,200,OK,504,429,1105
6782,Mon Sep 07 00:16:16 BDT 2026,Mon Sep 07 00:16:16 BDT 2026,GET,http://tfctest-001-production.up.railway.app/?_rsc=sW2A7HEmFQnSVIMx,301,Moved Permanently,153,212,0
6783,Mon Sep 07 00:16:16 BDT 2026,Mon Sep 07 00:16:16 BDT 2026,PATCH,http://tfctest-001-production.up.railway.app/api/admin/orders/1a19a224-88c5-44b5-a3f6-95c7faaaed85,301,Moved Permanently,178,238,0
6784,Mon Sep 07 00:16:16 BDT 2026,Mon Sep 07 00:16:16 BDT 2026,PATCH,http://tfctest-001-production.up.railway.app/api/admin/orders/24f10235-3943-4c1d-916f-f8a56cf92994,301,Moved Permanently,194,238,0
6785,Mon Sep 07 00:16:16 BDT 2026,Mon Sep 07 00:16:16 BDT 2026,PATCH,http://tfctest-001-production.up.railway.app/api/admin/orders/79620a19-f2c4-428e-a717-5109bc688566,301,Moved Permanently,187,238,0
6786,Mon Sep 07 00:16:16 BDT 2026,Mon Sep 07 00:16:16 BDT 2026,GET,http://tfctest-001-production.up.railway.app/,301,Moved Permanently,179,190,0
6787,Mon Sep 07 00:16:16 BDT 2026,Mon Sep 07 00:16:16 BDT 2026,POST,http://tfctest-001-production.up.railway.app/api/admin/products,301,Moved Permanently,179,203,0
6788,Mon Sep 07 00:16:16 BDT 2026,Mon Sep 07 00:16:16 BDT 2026,PATCH,http://tfctest-001-production.up.railway.app/api/admin/products/15,301,Moved Permanently,172,206,0
6789,Mon Sep 07 00:16:16 BDT 2026,Mon Sep 07 00:16:17 BDT 2026,GET,https://tfctest-001-production.up.railway.app,200,OK,1605,536,1033562
6790,Mon Sep 07 00:16:18 BDT 2026,Mon Sep 07 00:16:18 BDT 2026,GET,http://tfctest-001-production.up.railway.app,301,Moved Permanently,94,190,0
6791,Mon Sep 07 00:16:17 BDT 2026,Mon Sep 07 00:16:18 BDT 2026,GET,https://tfctest-001-production.up.railway.app/_next,404,Not Found,521,361,9
6792,Mon Sep 07 00:16:18 BDT 2026,Mon Sep 07 00:16:18 BDT 2026,GET,https://tfctest-001-production.up.railway.app/_next/static,404,Not Found,546,361,9
6793,Mon Sep 07 00:16:18 BDT 2026,Mon Sep 07 00:16:19 BDT 2026,GET,https://tfctest-001-production.up.railway.app/_next/static/chunks,404,Not Found,516,361,9
6794,Mon Sep 07 00:16:19 BDT 2026,Mon Sep 07 00:16:19 BDT 2026,GET,http://tfctest-001-production.up.railway.app/_next/static/chunks/0a5-2ukdkoc3b.js,301,Moved Permanently,93,226,0
6795,Mon Sep 07 00:16:19 BDT 2026,Mon Sep 07 00:16:19 BDT 2026,GET,http://tfctest-001-production.up.railway.app/_next/static/chunks/0lbww56aoo77h.js,301,Moved Permanently,94,226,0
6796,Mon Sep 07 00:16:19 BDT 2026,Mon Sep 07 00:16:19 BDT 2026,GET,http://tfctest-001-production.up.railway.app/_next/static/chunks/2mmpezlrfmbu5.js,301,Moved Permanently,175,226,0
6797,Mon Sep 07 00:16:19 BDT 2026,Mon Sep 07 00:16:19 BDT 2026,GET,http://tfctest-001-production.up.railway.app/_next/static/chunks/22hkep6-doxxi.js,301,Moved Permanently,175,226,0
6798,Mon Sep 07 00:16:19 BDT 2026,Mon Sep 07 00:16:19 BDT 2026,GET,http://tfctest-001-production.up.railway.app/_next/static/chunks/2kf_-s-7rti4r.js,301,Moved Permanently,173,226,0
6799,Mon Sep 07 00:16:19 BDT 2026,Mon Sep 07 00:16:19 BDT 2026,GET,http://tfctest-001-production.up.railway.app/_next/static/chunks/310vm2bl3xxpt.js,301,Moved Permanently,173,226,0
6800,Mon Sep 07 00:16:19 BDT 2026,Mon Sep 07 00:16:19 BDT 2026,GET,http://tfctest-001-production.up.railway.app/_next/static/chunks/0kodok19bfv-z.css,301,Moved Permanently,173,227,0
6801,Mon Sep 07 00:16:19 BDT 2026,Mon Sep 07 00:16:19 BDT 2026,GET,http://tfctest-001-production.up.railway.app/_next/static/chunks/04mv_fcnqlctk.js,301,Moved Permanently,164,226,0
6802,Mon Sep 07 00:16:19 BDT 2026,Mon Sep 07 00:16:19 BDT 2026,GET,http://tfctest-001-production.up.railway.app/_next/static/chunks/turbopack-0n_bhld6oxte9.js,301,Moved Permanently,79,236,0
6803,Mon Sep 07 00:16:19 BDT 2026,Mon Sep 07 00:16:19 BDT 2026,GET,http://tfctest-001-production.up.railway.app/_next/static/chunks/453agz8dp9n5m.js,301,Moved Permanently,94,226,0
6804,Mon Sep 07 00:16:19 BDT 2026,Mon Sep 07 00:16:19 BDT 2026,GET,http://tfctest-001-production.up.railway.app/_next/static/chunks/3byuobrkyz9bj.js,301,Moved Permanently,91,226,0
6805,Mon Sep 07 00:16:19 BDT 2026,Mon Sep 07 00:16:19 BDT 2026,GET,http://tfctest-001-production.up.railway.app/_next/static/chunks/3voe6zs_a01kl.js,301,Moved Permanently,92,226,0
6806,Mon Sep 07 00:16:19 BDT 2026,Mon Sep 07 00:16:19 BDT 2026,GET,http://tfctest-001-production.up.railway.app/_next/static/chunks/3xlv20160_xqf.js,301,Moved Permanently,92,226,0
6807,Mon Sep 07 00:16:19 BDT 2026,Mon Sep 07 00:16:19 BDT 2026,GET,http://tfctest-001-production.up.railway.app/admin?tab=orders&_rsc=u5cN-QBuq4Vdenib,301,Moved Permanently,106,228,0
6808,Mon Sep 07 00:16:19 BDT 2026,Mon Sep 07 00:16:19 BDT 2026,GET,http://tfctest-001-production.up.railway.app/admin?_rsc=u5cN-QBuq4Vdenib,301,Moved Permanently,106,217,0
6809,Mon Sep 07 00:16:19 BDT 2026,Mon Sep 07 00:16:20 BDT 2026,GET,https://tfctest-001-production.up.railway.app/api,404,Not Found,754,541,11478
6810,Mon Sep 07 00:16:20 BDT 2026,Mon Sep 07 00:16:21 BDT 2026,GET,https://tfctest-001-production.up.railway.app/api/admin,404,Not Found,756,541,11488
6811,Mon Sep 07 00:16:21 BDT 2026,Mon Sep 07 00:16:22 BDT 2026,GET,https://tfctest-001-production.up.railway.app/api/admin/orders,404,Not Found,766,541,11499
6812,Mon Sep 07 00:16:22 BDT 2026,Mon Sep 07 00:16:22 BDT 2026,GET,https://tfctest-001-production.up.railway.app/api/admin/products,405,Method Not Allowed,537,321,0
6813,Mon Sep 07 00:16:22 BDT 2026,Mon Sep 07 00:16:22 BDT 2026,GET,http://tfctest-001-production.up.railway.app/login,301,Moved Permanently,94,195,0
6814,Mon Sep 07 00:16:22 BDT 2026,Mon Sep 07 00:16:22 BDT 2026,GET,http://tfctest-001-production.up.railway.app/login?_rsc=sW2A7HEmFQnSVIMx,301,Moved Permanently,108,217,0
6815,Mon Sep 07 00:16:22 BDT 2026,Mon Sep 07 00:16:22 BDT 2026,GET,http://tfctest-001-production.up.railway.app/checkout?_rsc=sW2A7HEmFQnSVIMx,301,Moved Permanently,108,220,0
6816,Mon Sep 07 00:16:22 BDT 2026,Mon Sep 07 00:16:23 BDT 2026,GET,https://tfctest-001-production.up.railway.app/products,404,Not Found,527,435,271
6817,Mon Sep 07 00:16:23 BDT 2026,Mon Sep 07 00:16:23 BDT 2026,GET,http://tfctest-001-production.up.railway.app/products/1?_rsc=tXyZJ52UQVBCVsD3,301,Moved Permanently,78,222,0
6818,Mon Sep 07 00:16:23 BDT 2026,Mon Sep 07 00:16:23 BDT 2026,GET,http://tfctest-001-production.up.railway.app/products/15?_rsc=ZDQZHGPZ_EigqIga,301,Moved Permanently,78,223,0
6819,Mon Sep 07 00:16:23 BDT 2026,Mon Sep 07 00:16:23 BDT 2026,GET,http://tfctest-001-production.up.railway.app/products/2?_rsc=tXyZJ52UQVBCVsD3,301,Moved Permanently,110,222,0
6820,Mon Sep 07 00:16:23 BDT 2026,Mon Sep 07 00:16:23 BDT 2026,GET,http://tfctest-001-production.up.railway.app/products/5?_rsc=tXyZJ52UQVBCVsD3,301,Moved Permanently,110,222,0
6821,Mon Sep 07 00:16:23 BDT 2026,Mon Sep 07 00:16:23 BDT 2026,GET,http://tfctest-001-production.up.railway.app/products/4?_rsc=tXyZJ52UQVBCVsD3,301,Moved Permanently,107,222,0
6822,Mon Sep 07 00:16:23 BDT 2026,Mon Sep 07 00:16:23 BDT 2026,GET,http://tfctest-001-production.up.railway.app/products/15,301,Moved Permanently,106,201,0
6823,Mon Sep 07 00:16:23 BDT 2026,Mon Sep 07 00:16:23 BDT 2026,GET,http://tfctest-001-production.up.railway.app/products/3?_rsc=tXyZJ52UQVBCVsD3,301,Moved Permanently,106,222,0
6824,Mon Sep 07 00:16:23 BDT 2026,Mon Sep 07 00:16:23 BDT 2026,GET,http://tfctest-001-production.up.railway.app/products/10?_rsc=2hBWap-TNtn-h8MG,301,Moved Permanently,78,223,0
6825,Mon Sep 07 00:16:23 BDT 2026,Mon Sep 07 00:16:23 BDT 2026,GET,http://tfctest-001-production.up.railway.app/products/9?_rsc=tXyZJ52UQVBCVsD3,301,Moved Permanently,82,222,0
6826,Mon Sep 07 00:16:23 BDT 2026,Mon Sep 07 00:16:23 BDT 2026,GET,http://tfctest-001-production.up.railway.app/products/8?_rsc=tXyZJ52UQVBCVsD3,301,Moved Permanently,82,222,0
6827,Mon Sep 07 00:16:23 BDT 2026,Mon Sep 07 00:16:23 BDT 2026,GET,http://tfctest-001-production.up.railway.app/products/6?_rsc=5CB68i4pnAekjehf,301,Moved Permanently,82,222,0
6828,Mon Sep 07 00:16:23 BDT 2026,Mon Sep 07 00:16:23 BDT 2026,GET,http://tfctest-001-production.up.railway.app/products/7?_rsc=5CB68i4pnAekjehf,301,Moved Permanently,89,222,0
6829,Mon Sep 07 00:16:23 BDT 2026,Mon Sep 07 00:16:25 BDT 2026,GET,https://tfctest-001-production.up.railway.app,200,OK,1660,536,1033562
6830,Mon Sep 07 00:16:25 BDT 2026,Mon Sep 07 00:16:25 BDT 2026,GET,https://tfctest-001-production.up.railway.app/_next,404,Not Found,516,361,9
6831,Mon Sep 07 00:16:25 BDT 2026,Mon Sep 07 00:16:26 BDT 2026,GET,https://tfctest-001-production.up.railway.app/_next/static,404,Not Found,522,361,9
6832,Mon Sep 07 00:16:26 BDT 2026,Mon Sep 07 00:16:26 BDT 2026,GET,https://tfctest-001-production.up.railway.app/_next/static/chunks,404,Not Found,535,361,9
6833,Mon Sep 07 00:16:26 BDT 2026,Mon Sep 07 00:16:27 BDT 2026,GET,https://tfctest-001-production.up.railway.app/api,404,Not Found,849,541,11478
6834,Mon Sep 07 00:16:27 BDT 2026,Mon Sep 07 00:16:28 BDT 2026,GET,https://tfctest-001-production.up.railway.app/api/admin,404,Not Found,846,541,11488
6835,Mon Sep 07 00:16:28 BDT 2026,Mon Sep 07 00:16:29 BDT 2026,GET,https://tfctest-001-production.up.railway.app/api/admin/orders,404,Not Found,953,541,11499
6836,Mon Sep 07 00:16:29 BDT 2026,Mon Sep 07 00:16:29 BDT 2026,GET,https://tfctest-001-production.up.railway.app/api/admin/products,405,Method Not Allowed,625,321,0
6837,Mon Sep 07 00:16:29 BDT 2026,Mon Sep 07 00:16:30 BDT 2026,GET,https://tfctest-001-production.up.railway.app/products,404,Not Found,540,435,271
6838,Mon Sep 07 00:16:30 BDT 2026,Mon Sep 07 00:16:31 BDT 2026,GET,https://tfctest-001-production.up.railway.app/?_rsc=sW2A7HEmFQnSVIMx,200,OK,551,428,984
6840,Mon Sep 07 00:16:30 BDT 2026,Mon Sep 07 00:16:31 BDT 2026,PATCH,https://tfctest-001-production.up.railway.app/api/admin/orders/24f10235-3943-4c1d-916f-f8a56cf92994,200,OK,1035,338,11
6841,Mon Sep 07 00:16:31 BDT 2026,Mon Sep 07 00:16:31 BDT 2026,GET,https://tfctest-001-production.up.railway.app/?_rsc=sW2A7HEmFQnSVIMx,200,OK,563,428,984
6843,Mon Sep 07 00:16:30 BDT 2026,Mon Sep 07 00:16:31 BDT 2026,PATCH,https://tfctest-001-production.up.railway.app/api/admin/orders/79620a19-f2c4-428e-a717-5109bc688566,200,OK,1285,338,11
6844,Mon Sep 07 00:16:30 BDT 2026,Mon Sep 07 00:16:31 BDT 2026,PATCH,https://tfctest-001-production.up.railway.app/api/admin/orders/1a19a224-88c5-44b5-a3f6-95c7faaaed85,200,OK,1301,338,11
6845,Mon Sep 07 00:16:30 BDT 2026,Mon Sep 07 00:16:31 BDT 2026,POST,https://tfctest-001-production.up.railway.app/api/admin/products,200,OK,1426,338,10
6847,Mon Sep 07 00:16:30 BDT 2026,Mon Sep 07 00:16:31 BDT 2026,PATCH,https://tfctest-001-production.up.railway.app/api/admin/products/15,200,OK,1441,338,11
6848,Mon Sep 07 00:16:30 BDT 2026,Mon Sep 07 00:16:32 BDT 2026,GET,https://tfctest-001-production.up.railway.app/,200,OK,1735,536,1033562
6850,Mon Sep 07 00:16:31 BDT 2026,Mon Sep 07 00:16:32 BDT 2026,POST,https://tfctest-001-production.up.railway.app/api/admin/products,200,OK,1040,338,10
6851,Mon Sep 07 00:16:31 BDT 2026,Mon Sep 07 00:16:32 BDT 2026,PATCH,https://tfctest-001-production.up.railway.app/api/admin/orders/1a19a224-88c5-44b5-a3f6-95c7faaaed85,200,OK,1086,338,11
6852,Mon Sep 07 00:16:31 BDT 2026,Mon Sep 07 00:16:32 BDT 2026,PATCH,https://tfctest-001-production.up.railway.app/api/admin/orders/79620a19-f2c4-428e-a717-5109bc688566,200,OK,1002,338,11
6853,Mon Sep 07 00:16:31 BDT 2026,Mon Sep 07 00:16:32 BDT 2026,PATCH,https://tfctest-001-production.up.railway.app/api/admin/orders/24f10235-3943-4c1d-916f-f8a56cf92994,200,OK,959,338,11
6854,Mon Sep 07 00:16:30 BDT 2026,Mon Sep 07 00:16:32 BDT 2026,GET,https://tfctest-001-production.up.railway.app,200,OK,1827,536,1033562
6855,Mon Sep 07 00:16:31 BDT 2026,Mon Sep 07 00:16:32 BDT 2026,GET,https://tfctest-001-production.up.railway.app/?_rsc=sW2A7HEmFQnSVIMx,200,OK,589,428,984
6856,Mon Sep 07 00:16:31 BDT 2026,Mon Sep 07 00:16:33 BDT 2026,PATCH,https://tfctest-001-production.up.railway.app/api/admin/products/15,200,OK,1041,338,11
6859,Mon Sep 07 00:16:33 BDT 2026,Mon Sep 07 00:16:33 BDT 2026,GET,https://tfctest-001-production.up.railway.app/_next,404,Not Found,517,361,9
6860,Mon Sep 07 00:16:33 BDT 2026,Mon Sep 07 00:16:33 BDT 2026,GET,https://tfctest-001-production.up.railway.app/?_rsc=sW2A7HEmFQnSVIMx,200,OK,549,428,984
6862,Mon Sep 07 00:16:32 BDT 2026,Mon Sep 07 00:16:33 BDT 2026,PATCH,https://tfctest-001-production.up.railway.app/api/admin/orders/1a19a224-88c5-44b5-a3f6-95c7faaaed85,200,OK,927,338,11
6863,Mon Sep 07 00:16:33 BDT 2026,Mon Sep 07 00:16:34 BDT 2026,POST,https://tfctest-001-production.up.railway.app/api/admin/products,200,OK,950,338,10
6865,Mon Sep 07 00:16:33 BDT 2026,Mon Sep 07 00:16:34 BDT 2026,PATCH,https://tfctest-001-production.up.railway.app/api/admin/orders/79620a19-f2c4-428e-a717-5109bc688566,200,OK,965,338,11
6866,Mon Sep 07 00:16:33 BDT 2026,Mon Sep 07 00:16:34 BDT 2026,PATCH,https://tfctest-001-production.up.railway.app/api/admin/products/15,200,OK,997,338,11
6867,Mon Sep 07 00:16:33 BDT 2026,Mon Sep 07 00:16:34 BDT 2026,GET,https://tfctest-001-production.up.railway.app/?_rsc=sW2A7HEmFQnSVIMx,200,OK,496,428,984
6869,Mon Sep 07 00:16:33 BDT 2026,Mon Sep 07 00:16:34 BDT 2026,PATCH,https://tfctest-001-production.up.railway.app/api/admin/orders/24f10235-3943-4c1d-916f-f8a56cf92994,200,OK,1190,338,11
6870,Mon Sep 07 00:16:32 BDT 2026,Mon Sep 07 00:16:34 BDT 2026,GET,https://tfctest-001-production.up.railway.app/,200,OK,1669,536,1037134
6871,Mon Sep 07 00:16:34 BDT 2026,Mon Sep 07 00:16:34 BDT 2026,GET,https://tfctest-001-production.up.railway.app/?_rsc=sW2A7HEmFQnSVIMx,200,OK,531,428,984
6873,Mon Sep 07 00:16:34 BDT 2026,Mon Sep 07 00:16:35 BDT 2026,PATCH,https://tfctest-001-production.up.railway.app/api/admin/orders/24f10235-3943-4c1d-916f-f8a56cf92994,200,OK,1180,338,11
6874,Mon Sep 07 00:16:34 BDT 2026,Mon Sep 07 00:16:35 BDT 2026,POST,https://tfctest-001-production.up.railway.app/api/admin/products,200,OK,1028,338,10
6875,Mon Sep 07 00:16:34 BDT 2026,Mon Sep 07 00:16:35 BDT 2026,PATCH,https://tfctest-001-production.up.railway.app/api/admin/products/15,200,OK,959,338,11
6876,Mon Sep 07 00:16:34 BDT 2026,Mon Sep 07 00:16:35 BDT 2026,PATCH,https://tfctest-001-production.up.railway.app/api/admin/orders/79620a19-f2c4-428e-a717-5109bc688566,200,OK,989,338,11
6877,Mon Sep 07 00:16:33 BDT 2026,Mon Sep 07 00:16:34 BDT 2026,PATCH,https://tfctest-001-production.up.railway.app/api/admin/orders/1a19a224-88c5-44b5-a3f6-95c7faaaed85,200,OK,976,338,11
6878,Mon Sep 07 00:16:33 BDT 2026,Mon Sep 07 00:16:34 BDT 2026,GET,https://tfctest-001-production.up.railway.app,200,OK,1722,536,1037134
6882,Mon Sep 07 00:16:36 BDT 2026,Mon Sep 07 00:16:37 BDT 2026,GET,https://tfctest-001-production.up.railway.app/?_rsc=sW2A7HEmFQnSVIMx,200,OK,629,428,984
6884,Mon Sep 07 00:16:36 BDT 2026,Mon Sep 07 00:16:37 BDT 2026,PATCH,https://tfctest-001-production.up.railway.app/api/admin/products/15,200,OK,895,338,11
6885,Mon Sep 07 00:16:36 BDT 2026,Mon Sep 07 00:16:37 BDT 2026,PATCH,https://tfctest-001-production.up.railway.app/api/admin/orders/1a19a224-88c5-44b5-a3f6-95c7faaaed85,200,OK,1036,338,11
6886,Mon Sep 07 00:16:36 BDT 2026,Mon Sep 07 00:16:37 BDT 2026,PATCH,https://tfctest-001-production.up.railway.app/api/admin/orders/79620a19-f2c4-428e-a717-5109bc688566,200,OK,1036,338,11
6887,Mon Sep 07 00:16:36 BDT 2026,Mon Sep 07 00:16:37 BDT 2026,POST,https://tfctest-001-production.up.railway.app/api/admin/products,200,OK,1020,338,10
6888,Mon Sep 07 00:16:36 BDT 2026,Mon Sep 07 00:16:37 BDT 2026,PATCH,https://tfctest-001-production.up.railway.app/api/admin/orders/24f10235-3943-4c1d-916f-f8a56cf92994,200,OK,1036,338,11
6890,Mon Sep 07 00:16:37 BDT 2026,Mon Sep 07 00:16:38 BDT 2026,GET,https://tfctest-001-production.up.railway.app/?_rsc=sW2A7HEmFQnSVIMx,200,OK,575,428,867
6892,Mon Sep 07 00:16:38 BDT 2026,Mon Sep 07 00:16:38 BDT 2026,GET,https://tfctest-001-production.up.railway.app/?_rsc=sW2A7HEmFQnSVIMx,200,OK,645,428,984
6894,Mon Sep 07 00:16:36 BDT 2026,Mon Sep 07 00:16:38 BDT 2026,GET,https://tfctest-001-production.up.railway.app/,200,OK,1881,536,1040866
6895,Mon Sep 07 00:16:36 BDT 2026,Mon Sep 07 00:16:38 BDT 2026,GET,https://tfctest-001-production.up.railway.app,200,OK,1879,536,1040866
6897,Mon Sep 07 00:16:37 BDT 2026,Mon Sep 07 00:16:38 BDT 2026,POST,https://tfctest-001-production.up.railway.app/api/admin/products,200,OK,967,338,10
6898,Mon Sep 07 00:16:37 BDT 2026,Mon Sep 07 00:16:38 BDT 2026,PATCH,https://tfctest-001-production.up.railway.app/api/admin/orders/1a19a224-88c5-44b5-a3f6-95c7faaaed85,200,OK,966,338,11
6899,Mon Sep 07 00:16:37 BDT 2026,Mon Sep 07 00:16:38 BDT 2026,PATCH,https://tfctest-001-production.up.railway.app/api/admin/orders/79620a19-f2c4-428e-a717-5109bc688566,200,OK,957,338,11
6900,Mon Sep 07 00:16:37 BDT 2026,Mon Sep 07 00:16:38 BDT 2026,PATCH,https://tfctest-001-production.up.railway.app/api/admin/orders/24f10235-3943-4c1d-916f-f8a56cf92994,200,OK,957,338,11
6901,Mon Sep 07 00:16:37 BDT 2026,Mon Sep 07 00:16:38 BDT 2026,PATCH,https://tfctest-001-production.up.railway.app/api/admin/products/15,200,OK,1048,338,11
6904,Mon Sep 07 00:16:38 BDT 2026,Mon Sep 07 00:16:39 BDT 2026,GET,https://tfctest-001-production.up.railway.app/?_rsc=sW2A7HEmFQnSVIMx,200,OK,530,428,984
6906,Mon Sep 07 00:16:39 BDT 2026,Mon Sep 07 00:16:39 BDT 2026,GET,https://tfctest-001-production.up.railway.app/?_rsc=sW2A7HEmFQnSVIMx,200,OK,525,428,984
6908,Mon Sep 07 00:16:39 BDT 2026,Mon Sep 07 00:16:40 BDT 2026,PATCH,https://tfctest-001-production.up.railway.app/api/admin/orders/79620a19-f2c4-428e-a717-5109bc688566,200,OK,947,338,11
6909,Mon Sep 07 00:16:39 BDT 2026,Mon Sep 07 00:16:40 BDT 2026,PATCH,https://tfctest-001-production.up.railway.app/api/admin/orders/1a19a224-88c5-44b5-a3f6-95c7faaaed85,200,OK,960,338,11
6910,Mon Sep 07 00:16:39 BDT 2026,Mon Sep 07 00:16:40 BDT 2026,PATCH,https://tfctest-001-production.up.railway.app/api/admin/products/15,200,OK,993,338,11
6911,Mon Sep 07 00:16:39 BDT 2026,Mon Sep 07 00:16:40 BDT 2026,POST,https://tfctest-001-production.up.railway.app/api/admin/products,200,OK,950,338,10
6912,Mon Sep 07 00:16:39 BDT 2026,Mon Sep 07 00:16:40 BDT 2026,PATCH,https://tfctest-001-production.up.railway.app/api/admin/orders/24f10235-3943-4c1d-916f-f8a56cf92994,200,OK,1016,338,11
6914,Mon Sep 07 00:16:39 BDT 2026,Mon Sep 07 00:16:40 BDT 2026,GET,https://tfctest-001-production.up.railway.app/?_rsc=sW2A7HEmFQnSVIMx,200,OK,573,428,984
6916,Mon Sep 07 00:16:39 BDT 2026,Mon Sep 07 00:16:40 BDT 2026,GET,https://tfctest-001-production.up.railway.app/,200,OK,1709,536,1044596
6918,Mon Sep 07 00:16:40 BDT 2026,Mon Sep 07 00:16:41 BDT 2026,PATCH,https://tfctest-001-production.up.railway.app/api/admin/orders/24f10235-3943-4c1d-916f-f8a56cf92994,200,OK,955,338,11
6919,Mon Sep 07 00:16:40 BDT 2026,Mon Sep 07 00:16:41 BDT 2026,PATCH,https://tfctest-001-production.up.railway.app/api/admin/products/15,200,OK,969,338,11
6920,Mon Sep 07 00:16:40 BDT 2026,Mon Sep 07 00:16:41 BDT 2026,PATCH,https://tfctest-001-production.up.railway.app/api/admin/orders/79620a19-f2c4-428e-a717-5109bc688566,200,OK,967,338,11
6921,Mon Sep 07 00:16:40 BDT 2026,Mon Sep 07 00:16:41 BDT 2026,PATCH,https://tfctest-001-production.up.railway.app/api/admin/orders/1a19a224-88c5-44b5-a3f6-95c7faaaed85,200,OK,965,338,11
6922,Mon Sep 07 00:16:39 BDT 2026,Mon Sep 07 00:16:40 BDT 2026,GET,https://tfctest-001-production.up.railway.app,200,OK,1819,536,1044596
6924,Mon Sep 07 00:16:40 BDT 2026,Mon Sep 07 00:16:41 BDT 2026,GET,https://tfctest-001-production.up.railway.app/_next,404,Not Found,600,361,9
6925,Mon Sep 07 00:16:40 BDT 2026,Mon Sep 07 00:16:41 BDT 2026,GET,https://tfctest-001-production.up.railway.app/_next/static,404,Not Found,600,361,9
6926,Mon Sep 07 00:16:40 BDT 2026,Mon Sep 07 00:16:41 BDT 2026,POST,https://tfctest-001-production.up.railway.app/api/admin/products,200,OK,985,338,10
6928,Mon Sep 07 00:16:41 BDT 2026,Mon Sep 07 00:16:41 BDT 2026,GET,https://tfctest-001-production.up.railway.app/_next,404,Not Found,553,361,9
6929,Mon Sep 07 00:16:41 BDT 2026,Mon Sep 07 00:16:42 BDT 2026,PATCH,https://tfctest-001-production.up.railway.app/api/admin/products/15,200,OK,922,338,11
6930,Mon Sep 07 00:16:41 BDT 2026,Mon Sep 07 00:16:42 BDT 2026,PATCH,https://tfctest-001-production.up.railway.app/api/admin/orders/24f10235-3943-4c1d-916f-f8a56cf92994,200,OK,939,338,11
6931,Mon Sep 07 00:16:41 BDT 2026,Mon Sep 07 00:16:42 BDT 2026,PATCH,https://tfctest-001-production.up.railway.app/api/admin/orders/79620a19-f2c4-428e-a717-5109bc688566,200,OK,951,338,11
6932,Mon Sep 07 00:16:41 BDT 2026,Mon Sep 07 00:16:42 BDT 2026,PATCH,https://tfctest-001-production.up.railway.app/api/admin/orders/1a19a224-88c5-44b5-a3f6-95c7faaaed85,200,OK,960,338,11
6933,Mon Sep 07 00:16:41 BDT 2026,Mon Sep 07 00:16:42 BDT 2026,POST,https://tfctest-001-production.up.railway.app/api/admin/products,200,OK,875,338,10
6935,Mon Sep 07 00:16:41 BDT 2026,Mon Sep 07 00:16:42 BDT 2026,GET,https://tfctest-001-production.up.railway.app/_next,404,Not Found,530,361,9
6936,Mon Sep 07 00:16:41 BDT 2026,Mon Sep 07 00:16:42 BDT 2026,GET,https://tfctest-001-production.up.railway.app/,200,OK,1520,536,1048328
6938,Mon Sep 07 00:16:41 BDT 2026,Mon Sep 07 00:16:42 BDT 2026,GET,https://tfctest-001-production.up.railway.app,200,OK,1602,536,1048328
6940,Mon Sep 07 00:16:42 BDT 2026,Mon Sep 07 00:16:44 BDT 2026,GET,https://tfctest-001-production.up.railway.app/,200,OK,1626,536,1052058
6941,Mon Sep 07 00:16:42 BDT 2026,Mon Sep 07 00:16:43 BDT 2026,PATCH,https://tfctest-001-production.up.railway.app/api/admin/orders/79620a19-f2c4-428e-a717-5109bc688566,200,OK,1021,338,11
6942,Mon Sep 07 00:16:42 BDT 2026,Mon Sep 07 00:16:43 BDT 2026,POST,https://tfctest-001-production.up.railway.app/api/admin/products,200,OK,985,338,10
6943,Mon Sep 07 00:16:42 BDT 2026,Mon Sep 07 00:16:43 BDT 2026,PATCH,https://tfctest-001-production.up.railway.app/api/admin/orders/1a19a224-88c5-44b5-a3f6-95c7faaaed85,200,OK,972,338,11
6944,Mon Sep 07 00:16:42 BDT 2026,Mon Sep 07 00:16:43 BDT 2026,PATCH,https://tfctest-001-production.up.railway.app/api/admin/products/15,200,OK,986,338,11
6945,Mon Sep 07 00:16:42 BDT 2026,Mon Sep 07 00:16:42 BDT 2026,PATCH,https://tfctest-001-production.up.railway.app/api/admin/orders/24f10235-3943-4c1d-916f-f8a56cf92994,200,OK,957,338,11
6946,Mon Sep 07 00:16:42 BDT 2026,Mon Sep 07 00:16:42 BDT 2026,GET,https://tfctest-001-production.up.railway.app/_next,404,Not Found,582,361,9
6949,Mon Sep 07 00:16:44 BDT 2026,Mon Sep 07 00:16:45 BDT 2026,GET,https://tfctest-001-production.up.railway.app/_next,404,Not Found,557,361,9
6950,Mon Sep 07 00:16:44 BDT 2026,Mon Sep 07 00:16:45 BDT 2026,PATCH,https://tfctest-001-production.up.railway.app/api/admin/orders/1a19a224-88c5-44b5-a3f6-95c7faaaed85,200,OK,945,338,11
6951,Mon Sep 07 00:16:44 BDT 2026,Mon Sep 07 00:16:45 BDT 2026,POST,https://tfctest-001-production.up.railway.app/api/admin/products,200,OK,979,338,10
6952,Mon Sep 07 00:16:44 BDT 2026,Mon Sep 07 00:16:45 BDT 2026,PATCH,https://tfctest-001-production.up.railway.app/api/admin/products/15,200,OK,1020,338,11
6953,Mon Sep 07 00:16:44 BDT 2026,Mon Sep 07 00:16:45 BDT 2026,PATCH,https://tfctest-001-production.up.railway.app/api/admin/orders/24f10235-3943-4c1d-916f-f8a56cf92994,200,OK,1019,338,11
6955,Mon Sep 07 00:16:45 BDT 2026,Mon Sep 07 00:16:45 BDT 2026,GET,https://tfctest-001-production.up.railway.app/_next,404,Not Found,531,361,9
6956,Mon Sep 07 00:16:44 BDT 2026,Mon Sep 07 00:16:45 BDT 2026,PATCH,https://tfctest-001-production.up.railway.app/api/admin/orders/79620a19-f2c4-428e-a717-5109bc688566,200,OK,1418,338,11
6957,Mon Sep 07 00:16:44 BDT 2026,Mon Sep 07 00:16:45 BDT 2026,GET,https://tfctest-001-production.up.railway.app,200,OK,1644,536,1052058
6959,Mon Sep 07 00:16:44 BDT 2026,Mon Sep 07 00:16:46 BDT 2026,GET,https://tfctest-001-production.up.railway.app/,200,OK,1655,536,1052058
6961,Mon Sep 07 00:16:45 BDT 2026,Mon Sep 07 00:16:46 BDT 2026,GET,https://tfctest-001-production.up.railway.app/_next,404,Not Found,634,361,9
6962,Mon Sep 07 00:16:45 BDT 2026,Mon Sep 07 00:16:46 BDT 2026,PATCH,https://tfctest-001-production.up.railway.app/api/admin/orders/1a19a224-88c5-44b5-a3f6-95c7faaaed85,200,OK,989,338,11
6963,Mon Sep 07 00:16:45 BDT 2026,Mon Sep 07 00:16:46 BDT 2026,POST,https://tfctest-001-production.up.railway.app/api/admin/products,200,OK,952,338,10
6965,Mon Sep 07 00:16:45 BDT 2026,Mon Sep 07 00:16:46 BDT 2026,PATCH,https://tfctest-001-production.up.railway.app/api/admin/orders/24f10235-3943-4c1d-916f-f8a56cf92994,200,OK,1043,338,11
6966,Mon Sep 07 00:16:45 BDT 2026,Mon Sep 07 00:16:46 BDT 2026,PATCH,https://tfctest-001-production.up.railway.app/api/admin/products/15,200,OK,1177,338,11
6967,Mon Sep 07 00:16:45 BDT 2026,Mon Sep 07 00:16:46 BDT 2026,PATCH,https://tfctest-001-production.up.railway.app/api/admin/orders/79620a19-f2c4-428e-a717-5109bc688566,200,OK,954,338,11
6968,Mon Sep 07 00:16:46 BDT 2026,Mon Sep 07 00:16:46 BDT 2026,GET,https://tfctest-001-production.up.railway.app/_next,404,Not Found,516,361,9
6969,Mon Sep 07 00:16:46 BDT 2026,Mon Sep 07 00:16:47 BDT 2026,GET,https://tfctest-001-production.up.railway.app/_next/static,404,Not Found,505,361,9
6970,Mon Sep 07 00:16:46 BDT 2026,Mon Sep 07 00:16:47 BDT 2026,GET,https://tfctest-001-production.up.railway.app/_next/static/chunks,404,Not Found,556,361,9
6971,Mon Sep 07 00:16:47 BDT 2026,Mon Sep 07 00:16:47 BDT 2026,GET,https://tfctest-001-production.up.railway.app/_next/static/chunks,404,Not Found,559,361,9
6972,Mon Sep 07 00:16:47 BDT 2026,Mon Sep 07 00:16:47 BDT 2026,GET,https://tfctest-001-production.up.railway.app/_next/static,404,Not Found,559,361,9
6973,Mon Sep 07 00:16:45 BDT 2026,Mon Sep 07 00:16:47 BDT 2026,GET,https://tfctest-001-production.up.railway.app,200,OK,1668,536,1055790
6974,Mon Sep 07 00:16:46 BDT 2026,Mon Sep 07 00:16:47 BDT 2026,GET,https://tfctest-001-production.up.railway.app/_next,404,Not Found,545,361,9
6975,Mon Sep 07 00:16:46 BDT 2026,Mon Sep 07 00:16:47 BDT 2026,GET,https://tfctest-001-production.up.railway.app/,200,OK,1766,536,1055525
6978,Mon Sep 07 00:16:48 BDT 2026,Mon Sep 07 00:16:49 BDT 2026,GET,https://tfctest-001-production.up.railway.app,200,OK,1606,536,1055790
6979,Mon Sep 07 00:16:47 BDT 2026,Mon Sep 07 00:16:48 BDT 2026,GET,https://tfctest-001-production.up.railway.app/_next/static/chunks/04mv_fcnqlctk.js,200,OK,840,448,252199
6980,Mon Sep 07 00:16:48 BDT 2026,Mon Sep 07 00:16:48 BDT 2026,GET,https://tfctest-001-production.up.railway.app/_next/static/chunks/0kodok19bfv-z.css,200,OK,601,432,19211
6981,Mon Sep 07 00:16:48 BDT 2026,Mon Sep 07 00:16:48 BDT 2026,GET,https://tfctest-001-production.up.railway.app/_next,404,Not Found,538,361,9
6982,Mon Sep 07 00:16:48 BDT 2026,Mon Sep 07 00:16:48 BDT 2026,GET,https://tfctest-001-production.up.railway.app/_next/static/chunks/0a5-2ukdkoc3b.js,200,OK,520,444,2714
6983,Mon Sep 07 00:16:47 BDT 2026,Mon Sep 07 00:16:48 BDT 2026,GET,https://tfctest-001-production.up.railway.app/_next/static,404,Not Found,525,361,9
6984,Mon Sep 07 00:16:47 BDT 2026,Mon Sep 07 00:16:48 BDT 2026,GET,https://tfctest-001-production.up.railway.app/_next/static/chunks,404,Not Found,505,361,9
6986,Mon Sep 07 00:16:50 BDT 2026,Mon Sep 07 00:16:50 BDT 2026,GET,https://tfctest-001-production.up.railway.app/_next/static/chunks,404,Not Found,520,361,9
6988,Mon Sep 07 00:16:50 BDT 2026,Mon Sep 07 00:16:50 BDT 2026,GET,https://tfctest-001-production.up.railway.app/_next/static/chunks/0a5-2ukdkoc3b.js,200,OK,520,444,2714
6987,Mon Sep 07 00:16:50 BDT 2026,Mon Sep 07 00:16:50 BDT 2026,GET,https://tfctest-001-production.up.railway.app/_next,404,Not Found,520,361,9
6989,Mon Sep 07 00:16:50 BDT 2026,Mon Sep 07 00:16:50 BDT 2026,GET,https://tfctest-001-production.up.railway.app/_next/static,404,Not Found,533,361,9
6990,Mon Sep 07 00:16:50 BDT 2026,Mon Sep 07 00:16:50 BDT 2026,GET,https://tfctest-001-production.up.railway.app/_next/static/chunks/0kodok19bfv-z.css,200,OK,596,432,19211
6991,Mon Sep 07 00:16:50 BDT 2026,Mon Sep 07 00:16:50 BDT 2026,GET,https://tfctest-001-production.up.railway.app/_next/static/chunks/04mv_fcnqlctk.js,200,OK,913,448,252199
6992,Mon Sep 07 00:16:50 BDT 2026,Mon Sep 07 00:16:51 BDT 2026,GET,https://tfctest-001-production.up.railway.app/_next,404,Not Found,567,361,9
6993,Mon Sep 07 00:16:50 BDT 2026,Mon Sep 07 00:16:51 BDT 2026,GET,https://tfctest-001-production.up.railway.app/_next/static/chunks/0a5-2ukdkoc3b.js,200,OK,583,444,2714
6994,Mon Sep 07 00:16:50 BDT 2026,Mon Sep 07 00:16:51 BDT 2026,GET,https://tfctest-001-production.up.railway.app/_next/static/chunks,404,Not Found,643,361,9
6995,Mon Sep 07 00:16:50 BDT 2026,Mon Sep 07 00:16:51 BDT 2026,GET,https://tfctest-001-production.up.railway.app/_next/static,404,Not Found,670,361,9
6996,Mon Sep 07 00:16:50 BDT 2026,Mon Sep 07 00:16:51 BDT 2026,GET,https://tfctest-001-production.up.railway.app/_next/static/chunks/0kodok19bfv-z.css,200,OK,705,432,19211
6997,Mon Sep 07 00:16:49 BDT 2026,Mon Sep 07 00:16:51 BDT 2026,GET,https://tfctest-001-production.up.railway.app/,200,OK,1646,536,1055790
6999,Mon Sep 07 00:16:50 BDT 2026,Mon Sep 07 00:16:51 BDT 2026,GET,https://tfctest-001-production.up.railway.app,200,OK,1659,536,1055525
7000,Mon Sep 07 00:16:51 BDT 2026,Mon Sep 07 00:16:51 BDT 2026,GET,https://tfctest-001-production.up.railway.app/_next/static/chunks/0kodok19bfv-z.css,200,OK,646,432,19211
7001,Mon Sep 07 00:16:50 BDT 2026,Mon Sep 07 00:16:51 BDT 2026,GET,https://tfctest-001-production.up.railway.app/_next/static/chunks/04mv_fcnqlctk.js,200,OK,983,448,252199
7002,Mon Sep 07 00:16:51 BDT 2026,Mon Sep 07 00:16:51 BDT 2026,GET,https://tfctest-001-production.up.railway.app/_next/static,404,Not Found,534,361,9
7003,Mon Sep 07 00:16:51 BDT 2026,Mon Sep 07 00:16:51 BDT 2026,GET,https://tfctest-001-production.up.railway.app/_next/static/chunks,404,Not Found,571,361,9
7004,Mon Sep 07 00:16:51 BDT 2026,Mon Sep 07 00:16:51 BDT 2026,GET,https://tfctest-001-production.up.railway.app/_next/static/chunks/0lbww56aoo77h.js,200,OK,577,444,1273
7005,Mon Sep 07 00:16:51 BDT 2026,Mon Sep 07 00:16:51 BDT 2026,GET,https://tfctest-001-production.up.railway.app/_next/static/chunks/0a5-2ukdkoc3b.js,200,OK,596,444,2714
7007,Mon Sep 07 00:16:51 BDT 2026,Mon Sep 07 00:16:53 BDT 2026,GET,https://tfctest-001-production.up.railway.app/,200,OK,1758,536,1055790
7009,Mon Sep 07 00:16:53 BDT 2026,Mon Sep 07 00:16:53 BDT 2026,GET,https://tfctest-001-production.up.railway.app/_next/static/chunks/0a5-2ukdkoc3b.js,200,OK,546,444,2714
7010,Mon Sep 07 00:16:53 BDT 2026,Mon Sep 07 00:16:53 BDT 2026,GET,https://tfctest-001-production.up.railway.app/_next/static/chunks,404,Not Found,546,361,9
7011,Mon Sep 07 00:16:53 BDT 2026,Mon Sep 07 00:16:53 BDT 2026,GET,https://tfctest-001-production.up.railway.app/_next/static/chunks/0lbww56aoo77h.js,200,OK,546,444,1273
7012,Mon Sep 07 00:16:53 BDT 2026,Mon Sep 07 00:16:53 BDT 2026,GET,https://tfctest-001-production.up.railway.app/_next/static,404,Not Found,546,361,9
7013,Mon Sep 07 00:16:53 BDT 2026,Mon Sep 07 00:16:53 BDT 2026,GET,https://tfctest-001-production.up.railway.app/_next/static/chunks/0kodok19bfv-z.css,200,OK,621,432,19211
7014,Mon Sep 07 00:16:53 BDT 2026,Mon Sep 07 00:16:54 BDT 2026,GET,https://tfctest-001-production.up.railway.app/_next/static/chunks/04mv_fcnqlctk.js,200,OK,872,448,252199
7015,Mon Sep 07 00:16:53 BDT 2026,Mon Sep 07 00:16:54 BDT 2026,GET,https://tfctest-001-production.up.railway.app/_next/static,404,Not Found,486,361,9
7016,Mon Sep 07 00:16:53 BDT 2026,Mon Sep 07 00:16:54 BDT 2026,GET,https://tfctest-001-production.up.railway.app/_next/static/chunks,404,Not Found,517,361,9
7017,Mon Sep 07 00:16:53 BDT 2026,Mon Sep 07 00:16:54 BDT 2026,GET,https://tfctest-001-production.up.railway.app/_next/static/chunks/0lbww56aoo77h.js,200,OK,546,444,1273
7018,Mon Sep 07 00:16:53 BDT 2026,Mon Sep 07 00:16:54 BDT 2026,GET,https://tfctest-001-production.up.railway.app/_next/static/chunks/0a5-2ukdkoc3b.js,200,OK,531,444,2714
7019,Mon Sep 07 00:16:53 BDT 2026,Mon Sep 07 00:16:54 BDT 2026,GET,https://tfctest-001-production.up.railway.app/_next/static/chunks/0kodok19bfv-z.css,200,OK,610,432,19211
7020,Mon Sep 07 00:16:54 BDT 2026,Mon Sep 07 00:16:54 BDT 2026,GET,https://tfctest-001-production.up.railway.app/_next/static,404,Not Found,577,361,9
7021,Mon Sep 07 00:16:54 BDT 2026,Mon Sep 07 00:16:54 BDT 2026,GET,https://tfctest-001-production.up.railway.app/_next/static/chunks,404,Not Found,607,361,9
7022,Mon Sep 07 00:16:54 BDT 2026,Mon Sep 07 00:16:54 BDT 2026,GET,https://tfctest-001-production.up.railway.app/_next/static/chunks/0lbww56aoo77h.js,200,OK,638,444,1273
7023,Mon Sep 07 00:16:53 BDT 2026,Mon Sep 07 00:16:54 BDT 2026,GET,https://tfctest-001-production.up.railway.app,200,OK,1753,536,1055790
7024,Mon Sep 07 00:16:54 BDT 2026,Mon Sep 07 00:16:55 BDT 2026,GET,https://tfctest-001-production.up.railway.app/_next/static/chunks/0lbww56aoo77h.js,200,OK,535,444,1273
7025,Mon Sep 07 00:16:54 BDT 2026,Mon Sep 07 00:16:55 BDT 2026,GET,https://tfctest-001-production.up.railway.app/_next/static/chunks,404,Not Found,556,361,9
7026,Mon Sep 07 00:16:54 BDT 2026,Mon Sep 07 00:16:55 BDT 2026,GET,https://tfctest-001-production.up.railway.app/_next/static,404,Not Found,559,361,9
7027,Mon Sep 07 00:16:53 BDT 2026,Mon Sep 07 00:16:55 BDT 2026,GET,https://tfctest-001-production.up.railway.app/,200,OK,1771,536,1055790
7028,Mon Sep 07 00:16:54 BDT 2026,Mon Sep 07 00:16:55 BDT 2026,GET,https://tfctest-001-production.up.railway.app/_next/static/chunks/04mv_fcnqlctk.js,200,OK,1102,448,252199
7029,Mon Sep 07 00:16:54 BDT 2026,Mon Sep 07 00:16:55 BDT 2026,GET,https://tfctest-001-production.up.railway.app/_next/static/chunks/0kodok19bfv-z.css,200,OK,720,432,19211
7031,Mon Sep 07 00:16:54 BDT 2026,Mon Sep 07 00:16:54 BDT 2026,GET,https://tfctest-001-production.up.railway.app/_next/static/chunks/0a5-2ukdkoc3b.js,200,OK,667,444,2714
7033,Mon Sep 07 00:16:55 BDT 2026,Mon Sep 07 00:16:56 BDT 2026,GET,https://tfctest-001-production.up.railway.app/_next/static,404,Not Found,519,361,9
7034,Mon Sep 07 00:16:55 BDT 2026,Mon Sep 07 00:16:56 BDT 2026,GET,https://tfctest-001-production.up.railway.app/_next/static/chunks,404,Not Found,520,361,9
7035,Mon Sep 07 00:16:55 BDT 2026,Mon Sep 07 00:16:56 BDT 2026,GET,https://tfctest-001-production.up.railway.app/_next/static/chunks/0lbww56aoo77h.js,200,OK,536,444,1273
7036,Mon Sep 07 00:16:55 BDT 2026,Mon Sep 07 00:16:56 BDT 2026,GET,https://tfctest-001-production.up.railway.app/_next/static/chunks/0a5-2ukdkoc3b.js,200,OK,612,444,2714
7037,Mon Sep 07 00:16:55 BDT 2026,Mon Sep 07 00:16:56 BDT 2026,GET,https://tfctest-001-production.up.railway.app/_next/static/chunks/0kodok19bfv-z.css,200,OK,628,432,19211
7038,Mon Sep 07 00:16:56 BDT 2026,Mon Sep 07 00:16:56 BDT 2026,GET,https://tfctest-001-production.up.railway.app/_next/static,404,Not Found,550,361,9
7039,Mon Sep 07 00:16:55 BDT 2026,Mon Sep 07 00:16:56 BDT 2026,GET,https://tfctest-001-production.up.railway.app/_next/static/chunks/04mv_fcnqlctk.js,200,OK,974,448,252199
7040,Mon Sep 07 00:16:56 BDT 2026,Mon Sep 07 00:16:56 BDT 2026,GET,https://tfctest-001-production.up.railway.app/_next/static/chunks/0lbww56aoo77h.js,200,OK,534,444,1273
7041,Mon Sep 07 00:16:56 BDT 2026,Mon Sep 07 00:16:56 BDT 2026,GET,https://tfctest-001-production.up.railway.app/_next/static/chunks,404,Not Found,555,361,9
7042,Mon Sep 07 00:16:56 BDT 2026,Mon Sep 07 00:16:57 BDT 2026,GET,https://tfctest-001-production.up.railway.app/_next/static/chunks/0a5-2ukdkoc3b.js,200,OK,609,444,2714
7043,Mon Sep 07 00:16:56 BDT 2026,Mon Sep 07 00:16:57 BDT 2026,GET,https://tfctest-001-production.up.railway.app/_next/static/chunks/0kodok19bfv-z.css,200,OK,764,432,19211
7044,Mon Sep 07 00:16:56 BDT 2026,Mon Sep 07 00:16:57 BDT 2026,GET,https://tfctest-001-production.up.railway.app/_next/static/chunks/0lbww56aoo77h.js,200,OK,656,444,1273
7045,Mon Sep 07 00:16:56 BDT 2026,Mon Sep 07 00:16:57 BDT 2026,GET,https://tfctest-001-production.up.railway.app/_next/static/chunks,404,Not Found,718,361,9
7046,Mon Sep 07 00:16:57 BDT 2026,Mon Sep 07 00:16:57 BDT 2026,GET,https://tfctest-001-production.up.railway.app/_next/static/chunks/0a5-2ukdkoc3b.js,200,OK,704,444,2714
7047,Mon Sep 07 00:16:55 BDT 2026,Mon Sep 07 00:16:57 BDT 2026,GET,https://tfctest-001-production.up.railway.app/,200,OK,1925,536,1055790
7048,Mon Sep 07 00:16:55 BDT 2026,Mon Sep 07 00:16:57 BDT 2026,GET,https://tfctest-001-production.up.railway.app,200,OK,1992,536,1055790
7049,Mon Sep 07 00:16:57 BDT 2026,Mon Sep 07 00:16:57 BDT 2026,GET,https://tfctest-001-production.up.railway.app/_next/static/chunks/22hkep6-doxxi.js,200,OK,892,446,28615
7052,Mon Sep 07 00:16:58 BDT 2026,Mon Sep 07 00:16:58 BDT 2026,GET,https://tfctest-001-production.up.railway.app/_next/static/chunks/2mmpezlrfmbu5.js,200,OK,650,446,34718
7053,Mon Sep 07 00:16:58 BDT 2026,Mon Sep 07 00:16:58 BDT 2026,GET,https://tfctest-001-production.up.railway.app/_next/static/chunks/22hkep6-doxxi.js,200,OK,632,446,28615
7054,Mon Sep 07 00:16:57 BDT 2026,Mon Sep 07 00:16:58 BDT 2026,GET,https://tfctest-001-production.up.railway.app/_next/static/chunks/0a5-2ukdkoc3b.js,200,OK,533,444,2714
7055,Mon Sep 07 00:16:57 BDT 2026,Mon Sep 07 00:16:58 BDT 2026,GET,https://tfctest-001-production.up.railway.app/_next/static/chunks/2kf_-s-7rti4r.js,200,OK,446,443,905
7056,Mon Sep 07 00:16:57 BDT 2026,Mon Sep 07 00:16:58 BDT 2026,GET,https://tfctest-001-production.up.railway.app/_next/static/chunks/0lbww56aoo77h.js,200,OK,598,444,1273
7057,Mon Sep 07 00:16:56 BDT 2026,Mon Sep 07 00:16:58 BDT 2026,GET,https://tfctest-001-production.up.railway.app/_next/static/chunks/04mv_fcnqlctk.js,200,OK,1115,448,252199
7058,Mon Sep 07 00:16:57 BDT 2026,Mon Sep 07 00:16:58 BDT 2026,GET,https://tfctest-001-production.up.railway.app/_next/static/chunks/0kodok19bfv-z.css,200,OK,713,432,19211
7059,Mon Sep 07 00:16:58 BDT 2026,Mon Sep 07 00:16:59 BDT 2026,GET,https://tfctest-001-production.up.railway.app/_next/static/chunks/0a5-2ukdkoc3b.js,200,OK,532,444,2714
7060,Mon Sep 07 00:16:58 BDT 2026,Mon Sep 07 00:16:59 BDT 2026,GET,https://tfctest-001-production.up.railway.app/_next/static/chunks/2kf_-s-7rti4r.js,200,OK,461,443,905
7061,Mon Sep 07 00:16:58 BDT 2026,Mon Sep 07 00:16:59 BDT 2026,GET,https://tfctest-001-production.up.railway.app/_next/static/chunks/2mmpezlrfmbu5.js,200,OK,564,446,34718
7062,Mon Sep 07 00:16:58 BDT 2026,Mon Sep 07 00:16:59 BDT 2026,GET,https://tfctest-001-production.up.railway.app/_next/static/chunks/0lbww56aoo77h.js,200,OK,522,444,1273
7063,Mon Sep 07 00:16:58 BDT 2026,Mon Sep 07 00:16:59 BDT 2026,GET,https://tfctest-001-production.up.railway.app/_next/static/chunks/22hkep6-doxxi.js,200,OK,656,446,28615
7064,Mon Sep 07 00:16:58 BDT 2026,Mon Sep 07 00:16:59 BDT 2026,GET,https://tfctest-001-production.up.railway.app/_next/static/chunks/0kodok19bfv-z.css,200,OK,674,432,19211
7065,Mon Sep 07 00:16:59 BDT 2026,Mon Sep 07 00:16:59 BDT 2026,GET,https://tfctest-001-production.up.railway.app/_next/static/chunks/2kf_-s-7rti4r.js,200,OK,369,443,905
7066,Mon Sep 07 00:16:58 BDT 2026,Mon Sep 07 00:16:59 BDT 2026,GET,https://tfctest-001-production.up.railway.app/_next/static/chunks/04mv_fcnqlctk.js,200,OK,908,448,252199
7067,Mon Sep 07 00:16:59 BDT 2026,Mon Sep 07 00:16:59 BDT 2026,GET,https://tfctest-001-production.up.railway.app/_next/static/chunks/0lbww56aoo77h.js,200,OK,530,444,1273
7068,Mon Sep 07 00:16:59 BDT 2026,Mon Sep 07 00:16:59 BDT 2026,GET,https://tfctest-001-production.up.railway.app/_next/static/chunks/2kf_-s-7rti4r.js,200,OK,253,443,905
7069,Mon Sep 07 00:16:59 BDT 2026,Mon Sep 07 00:17:00 BDT 2026,GET,https://tfctest-001-production.up.railway.app/_next/static/chunks/2mmpezlrfmbu5.js,200,OK,600,446,34718
7070,Mon Sep 07 00:16:59 BDT 2026,Mon Sep 07 00:17:00 BDT 2026,GET,https://tfctest-001-production.up.railway.app/_next/static/chunks/310vm2bl3xxpt.js,200,OK,527,445,5364
7071,Mon Sep 07 00:16:59 BDT 2026,Mon Sep 07 00:17:00 BDT 2026,GET,https://tfctest-001-production.up.railway.app/_next/static/chunks/22hkep6-doxxi.js,200,OK,615,446,28615
7072,Mon Sep 07 00:16:59 BDT 2026,Mon Sep 07 00:17:00 BDT 2026,GET,https://tfctest-001-production.up.railway.app/_next/static/chunks/0kodok19bfv-z.css,200,OK,656,432,19211
7073,Mon Sep 07 00:17:00 BDT 2026,Mon Sep 07 00:17:00 BDT 2026,GET,https://tfctest-001-production.up.railway.app/_next/static/chunks/2kf_-s-7rti4r.js,200,OK,254,443,905
7074,Mon Sep 07 00:16:58 BDT 2026,Mon Sep 07 00:17:00 BDT 2026,GET,https://tfctest-001-production.up.railway.app,200,OK,1525,536,1055790
7076,Mon Sep 07 00:16:59 BDT 2026,Mon Sep 07 00:17:00 BDT 2026,GET,https://tfctest-001-production.up.railway.app/_next/static/chunks/0lbww56aoo77h.js,200,OK,603,444,1273
7077,Mon Sep 07 00:17:00 BDT 2026,Mon Sep 07 00:17:00 BDT 2026,GET,https://tfctest-001-production.up.railway.app/_next/static/chunks/2kf_-s-7rti4r.js,200,OK,248,443,905
7078,Mon Sep 07 00:17:00 BDT 2026,Mon Sep 07 00:17:00 BDT 2026,GET,https://tfctest-001-production.up.railway.app/_next/static/chunks/310vm2bl3xxpt.js,200,OK,568,445,5364
7079,Mon Sep 07 00:17:00 BDT 2026,Mon Sep 07 00:17:00 BDT 2026,GET,https://tfctest-001-production.up.railway.app/_next/static/chunks/2mmpezlrfmbu5.js,200,OK,658,446,34718
7080,Mon Sep 07 00:16:59 BDT 2026,Mon Sep 07 00:17:00 BDT 2026,GET,https://tfctest-001-production.up.railway.app/_next/static/chunks/04mv_fcnqlctk.js,200,OK,900,448,252199
7081,Mon Sep 07 00:17:00 BDT 2026,Mon Sep 07 00:17:00 BDT 2026,GET,https://tfctest-001-production.up.railway.app/_next/static/chunks/22hkep6-doxxi.js,200,OK,629,446,28615
7082,Mon Sep 07 00:17:00 BDT 2026,Mon Sep 07 00:17:00 BDT 2026,GET,https://tfctest-001-production.up.railway.app/_next/static/chunks/2kf_-s-7rti4r.js,200,OK,257,443,905
7083,Mon Sep 07 00:17:00 BDT 2026,Mon Sep 07 00:17:01 BDT 2026,GET,https://tfctest-001-production.up.railway.app/_next/static/chunks/2kf_-s-7rti4r.js,200,OK,278,443,905
7084,Mon Sep 07 00:17:00 BDT 2026,Mon Sep 07 00:17:01 BDT 2026,GET,https://tfctest-001-production.up.railway.app/_next/static/chunks/310vm2bl3xxpt.js,200,OK,564,445,5364
7085,Mon Sep 07 00:17:00 BDT 2026,Mon Sep 07 00:17:01 BDT 2026,GET,https://tfctest-001-production.up.railway.app/_next/static/chunks/3byuobrkyz9bj.js,200,OK,890,448,229156
7086,Mon Sep 07 00:17:00 BDT 2026,Mon Sep 07 00:17:01 BDT 2026,GET,https://tfctest-001-production.up.railway.app/_next/static/chunks/2mmpezlrfmbu5.js,200,OK,668,446,34718
7087,Mon Sep 07 00:17:01 BDT 2026,Mon Sep 07 00:17:01 BDT 2026,GET,https://tfctest-001-production.up.railway.app/_next/static/chunks/2kf_-s-7rti4r.js,200,OK,257,443,905
7088,Mon Sep 07 00:17:00 BDT 2026,Mon Sep 07 00:17:01 BDT 2026,GET,https://tfctest-001-production.up.railway.app/_next/static/chunks/22hkep6-doxxi.js,200,OK,631,446,28615
7089,Mon Sep 07 00:17:00 BDT 2026,Mon Sep 07 00:17:01 BDT 2026,GET,https://tfctest-001-production.up.railway.app/_next/static/chunks/04mv_fcnqlctk.js,200,OK,898,448,252199
7090,Mon Sep 07 00:17:00 BDT 2026,Mon Sep 07 00:17:01 BDT 2026,GET,https://tfctest-001-production.up.railway.app/_next/static/chunks/3voe6zs_a01kl.js,200,OK,913,448,159930
7091,Mon Sep 07 00:17:01 BDT 2026,Mon Sep 07 00:17:01 BDT 2026,GET,https://tfctest-001-production.up.railway.app/_next/static/chunks/2kf_-s-7rti4r.js,200,OK,323,443,905
7092,Mon Sep 07 00:17:01 BDT 2026,Mon Sep 07 00:17:01 BDT 2026,GET,https://tfctest-001-production.up.railway.app/_next/static/chunks/310vm2bl3xxpt.js,200,OK,582,445,5364
7093,Mon Sep 07 00:17:01 BDT 2026,Mon Sep 07 00:17:02 BDT 2026,GET,https://tfctest-001-production.up.railway.app/_next/static/chunks/2kf_-s-7rti4r.js,200,OK,281,443,905
7094,Mon Sep 07 00:17:01 BDT 2026,Mon Sep 07 00:17:02 BDT 2026,GET,https://tfctest-001-production.up.railway.app/_next/static/chunks/2mmpezlrfmbu5.js,200,OK,697,446,34718
7095,Mon Sep 07 00:17:00 BDT 2026,Mon Sep 07 00:17:02 BDT 2026,GET,https://tfctest-001-production.up.railway.app,200,OK,1685,536,1055790
7096,Mon Sep 07 00:17:01 BDT 2026,Mon Sep 07 00:17:02 BDT 2026,GET,https://tfctest-001-production.up.railway.app/_next/static/chunks/22hkep6-doxxi.js,200,OK,724,446,28615
7098,Mon Sep 07 00:17:01 BDT 2026,Mon Sep 07 00:17:02 BDT 2026,GET,https://tfctest-001-production.up.railway.app/_next/static/chunks/3byuobrkyz9bj.js,200,OK,992,448,229156
7099,Mon Sep 07 00:17:02 BDT 2026,Mon Sep 07 00:17:02 BDT 2026,GET,https://tfctest-001-production.up.railway.app/_next/static/chunks/2kf_-s-7rti4r.js,200,OK,364,443,905
7100,Mon Sep 07 00:17:01 BDT 2026,Mon Sep 07 00:17:02 BDT 2026,GET,https://tfctest-001-production.up.railway.app/_next/static/chunks/310vm2bl3xxpt.js,200,OK,578,445,5364
7101,Mon Sep 07 00:17:01 BDT 2026,Mon Sep 07 00:17:02 BDT 2026,GET,https://tfctest-001-production.up.railway.app/_next/static/chunks/04mv_fcnqlctk.js,200,OK,914,448,252199
7102,Mon Sep 07 00:17:01 BDT 2026,Mon Sep 07 00:17:02 BDT 2026,GET,https://tfctest-001-production.up.railway.app/_next/static/chunks/3voe6zs_a01kl.js,200,OK,890,448,159930
7103,Mon Sep 07 00:17:02 BDT 2026,Mon Sep 07 00:17:02 BDT 2026,GET,https://tfctest-001-production.up.railway.app/_next/static/chunks/2mmpezlrfmbu5.js,200,OK,656,446,34718
7104,Mon Sep 07 00:17:02 BDT 2026,Mon Sep 07 00:17:02 BDT 2026,GET,https://tfctest-001-production.up.railway.app/_next/static/chunks/310vm2bl3xxpt.js,200,OK,376,445,5364
7105,Mon Sep 07 00:17:02 BDT 2026,Mon Sep 07 00:17:02 BDT 2026,GET,https://tfctest-001-production.up.railway.app/_next/static/chunks/22hkep6-doxxi.js,200,OK,622,446,28615
7106,Mon Sep 07 00:17:02 BDT 2026,Mon Sep 07 00:17:03 BDT 2026,GET,https://tfctest-001-production.up.railway.app/_next/static/chunks/453agz8dp9n5m.js,200,OK,583,445,5375
7107,Mon Sep 07 00:17:02 BDT 2026,Mon Sep 07 00:17:03 BDT 2026,GET,https://tfctest-001-production.up.railway.app/_next/static/chunks/3xlv20160_xqf.js,200,OK,798,448,115258
7108,Mon Sep 07 00:17:03 BDT 2026,Mon Sep 07 00:17:03 BDT 2026,GET,https://tfctest-001-production.up.railway.app/_next/static/chunks/453agz8dp9n5m.js,200,OK,541,445,5375
7109,Mon Sep 07 00:17:02 BDT 2026,Mon Sep 07 00:17:03 BDT 2026,GET,https://tfctest-001-production.up.railway.app/_next/static/chunks/22hkep6-doxxi.js,200,OK,685,446,28615
7110,Mon Sep 07 00:17:02 BDT 2026,Mon Sep 07 00:17:03 BDT 2026,GET,https://tfctest-001-production.up.railway.app/_next/static/chunks/3voe6zs_a01kl.js,200,OK,830,448,159930
7111,Mon Sep 07 00:17:02 BDT 2026,Mon Sep 07 00:17:03 BDT 2026,GET,https://tfctest-001-production.up.railway.app/_next/static/chunks/04mv_fcnqlctk.js,200,OK,881,448,252199
7112,Mon Sep 07 00:17:02 BDT 2026,Mon Sep 07 00:17:03 BDT 2026,GET,https://tfctest-001-production.up.railway.app/_next/static/chunks/2mmpezlrfmbu5.js,200,OK,687,446,34718
7113,Mon Sep 07 00:17:02 BDT 2026,Mon Sep 07 00:17:03 BDT 2026,GET,https://tfctest-001-production.up.railway.app/_next/static/chunks/310vm2bl3xxpt.js,200,OK,589,445,5364
7114,Mon Sep 07 00:17:02 BDT 2026,Mon Sep 07 00:17:03 BDT 2026,GET,https://tfctest-001-production.up.railway.app/_next/static/chunks/3byuobrkyz9bj.js,200,OK,903,448,229156
7115,Mon Sep 07 00:17:03 BDT 2026,Mon Sep 07 00:17:04 BDT 2026,GET,https://tfctest-001-production.up.railway.app/_next/static/chunks/3byuobrkyz9bj.js,200,OK,875,448,229156
7116,Mon Sep 07 00:17:03 BDT 2026,Mon Sep 07 00:17:04 BDT 2026,GET,https://tfctest-001-production.up.railway.app/_next/static/chunks/3voe6zs_a01kl.js,200,OK,819,448,159930
7117,Mon Sep 07 00:17:03 BDT 2026,Mon Sep 07 00:17:04 BDT 2026,GET,https://tfctest-001-production.up.railway.app/_next/static/chunks/turbopack-0n_bhld6oxte9.js,200,OK,547,445,9721
7118,Mon Sep 07 00:17:03 BDT 2026,Mon Sep 07 00:17:04 BDT 2026,GET,https://tfctest-001-production.up.railway.app/_next/static/chunks/3xlv20160_xqf.js,200,OK,791,448,115258
7119,Mon Sep 07 00:17:03 BDT 2026,Mon Sep 07 00:17:04 BDT 2026,GET,https://tfctest-001-production.up.railway.app/_next/static/chunks/2mmpezlrfmbu5.js,200,OK,625,446,34718
7120,Mon Sep 07 00:17:03 BDT 2026,Mon Sep 07 00:17:04 BDT 2026,GET,https://tfctest-001-production.up.railway.app/_next/static/chunks/22hkep6-doxxi.js,200,OK,665,446,28615
7121,Mon Sep 07 00:17:03 BDT 2026,Mon Sep 07 00:17:04 BDT 2026,GET,https://tfctest-001-production.up.railway.app/_next/static/chunks/310vm2bl3xxpt.js,200,OK,500,445,5364
7122,Mon Sep 07 00:17:03 BDT 2026,Mon Sep 07 00:17:04 BDT 2026,GET,https://tfctest-001-production.up.railway.app/_next/static/chunks/453agz8dp9n5m.js,200,OK,554,445,5375
7123,Mon Sep 07 00:17:05 BDT 2026,Mon Sep 07 00:17:06 BDT 2026,GET,https://tfctest-001-production.up.railway.app/_next/static/chunks/turbopack-0n_bhld6oxte9.js,200,OK,545,445,9721
7124,Mon Sep 07 00:17:05 BDT 2026,Mon Sep 07 00:17:06 BDT 2026,GET,https://tfctest-001-production.up.railway.app/_next/static/chunks/453agz8dp9n5m.js,200,OK,593,445,5375
7125,Mon Sep 07 00:17:05 BDT 2026,Mon Sep 07 00:17:06 BDT 2026,GET,https://tfctest-001-production.up.railway.app/_next/static/chunks/310vm2bl3xxpt.js,200,OK,593,445,5364
7126,Mon Sep 07 00:17:05 BDT 2026,Mon Sep 07 00:17:06 BDT 2026,GET,https://tfctest-001-production.up.railway.app/_next/static/chunks/2mmpezlrfmbu5.js,200,OK,727,446,34718
7127,Mon Sep 07 00:17:05 BDT 2026,Mon Sep 07 00:17:06 BDT 2026,GET,https://tfctest-001-production.up.railway.app/_next/static/chunks/22hkep6-doxxi.js,200,OK,727,446,28615
7128,Mon Sep 07 00:17:05 BDT 2026,Mon Sep 07 00:17:06 BDT 2026,GET,https://tfctest-001-production.up.railway.app/_next/static/chunks/3voe6zs_a01kl.js,200,OK,836,448,159930
7129,Mon Sep 07 00:17:05 BDT 2026,Mon Sep 07 00:17:06 BDT 2026,GET,https://tfctest-001-production.up.railway.app/_next/static/chunks/3xlv20160_xqf.js,200,OK,836,448,115258
7130,Mon Sep 07 00:17:05 BDT 2026,Mon Sep 07 00:17:06 BDT 2026,GET,https://tfctest-001-production.up.railway.app/_next/static/chunks/3byuobrkyz9bj.js,200,OK,967,448,229156
7131,Mon Sep 07 00:17:06 BDT 2026,Mon Sep 07 00:17:07 BDT 2026,GET,https://tfctest-001-production.up.railway.app/_next/static/chunks/turbopack-0n_bhld6oxte9.js,200,OK,561,445,9721
7132,Mon Sep 07 00:17:06 BDT 2026,Mon Sep 07 00:17:07 BDT 2026,GET,https://tfctest-001-production.up.railway.app/_next/static/chunks/310vm2bl3xxpt.js,200,OK,577,445,5364
7133,Mon Sep 07 00:17:06 BDT 2026,Mon Sep 07 00:17:07 BDT 2026,GET,https://tfctest-001-production.up.railway.app/_next/static/chunks/453agz8dp9n5m.js,200,OK,582,445,5375
7134,Mon Sep 07 00:17:06 BDT 2026,Mon Sep 07 00:17:07 BDT 2026,GET,https://tfctest-001-production.up.railway.app/_next/static/chunks/2mmpezlrfmbu5.js,200,OK,634,446,34718
7135,Mon Sep 07 00:17:06 BDT 2026,Mon Sep 07 00:17:07 BDT 2026,GET,https://tfctest-001-production.up.railway.app/_next/static/chunks/22hkep6-doxxi.js,200,OK,634,446,28615
7136,Mon Sep 07 00:17:06 BDT 2026,Mon Sep 07 00:17:07 BDT 2026,GET,https://tfctest-001-production.up.railway.app/_next/static/chunks/3voe6zs_a01kl.js,200,OK,803,448,159930
7137,Mon Sep 07 00:17:06 BDT 2026,Mon Sep 07 00:17:07 BDT 2026,GET,https://tfctest-001-production.up.railway.app/_next/static/chunks/3xlv20160_xqf.js,200,OK,803,448,115258
7138,Mon Sep 07 00:17:07 BDT 2026,Mon Sep 07 00:17:07 BDT 2026,GET,https://tfctest-001-production.up.railway.app/_next/static/chunks/turbopack-0n_bhld6oxte9.js,200,OK,548,445,9721
7139,Mon Sep 07 00:17:07 BDT 2026,Mon Sep 07 00:17:07 BDT 2026,GET,https://tfctest-001-production.up.railway.app/_next/static/chunks/310vm2bl3xxpt.js,200,OK,567,445,5364
7140,Mon Sep 07 00:17:07 BDT 2026,Mon Sep 07 00:17:07 BDT 2026,GET,https://tfctest-001-production.up.railway.app/_next/static/chunks/453agz8dp9n5m.js,200,OK,583,445,5375
7141,Mon Sep 07 00:17:06 BDT 2026,Mon Sep 07 00:17:07 BDT 2026,GET,https://tfctest-001-production.up.railway.app/_next/static/chunks/3byuobrkyz9bj.js,200,OK,881,448,229156
7142,Mon Sep 07 00:17:07 BDT 2026,Mon Sep 07 00:17:07 BDT 2026,GET,https://tfctest-001-production.up.railway.app/_next/static/chunks/2mmpezlrfmbu5.js,200,OK,638,446,34718
7143,Mon Sep 07 00:17:07 BDT 2026,Mon Sep 07 00:17:08 BDT 2026,GET,https://tfctest-001-production.up.railway.app/_next/static/chunks/turbopack-0n_bhld6oxte9.js,200,OK,567,445,9721
7144,Mon Sep 07 00:17:07 BDT 2026,Mon Sep 07 00:17:08 BDT 2026,GET,https://tfctest-001-production.up.railway.app/_next/static/chunks/310vm2bl3xxpt.js,200,OK,559,445,5364
7145,Mon Sep 07 00:17:07 BDT 2026,Mon Sep 07 00:17:08 BDT 2026,GET,https://tfctest-001-production.up.railway.app/_next/static/chunks/453agz8dp9n5m.js,200,OK,527,445,5375
7146,Mon Sep 07 00:17:07 BDT 2026,Mon Sep 07 00:17:08 BDT 2026,GET,https://tfctest-001-production.up.railway.app/_next/static/chunks/3xlv20160_xqf.js,200,OK,801,448,115258
7147,Mon Sep 07 00:17:07 BDT 2026,Mon Sep 07 00:17:08 BDT 2026,GET,https://tfctest-001-production.up.railway.app/_next/static/chunks/3voe6zs_a01kl.js,200,OK,848,448,159930
7148,Mon Sep 07 00:17:07 BDT 2026,Mon Sep 07 00:17:08 BDT 2026,GET,https://tfctest-001-production.up.railway.app/_next/static/chunks/3byuobrkyz9bj.js,200,OK,871,448,229156
7149,Mon Sep 07 00:17:08 BDT 2026,Mon Sep 07 00:17:08 BDT 2026,GET,https://tfctest-001-production.up.railway.app/_next/static/chunks/turbopack-0n_bhld6oxte9.js,200,OK,547,445,9721
7150,Mon Sep 07 00:17:08 BDT 2026,Mon Sep 07 00:17:08 BDT 2026,GET,https://tfctest-001-production.up.railway.app/_next/static/chunks/453agz8dp9n5m.js,200,OK,548,445,5375
7151,Mon Sep 07 00:17:08 BDT 2026,Mon Sep 07 00:17:08 BDT 2026,GET,https://tfctest-001-production.up.railway.app/api,404,Not Found,797,541,11478
7152,Mon Sep 07 00:17:07 BDT 2026,Mon Sep 07 00:17:08 BDT 2026,GET,https://tfctest-001-production.up.railway.app/admin?_rsc=u5cN-QBuq4Vdenib,200,OK,1570,431,291880
7154,Mon Sep 07 00:17:08 BDT 2026,Mon Sep 07 00:17:09 BDT 2026,GET,https://tfctest-001-production.up.railway.app/_next/static/chunks/3xlv20160_xqf.js,200,OK,753,448,115258
7155,Mon Sep 07 00:17:08 BDT 2026,Mon Sep 07 00:17:09 BDT 2026,GET,https://tfctest-001-production.up.railway.app/_next/static/chunks/turbopack-0n_bhld6oxte9.js,200,OK,519,445,9721
7156,Mon Sep 07 00:17:08 BDT 2026,Mon Sep 07 00:17:09 BDT 2026,GET,https://tfctest-001-production.up.railway.app/_next/static/chunks/453agz8dp9n5m.js,200,OK,549,445,5375
7157,Mon Sep 07 00:17:08 BDT 2026,Mon Sep 07 00:17:09 BDT 2026,GET,https://tfctest-001-production.up.railway.app/_next/static/chunks/3voe6zs_a01kl.js,200,OK,910,448,159930
7158,Mon Sep 07 00:17:08 BDT 2026,Mon Sep 07 00:17:09 BDT 2026,GET,https://tfctest-001-production.up.railway.app/_next/static/chunks/3byuobrkyz9bj.js,200,OK,878,448,229156
7159,Mon Sep 07 00:17:08 BDT 2026,Mon Sep 07 00:17:09 BDT 2026,GET,https://tfctest-001-production.up.railway.app/api,404,Not Found,740,541,11478
7160,Mon Sep 07 00:17:09 BDT 2026,Mon Sep 07 00:17:09 BDT 2026,GET,https://tfctest-001-production.up.railway.app/_next/static/chunks/turbopack-0n_bhld6oxte9.js,200,OK,527,445,9721
7161,Mon Sep 07 00:17:08 BDT 2026,Mon Sep 07 00:17:09 BDT 2026,GET,https://tfctest-001-production.up.railway.app/api/admin,404,Not Found,923,541,11488
7162,Mon Sep 07 00:17:08 BDT 2026,Mon Sep 07 00:17:09 BDT 2026,GET,https://tfctest-001-production.up.railway.app/admin?tab=orders&_rsc=u5cN-QBuq4Vdenib,200,OK,1804,430,11204
7164,Mon Sep 07 00:17:09 BDT 2026,Mon Sep 07 00:17:09 BDT 2026,GET,https://tfctest-001-production.up.railway.app/_next/static/chunks/453agz8dp9n5m.js,200,OK,535,445,5375
7165,Mon Sep 07 00:17:09 BDT 2026,Mon Sep 07 00:17:09 BDT 2026,GET,https://tfctest-001-production.up.railway.app/_next/static/chunks/3xlv20160_xqf.js,200,OK,801,448,115258
7166,Mon Sep 07 00:17:09 BDT 2026,Mon Sep 07 00:17:10 BDT 2026,GET,https://tfctest-001-production.up.railway.app/_next/static/chunks/3voe6zs_a01kl.js,200,OK,810,448,159930
7167,Mon Sep 07 00:17:09 BDT 2026,Mon Sep 07 00:17:10 BDT 2026,GET,https://tfctest-001-production.up.railway.app/_next/static/chunks/turbopack-0n_bhld6oxte9.js,200,OK,535,445,9721
7168,Mon Sep 07 00:17:09 BDT 2026,Mon Sep 07 00:17:10 BDT 2026,GET,https://tfctest-001-production.up.railway.app/_next/static/chunks/453agz8dp9n5m.js,200,OK,525,445,5375
7169,Mon Sep 07 00:17:09 BDT 2026,Mon Sep 07 00:17:10 BDT 2026,GET,https://tfctest-001-production.up.railway.app/_next/static/chunks/3byuobrkyz9bj.js,200,OK,904,448,229156
7170,Mon Sep 07 00:17:08 BDT 2026,Mon Sep 07 00:17:10 BDT 2026,GET,https://tfctest-001-production.up.railway.app/admin?_rsc=u5cN-QBuq4Vdenib,200,OK,1571,431,291880
7172,Mon Sep 07 00:17:09 BDT 2026,Mon Sep 07 00:17:10 BDT 2026,GET,https://tfctest-001-production.up.railway.app/api,404,Not Found,1028,541,11478
7173,Mon Sep 07 00:17:09 BDT 2026,Mon Sep 07 00:17:10 BDT 2026,GET,https://tfctest-001-production.up.railway.app/_next/static/chunks/3xlv20160_xqf.js,200,OK,833,448,115258
7174,Mon Sep 07 00:17:10 BDT 2026,Mon Sep 07 00:17:10 BDT 2026,GET,https://tfctest-001-production.up.railway.app/_next/static/chunks/turbopack-0n_bhld6oxte9.js,200,OK,558,445,9721
7175,Mon Sep 07 00:17:10 BDT 2026,Mon Sep 07 00:17:11 BDT 2026,GET,https://tfctest-001-production.up.railway.app/_next/static/chunks/453agz8dp9n5m.js,200,OK,567,445,5375
7176,Mon Sep 07 00:17:10 BDT 2026,Mon Sep 07 00:17:11 BDT 2026,GET,https://tfctest-001-production.up.railway.app/_next/static/chunks/3voe6zs_a01kl.js,200,OK,875,448,159930
7177,Mon Sep 07 00:17:10 BDT 2026,Mon Sep 07 00:17:11 BDT 2026,GET,https://tfctest-001-production.up.railway.app/_next/static/chunks/3byuobrkyz9bj.js,200,OK,872,448,229156
7178,Mon Sep 07 00:17:10 BDT 2026,Mon Sep 07 00:17:11 BDT 2026,GET,https://tfctest-001-production.up.railway.app/_next/static/chunks/turbopack-0n_bhld6oxte9.js,200,OK,543,445,9721
7179,Mon Sep 07 00:17:10 BDT 2026,Mon Sep 07 00:17:11 BDT 2026,GET,https://tfctest-001-production.up.railway.app/api,404,Not Found,778,541,11478
7180,Mon Sep 07 00:17:10 BDT 2026,Mon Sep 07 00:17:11 BDT 2026,GET,https://tfctest-001-production.up.railway.app/_next/static/chunks/3xlv20160_xqf.js,200,OK,840,448,115258
7181,Mon Sep 07 00:17:09 BDT 2026,Mon Sep 07 00:17:11 BDT 2026,GET,https://tfctest-001-production.up.railway.app/admin?tab=orders&_rsc=u5cN-QBuq4Vdenib,200,OK,2048,430,11204
7182,Mon Sep 07 00:17:11 BDT 2026,Mon Sep 07 00:17:11 BDT 2026,GET,https://tfctest-001-production.up.railway.app/api/admin,404,Not Found,804,541,11488
7184,Mon Sep 07 00:17:11 BDT 2026,Mon Sep 07 00:17:11 BDT 2026,GET,https://tfctest-001-production.up.railway.app/api/admin/orders,404,Not Found,806,541,11499
7185,Mon Sep 07 00:17:11 BDT 2026,Mon Sep 07 00:17:12 BDT 2026,GET,https://tfctest-001-production.up.railway.app/_next/static/chunks/turbopack-0n_bhld6oxte9.js,200,OK,671,445,9721
7186,Mon Sep 07 00:17:11 BDT 2026,Mon Sep 07 00:17:12 BDT 2026,GET,https://tfctest-001-production.up.railway.app/_next/static/chunks/3voe6zs_a01kl.js,200,OK,1048,448,159930
7187,Mon Sep 07 00:17:11 BDT 2026,Mon Sep 07 00:17:12 BDT 2026,GET,https://tfctest-001-production.up.railway.app/api,404,Not Found,912,541,11478
7188,Mon Sep 07 00:17:10 BDT 2026,Mon Sep 07 00:17:12 BDT 2026,GET,https://tfctest-001-production.up.railway.app/admin?_rsc=u5cN-QBuq4Vdenib,200,OK,1831,431,291880
7190,Mon Sep 07 00:17:11 BDT 2026,Mon Sep 07 00:17:12 BDT 2026,GET,https://tfctest-001-production.up.railway.app/_next/static/chunks/3byuobrkyz9bj.js,200,OK,1218,448,229156
7191,Mon Sep 07 00:17:11 BDT 2026,Mon Sep 07 00:17:12 BDT 2026,GET,https://tfctest-001-production.up.railway.app/api/admin,404,Not Found,974,541,11488
7192,Mon Sep 07 00:17:11 BDT 2026,Mon Sep 07 00:17:12 BDT 2026,GET,https://tfctest-001-production.up.railway.app/_next/static/chunks/3xlv20160_xqf.js,200,OK,1280,448,115258
7193,Mon Sep 07 00:17:12 BDT 2026,Mon Sep 07 00:17:12 BDT 2026,GET,https://tfctest-001-production.up.railway.app/api/admin/products,405,Method Not Allowed,794,321,0
7194,Mon Sep 07 00:17:12 BDT 2026,Mon Sep 07 00:17:13 BDT 2026,GET,https://tfctest-001-production.up.railway.app/api/admin/orders,404,Not Found,955,541,11499
7195,Mon Sep 07 00:17:12 BDT 2026,Mon Sep 07 00:17:13 BDT 2026,GET,https://tfctest-001-production.up.railway.app/api,404,Not Found,826,541,11478
7196,Mon Sep 07 00:17:12 BDT 2026,Mon Sep 07 00:17:13 BDT 2026,GET,https://tfctest-001-production.up.railway.app/_next/static/chunks/3voe6zs_a01kl.js,200,OK,1169,448,159930
7197,Mon Sep 07 00:17:12 BDT 2026,Mon Sep 07 00:17:13 BDT 2026,GET,https://tfctest-001-production.up.railway.app/api/admin,404,Not Found,807,541,11488
7198,Mon Sep 07 00:17:12 BDT 2026,Mon Sep 07 00:17:13 BDT 2026,GET,https://tfctest-001-production.up.railway.app/_next/static/chunks/3byuobrkyz9bj.js,200,OK,1181,448,229156
7199,Mon Sep 07 00:17:12 BDT 2026,Mon Sep 07 00:17:13 BDT 2026,GET,https://tfctest-001-production.up.railway.app/_next/static/chunks/3xlv20160_xqf.js,200,OK,884,448,115258
7200,Mon Sep 07 00:17:11 BDT 2026,Mon Sep 07 00:17:13 BDT 2026,GET,https://tfctest-001-production.up.railway.app/admin?tab=orders&_rsc=u5cN-QBuq4Vdenib,200,OK,1923,430,11204
7202,Mon Sep 07 00:17:13 BDT 2026,Mon Sep 07 00:17:13 BDT 2026,GET,https://tfctest-001-production.up.railway.app/api/admin/products,405,Method Not Allowed,532,321,0
7203,Mon Sep 07 00:17:13 BDT 2026,Mon Sep 07 00:17:14 BDT 2026,GET,https://tfctest-001-production.up.railway.app/api/admin/orders,404,Not Found,927,541,11499
7204,Mon Sep 07 00:17:13 BDT 2026,Mon Sep 07 00:17:14 BDT 2026,GET,https://tfctest-001-production.up.railway.app/api,404,Not Found,933,541,11478
7205,Mon Sep 07 00:17:12 BDT 2026,Mon Sep 07 00:17:14 BDT 2026,GET,https://tfctest-001-production.up.railway.app/admin?_rsc=u5cN-QBuq4Vdenib,200,OK,1739,431,291880
7207,Mon Sep 07 00:17:13 BDT 2026,Mon Sep 07 00:17:14 BDT 2026,GET,https://tfctest-001-production.up.railway.app/checkout?_rsc=sW2A7HEmFQnSVIMx,200,OK,568,429,1041
7209,Mon Sep 07 00:17:13 BDT 2026,Mon Sep 07 00:17:14 BDT 2026,GET,https://tfctest-001-production.up.railway.app/api/admin/products,405,Method Not Allowed,593,321,0
7210,Mon Sep 07 00:17:13 BDT 2026,Mon Sep 07 00:17:14 BDT 2026,GET,https://tfctest-001-production.up.railway.app/api/admin,404,Not Found,833,541,11488
7211,Mon Sep 07 00:17:13 BDT 2026,Mon Sep 07 00:17:14 BDT 2026,GET,https://tfctest-001-production.up.railway.app/_next/static/chunks/3xlv20160_xqf.js,200,OK,858,448,115258
7212,Mon Sep 07 00:17:14 BDT 2026,Mon Sep 07 00:17:14 BDT 2026,GET,https://tfctest-001-production.up.railway.app/api/admin/orders,404,Not Found,741,541,11499
7213,Mon Sep 07 00:17:14 BDT 2026,Mon Sep 07 00:17:14 BDT 2026,GET,https://tfctest-001-production.up.railway.app/checkout?_rsc=sW2A7HEmFQnSVIMx,200,OK,567,429,1041
7215,Mon Sep 07 00:17:14 BDT 2026,Mon Sep 07 00:17:14 BDT 2026,GET,https://tfctest-001-production.up.railway.app/api,404,Not Found,816,541,11478
7216,Mon Sep 07 00:17:14 BDT 2026,Mon Sep 07 00:17:15 BDT 2026,GET,https://tfctest-001-production.up.railway.app/api/admin/products,405,Method Not Allowed,538,321,0
7217,Mon Sep 07 00:17:14 BDT 2026,Mon Sep 07 00:17:15 BDT 2026,GET,https://tfctest-001-production.up.railway.app/api/admin,404,Not Found,752,541,11488
7218,Mon Sep 07 00:17:14 BDT 2026,Mon Sep 07 00:17:15 BDT 2026,GET,https://tfctest-001-production.up.railway.app/favicon.ico,404,Not Found,500,361,9
7219,Mon Sep 07 00:17:14 BDT 2026,Mon Sep 07 00:17:15 BDT 2026,GET,https://tfctest-001-production.up.railway.app/checkout?_rsc=sW2A7HEmFQnSVIMx,200,OK,508,429,1041
7221,Mon Sep 07 00:17:13 BDT 2026,Mon Sep 07 00:17:15 BDT 2026,GET,https://tfctest-001-production.up.railway.app/admin?tab=orders&_rsc=u5cN-QBuq4Vdenib,200,OK,1772,430,11204
7223,Mon Sep 07 00:17:15 BDT 2026,Mon Sep 07 00:17:15 BDT 2026,GET,https://tfctest-001-production.up.railway.app/api/admin/products,405,Method Not Allowed,538,321,0
7224,Mon Sep 07 00:17:14 BDT 2026,Mon Sep 07 00:17:15 BDT 2026,GET,https://tfctest-001-production.up.railway.app/api/admin/orders,404,Not Found,820,541,11499
7225,Mon Sep 07 00:17:14 BDT 2026,Mon Sep 07 00:17:15 BDT 2026,GET,https://tfctest-001-production.up.railway.app/api,404,Not Found,736,541,11215
7227,Mon Sep 07 00:17:15 BDT 2026,Mon Sep 07 00:17:15 BDT 2026,GET,https://tfctest-001-production.up.railway.app/favicon.ico,404,Not Found,514,361,9
7228,Mon Sep 07 00:17:15 BDT 2026,Mon Sep 07 00:17:15 BDT 2026,GET,https://tfctest-001-production.up.railway.app/checkout?_rsc=sW2A7HEmFQnSVIMx,200,OK,520,429,1041
7230,Mon Sep 07 00:17:15 BDT 2026,Mon Sep 07 00:17:16 BDT 2026,GET,https://tfctest-001-production.up.railway.app/api/admin,404,Not Found,756,541,11488
7231,Mon Sep 07 00:17:15 BDT 2026,Mon Sep 07 00:17:16 BDT 2026,GET,https://tfctest-001-production.up.railway.app/api/admin/products,405,Method Not Allowed,559,321,0
7232,Mon Sep 07 00:17:14 BDT 2026,Mon Sep 07 00:17:16 BDT 2026,GET,https://tfctest-001-production.up.railway.app/admin?_rsc=u5cN-QBuq4Vdenib,200,OK,1962,431,291880
7234,Mon Sep 07 00:17:15 BDT 2026,Mon Sep 07 00:17:16 BDT 2026,GET,https://tfctest-001-production.up.railway.app/api/admin/orders,404,Not Found,748,541,11499
7235,Mon Sep 07 00:17:15 BDT 2026,Mon Sep 07 00:17:16 BDT 2026,GET,https://tfctest-001-production.up.railway.app/favicon.ico,404,Not Found,529,361,9
7236,Mon Sep 07 00:17:15 BDT 2026,Mon Sep 07 00:17:16 BDT 2026,GET,https://tfctest-001-production.up.railway.app/api,404,Not Found,751,541,11478
7237,Mon Sep 07 00:17:15 BDT 2026,Mon Sep 07 00:17:16 BDT 2026,GET,https://tfctest-001-production.up.railway.app/checkout?_rsc=sW2A7HEmFQnSVIMx,200,OK,539,429,1041
7239,Mon Sep 07 00:17:16 BDT 2026,Mon Sep 07 00:17:16 BDT 2026,GET,https://tfctest-001-production.up.railway.app/api/admin/products,405,Method Not Allowed,534,321,0
7240,Mon Sep 07 00:17:16 BDT 2026,Mon Sep 07 00:17:16 BDT 2026,GET,https://tfctest-001-production.up.railway.app/api/admin,404,Not Found,764,541,11488
7241,Mon Sep 07 00:17:16 BDT 2026,Mon Sep 07 00:17:16 BDT 2026,GET,https://tfctest-001-production.up.railway.app/favicon.ico,404,Not Found,532,361,9
7242,Mon Sep 07 00:17:16 BDT 2026,Mon Sep 07 00:17:17 BDT 2026,GET,https://tfctest-001-production.up.railway.app/checkout?_rsc=sW2A7HEmFQnSVIMx,200,OK,536,429,1041
7244,Mon Sep 07 00:17:16 BDT 2026,Mon Sep 07 00:17:17 BDT 2026,GET,https://tfctest-001-production.up.railway.app/api/admin/orders,404,Not Found,774,541,11499
7245,Mon Sep 07 00:17:16 BDT 2026,Mon Sep 07 00:17:17 BDT 2026,GET,https://tfctest-001-production.up.railway.app/api/admin/products,405,Method Not Allowed,520,321,0
7246,Mon Sep 07 00:17:16 BDT 2026,Mon Sep 07 00:17:17 BDT 2026,GET,https://tfctest-001-production.up.railway.app/api,404,Not Found,790,541,11478
7247,Mon Sep 07 00:17:15 BDT 2026,Mon Sep 07 00:17:17 BDT 2026,GET,https://tfctest-001-production.up.railway.app/admin?tab=orders&_rsc=u5cN-QBuq4Vdenib,200,OK,1756,430,11204
7249,Mon Sep 07 00:17:16 BDT 2026,Mon Sep 07 00:17:17 BDT 2026,GET,https://tfctest-001-production.up.railway.app/favicon.ico,404,Not Found,537,361,9
7250,Mon Sep 07 00:17:17 BDT 2026,Mon Sep 07 00:17:17 BDT 2026,GET,https://tfctest-001-production.up.railway.app/checkout?_rsc=sW2A7HEmFQnSVIMx,200,OK,505,429,1041
7252,Mon Sep 07 00:17:16 BDT 2026,Mon Sep 07 00:17:17 BDT 2026,GET,https://tfctest-001-production.up.railway.app/api/admin,404,Not Found,771,541,11225
7254,Mon Sep 07 00:17:16 BDT 2026,Mon Sep 07 00:17:17 BDT 2026,GET,https://tfctest-001-production.up.railway.app/admin?_rsc=u5cN-QBuq4Vdenib,200,OK,1461,431,291880
7256,Mon Sep 07 00:17:17 BDT 2026,Mon Sep 07 00:17:17 BDT 2026,GET,https://tfctest-001-production.up.railway.app/api/admin/products,405,Method Not Allowed,529,321,0
7257,Mon Sep 07 00:17:17 BDT 2026,Mon Sep 07 00:17:17 BDT 2026,GET,https://tfctest-001-production.up.railway.app/api/admin/orders,404,Not Found,723,541,11499
7258,Mon Sep 07 00:17:17 BDT 2026,Mon Sep 07 00:17:18 BDT 2026,GET,https://tfctest-001-production.up.railway.app/favicon.ico,404,Not Found,529,361,9
7259,Mon Sep 07 00:17:17 BDT 2026,Mon Sep 07 00:17:18 BDT 2026,GET,https://tfctest-001-production.up.railway.app/api,404,Not Found,764,541,11478
7260,Mon Sep 07 00:17:17 BDT 2026,Mon Sep 07 00:17:18 BDT 2026,GET,https://tfctest-001-production.up.railway.app/checkout?_rsc=sW2A7HEmFQnSVIMx,200,OK,542,428,924
7262,Mon Sep 07 00:17:17 BDT 2026,Mon Sep 07 00:17:18 BDT 2026,GET,https://tfctest-001-production.up.railway.app/api/admin/products,405,Method Not Allowed,547,321,0
7263,Mon Sep 07 00:17:17 BDT 2026,Mon Sep 07 00:17:18 BDT 2026,GET,https://tfctest-001-production.up.railway.app/api/admin,404,Not Found,850,541,11488
7264,Mon Sep 07 00:17:18 BDT 2026,Mon Sep 07 00:17:18 BDT 2026,GET,https://tfctest-001-production.up.railway.app/favicon.ico,404,Not Found,537,361,9
7265,Mon Sep 07 00:17:18 BDT 2026,Mon Sep 07 00:17:18 BDT 2026,GET,https://tfctest-001-production.up.railway.app/checkout?_rsc=sW2A7HEmFQnSVIMx,200,OK,529,429,1041
7267,Mon Sep 07 00:17:17 BDT 2026,Mon Sep 07 00:17:18 BDT 2026,GET,https://tfctest-001-production.up.railway.app/api/admin/orders,404,Not Found,807,541,11236
7269,Mon Sep 07 00:17:18 BDT 2026,Mon Sep 07 00:17:18 BDT 2026,GET,https://tfctest-001-production.up.railway.app/api,404,Not Found,784,541,11478
7270,Mon Sep 07 00:17:18 BDT 2026,Mon Sep 07 00:17:18 BDT 2026,GET,https://tfctest-001-production.up.railway.app/api/admin/products,405,Method Not Allowed,514,321,0
7271,Mon Sep 07 00:17:18 BDT 2026,Mon Sep 07 00:17:19 BDT 2026,GET,https://tfctest-001-production.up.railway.app/favicon.ico,404,Not Found,521,361,9
7272,Mon Sep 07 00:17:18 BDT 2026,Mon Sep 07 00:17:19 BDT 2026,GET,https://tfctest-001-production.up.railway.app/checkout?_rsc=sW2A7HEmFQnSVIMx,200,OK,526,429,1041
7274,Mon Sep 07 00:17:17 BDT 2026,Mon Sep 07 00:17:19 BDT 2026,GET,https://tfctest-001-production.up.railway.app/admin?tab=orders&_rsc=u5cN-QBuq4Vdenib,200,OK,1815,430,11204
7276,Mon Sep 07 00:17:17 BDT 2026,Mon Sep 07 00:17:19 BDT 2026,GET,https://tfctest-001-production.up.railway.app/admin?_rsc=u5cN-QBuq4Vdenib,200,OK,1491,431,291880
7278,Mon Sep 07 00:17:18 BDT 2026,Mon Sep 07 00:17:19 BDT 2026,GET,https://tfctest-001-production.up.railway.app/api/admin,404,Not Found,776,541,11488
7279,Mon Sep 07 00:17:18 BDT 2026,Mon Sep 07 00:17:19 BDT 2026,GET,https://tfctest-001-production.up.railway.app/api/admin/products,405,Method Not Allowed,546,321,0
7280,Mon Sep 07 00:17:18 BDT 2026,Mon Sep 07 00:17:19 BDT 2026,GET,https://tfctest-001-production.up.railway.app/api/admin/orders,404,Not Found,811,541,11499
7281,Mon Sep 07 00:17:18 BDT 2026,Mon Sep 07 00:17:19 BDT 2026,GET,https://tfctest-001-production.up.railway.app/login,200,OK,702,461,10254
7282,Mon Sep 07 00:17:19 BDT 2026,Mon Sep 07 00:17:19 BDT 2026,GET,https://tfctest-001-production.up.railway.app/favicon.ico,404,Not Found,530,361,9
7283,Mon Sep 07 00:17:19 BDT 2026,Mon Sep 07 00:17:19 BDT 2026,GET,https://tfctest-001-production.up.railway.app/checkout?_rsc=sW2A7HEmFQnSVIMx,200,OK,536,429,1041
7285,Mon Sep 07 00:17:19 BDT 2026,Mon Sep 07 00:17:19 BDT 2026,GET,https://tfctest-001-production.up.railway.app/api/admin/products,405,Method Not Allowed,522,321,0
7286,Mon Sep 07 00:17:19 BDT 2026,Mon Sep 07 00:17:20 BDT 2026,GET,https://tfctest-001-production.up.railway.app/api/admin,404,Not Found,748,541,11488
7287,Mon Sep 07 00:17:19 BDT 2026,Mon Sep 07 00:17:20 BDT 2026,GET,https://tfctest-001-production.up.railway.app/login,200,OK,549,461,10254
7288,Mon Sep 07 00:17:19 BDT 2026,Mon Sep 07 00:17:20 BDT 2026,GET,https://tfctest-001-production.up.railway.app/checkout?_rsc=sW2A7HEmFQnSVIMx,200,OK,548,429,1041
7290,Mon Sep 07 00:17:19 BDT 2026,Mon Sep 07 00:17:20 BDT 2026,GET,https://tfctest-001-production.up.railway.app/favicon.ico,404,Not Found,691,361,9
7291,Mon Sep 07 00:17:19 BDT 2026,Mon Sep 07 00:17:20 BDT 2026,GET,https://tfctest-001-production.up.railway.app/api/admin/orders,404,Not Found,760,541,11499
7292,Mon Sep 07 00:17:20 BDT 2026,Mon Sep 07 00:17:20 BDT 2026,GET,https://tfctest-001-production.up.railway.app/login?_rsc=sW2A7HEmFQnSVIMx,200,OK,519,429,1038
7294,Mon Sep 07 00:17:20 BDT 2026,Mon Sep 07 00:17:20 BDT 2026,GET,https://tfctest-001-production.up.railway.app/products,404,Not Found,519,435,271
7295,Mon Sep 07 00:17:19 BDT 2026,Mon Sep 07 00:17:20 BDT 2026,GET,https://tfctest-001-production.up.railway.app/admin?_rsc=u5cN-QBuq4Vdenib,200,OK,1482,431,291705
7297,Mon Sep 07 00:17:20 BDT 2026,Mon Sep 07 00:17:20 BDT 2026,GET,https://tfctest-001-production.up.railway.app/login,200,OK,563,461,10254
7298,Mon Sep 07 00:17:20 BDT 2026,Mon Sep 07 00:17:20 BDT 2026,GET,https://tfctest-001-production.up.railway.app/favicon.ico,404,Not Found,547,361,9
7299,Mon Sep 07 00:17:20 BDT 2026,Mon Sep 07 00:17:20 BDT 2026,GET,https://tfctest-001-production.up.railway.app/api/admin,404,Not Found,830,541,11488
7300,Mon Sep 07 00:17:19 BDT 2026,Mon Sep 07 00:17:21 BDT 2026,GET,https://tfctest-001-production.up.railway.app/admin?tab=orders&_rsc=u5cN-QBuq4Vdenib,200,OK,1822,430,11204
7302,Mon Sep 07 00:17:20 BDT 2026,Mon Sep 07 00:17:21 BDT 2026,GET,https://tfctest-001-production.up.railway.app/api/admin/orders,404,Not Found,726,541,11499
7303,Mon Sep 07 00:17:20 BDT 2026,Mon Sep 07 00:17:21 BDT 2026,GET,https://tfctest-001-production.up.railway.app/login?_rsc=sW2A7HEmFQnSVIMx,200,OK,640,429,1038
7305,Mon Sep 07 00:17:20 BDT 2026,Mon Sep 07 00:17:21 BDT 2026,GET,https://tfctest-001-production.up.railway.app/products,404,Not Found,640,435,271
7306,Mon Sep 07 00:17:20 BDT 2026,Mon Sep 07 00:17:21 BDT 2026,GET,https://tfctest-001-production.up.railway.app/login,200,OK,577,461,10254
7307,Mon Sep 07 00:17:20 BDT 2026,Mon Sep 07 00:17:21 BDT 2026,GET,https://tfctest-001-production.up.railway.app/favicon.ico,404,Not Found,499,361,9
7308,Mon Sep 07 00:17:21 BDT 2026,Mon Sep 07 00:17:21 BDT 2026,GET,https://tfctest-001-production.up.railway.app/products/1?_rsc=tXyZJ52UQVBCVsD3,200,OK,538,429,1105
7310,Mon Sep 07 00:17:21 BDT 2026,Mon Sep 07 00:17:21 BDT 2026,GET,https://tfctest-001-production.up.railway.app/api/admin/orders,404,Not Found,730,541,11499
7311,Mon Sep 07 00:17:21 BDT 2026,Mon Sep 07 00:17:21 BDT 2026,GET,https://tfctest-001-production.up.railway.app/products,404,Not Found,535,435,271
7312,Mon Sep 07 00:17:21 BDT 2026,Mon Sep 07 00:17:21 BDT 2026,GET,https://tfctest-001-production.up.railway.app/login?_rsc=sW2A7HEmFQnSVIMx,200,OK,544,429,1038
7314,Mon Sep 07 00:17:21 BDT 2026,Mon Sep 07 00:17:22 BDT 2026,GET,https://tfctest-001-production.up.railway.app/login,200,OK,757,461,10254
7315,Mon Sep 07 00:17:21 BDT 2026,Mon Sep 07 00:17:22 BDT 2026,GET,https://tfctest-001-production.up.railway.app/products/1?_rsc=tXyZJ52UQVBCVsD3,200,OK,491,429,1105
7317,Mon Sep 07 00:17:21 BDT 2026,Mon Sep 07 00:17:22 BDT 2026,GET,https://tfctest-001-production.up.railway.app/products/10?_rsc=2hBWap-TNtn-h8MG,200,OK,729,429,4492
7319,Mon Sep 07 00:17:20 BDT 2026,Mon Sep 07 00:17:22 BDT 2026,GET,https://tfctest-001-production.up.railway.app/admin?_rsc=u5cN-QBuq4Vdenib,200,OK,1508,431,291880
7321,Mon Sep 07 00:17:21 BDT 2026,Mon Sep 07 00:17:22 BDT 2026,GET,https://tfctest-001-production.up.railway.app/products,404,Not Found,511,435,271
7322,Mon Sep 07 00:17:21 BDT 2026,Mon Sep 07 00:17:22 BDT 2026,GET,https://tfctest-001-production.up.railway.app/login?_rsc=sW2A7HEmFQnSVIMx,200,OK,659,429,1038
7324,Mon Sep 07 00:17:22 BDT 2026,Mon Sep 07 00:17:22 BDT 2026,GET,https://tfctest-001-production.up.railway.app/login,200,OK,534,461,10254
7325,Mon Sep 07 00:17:21 BDT 2026,Mon Sep 07 00:17:22 BDT 2026,GET,https://tfctest-001-production.up.railway.app/products/15,200,OK,721,534,13158
7327,Mon Sep 07 00:17:22 BDT 2026,Mon Sep 07 00:17:22 BDT 2026,GET,https://tfctest-001-production.up.railway.app/products/1?_rsc=tXyZJ52UQVBCVsD3,200,OK,520,429,1105
7328,Mon Sep 07 00:17:21 BDT 2026,Mon Sep 07 00:17:22 BDT 2026,GET,https://tfctest-001-production.up.railway.app/admin?tab=orders&_rsc=u5cN-QBuq4Vdenib,200,OK,1781,430,11027
7330,Mon Sep 07 00:17:22 BDT 2026,Mon Sep 07 00:17:23 BDT 2026,GET,https://tfctest-001-production.up.railway.app/admin?_rsc=u5cN-QBuq4Vdenib,200,OK,1483,431,291880
7331,Mon Sep 07 00:17:22 BDT 2026,Mon Sep 07 00:17:23 BDT 2026,GET,https://tfctest-001-production.up.railway.app/login,200,OK,578,461,10254
7332,Mon Sep 07 00:17:22 BDT 2026,Mon Sep 07 00:17:23 BDT 2026,GET,https://tfctest-001-production.up.railway.app/login?_rsc=sW2A7HEmFQnSVIMx,200,OK,541,429,1038
7334,Mon Sep 07 00:17:22 BDT 2026,Mon Sep 07 00:17:23 BDT 2026,GET,https://tfctest-001-production.up.railway.app/products/10?_rsc=2hBWap-TNtn-h8MG,200,OK,766,429,4492
7335,Mon Sep 07 00:17:22 BDT 2026,Mon Sep 07 00:17:22 BDT 2026,GET,https://tfctest-001-production.up.railway.app/products,404,Not Found,539,435,271
7339,Mon Sep 07 00:17:24 BDT 2026,Mon Sep 07 00:17:25 BDT 2026,GET,https://tfctest-001-production.up.railway.app/products/1?_rsc=tXyZJ52UQVBCVsD3,200,OK,555,429,1105
7340,Mon Sep 07 00:17:24 BDT 2026,Mon Sep 07 00:17:25 BDT 2026,GET,https://tfctest-001-production.up.railway.app/login,200,OK,555,460,9989
7343,Mon Sep 07 00:17:24 BDT 2026,Mon Sep 07 00:17:25 BDT 2026,GET,https://tfctest-001-production.up.railway.app/login?_rsc=sW2A7HEmFQnSVIMx,200,OK,571,429,1038
7344,Mon Sep 07 00:17:24 BDT 2026,Mon Sep 07 00:17:25 BDT 2026,GET,https://tfctest-001-production.up.railway.app/products,404,Not Found,571,435,271
7346,Mon Sep 07 00:17:24 BDT 2026,Mon Sep 07 00:17:25 BDT 2026,GET,https://tfctest-001-production.up.railway.app/products/10?_rsc=2hBWap-TNtn-h8MG,200,OK,761,429,4492
7348,Mon Sep 07 00:17:24 BDT 2026,Mon Sep 07 00:17:25 BDT 2026,GET,https://tfctest-001-production.up.railway.app/products/15,200,OK,855,534,13158
7350,Mon Sep 07 00:17:25 BDT 2026,Mon Sep 07 00:17:25 BDT 2026,GET,https://tfctest-001-production.up.railway.app/products/1?_rsc=tXyZJ52UQVBCVsD3,200,OK,503,429,1105
7351,Mon Sep 07 00:17:25 BDT 2026,Mon Sep 07 00:17:25 BDT 2026,GET,https://tfctest-001-production.up.railway.app/products,404,Not Found,500,435,271
7353,Mon Sep 07 00:17:25 BDT 2026,Mon Sep 07 00:17:25 BDT 2026,GET,https://tfctest-001-production.up.railway.app/login?_rsc=sW2A7HEmFQnSVIMx,200,OK,507,429,1038
7355,Mon Sep 07 00:17:25 BDT 2026,Mon Sep 07 00:17:25 BDT 2026,GET,https://tfctest-001-production.up.railway.app/login,200,OK,525,461,10254
7356,Mon Sep 07 00:17:25 BDT 2026,Mon Sep 07 00:17:26 BDT 2026,GET,https://tfctest-001-production.up.railway.app/products/10?_rsc=2hBWap-TNtn-h8MG,200,OK,715,429,4492
7358,Mon Sep 07 00:17:24 BDT 2026,Mon Sep 07 00:17:26 BDT 2026,GET,https://tfctest-001-production.up.railway.app/admin?_rsc=u5cN-QBuq4Vdenib,200,OK,1538,431,291880
7360,Mon Sep 07 00:17:25 BDT 2026,Mon Sep 07 00:17:26 BDT 2026,GET,https://tfctest-001-production.up.railway.app/products/1?_rsc=tXyZJ52UQVBCVsD3,200,OK,504,429,1105
7361,Mon Sep 07 00:17:25 BDT 2026,Mon Sep 07 00:17:26 BDT 2026,GET,https://tfctest-001-production.up.railway.app/login?_rsc=sW2A7HEmFQnSVIMx,200,OK,517,428,921
7362,Mon Sep 07 00:17:25 BDT 2026,Mon Sep 07 00:17:26 BDT 2026,GET,https://tfctest-001-production.up.railway.app/products,404,Not Found,515,435,271
7365,Mon Sep 07 00:17:25 BDT 2026,Mon Sep 07 00:17:26 BDT 2026,GET,https://tfctest-001-production.up.railway.app/products/15,200,OK,782,534,13158
7367,Mon Sep 07 00:17:25 BDT 2026,Mon Sep 07 00:17:26 BDT 2026,GET,https://tfctest-001-production.up.railway.app/login,200,OK,536,461,10254
7368,Mon Sep 07 00:17:24 BDT 2026,Mon Sep 07 00:17:26 BDT 2026,GET,https://tfctest-001-production.up.railway.app/admin?tab=orders&_rsc=u5cN-QBuq4Vdenib,200,OK,1742,430,11204
7370,Mon Sep 07 00:17:26 BDT 2026,Mon Sep 07 00:17:26 BDT 2026,GET,https://tfctest-001-production.up.railway.app/products/1?_rsc=tXyZJ52UQVBCVsD3,200,OK,518,429,1105
7372,Mon Sep 07 00:17:26 BDT 2026,Mon Sep 07 00:17:26 BDT 2026,GET,https://tfctest-001-production.up.railway.app/login?_rsc=sW2A7HEmFQnSVIMx,200,OK,518,429,1038
7374,Mon Sep 07 00:17:26 BDT 2026,Mon Sep 07 00:17:26 BDT 2026,GET,https://tfctest-001-production.up.railway.app/products/10?_rsc=2hBWap-TNtn-h8MG,200,OK,701,429,4492
7376,Mon Sep 07 00:17:26 BDT 2026,Mon Sep 07 00:17:26 BDT 2026,GET,https://tfctest-001-production.up.railway.app/products,404,Not Found,587,435,271
7377,Mon Sep 07 00:17:26 BDT 2026,Mon Sep 07 00:17:26 BDT 2026,GET,https://tfctest-001-production.up.railway.app/login,200,OK,516,461,10254
7378,Mon Sep 07 00:17:26 BDT 2026,Mon Sep 07 00:17:26 BDT 2026,GET,https://tfctest-001-production.up.railway.app/products/15,200,OK,729,534,13158
7380,Mon Sep 07 00:17:26 BDT 2026,Mon Sep 07 00:17:27 BDT 2026,GET,https://tfctest-001-production.up.railway.app/products/1?_rsc=tXyZJ52UQVBCVsD3,200,OK,518,428,988
7381,Mon Sep 07 00:17:26 BDT 2026,Mon Sep 07 00:17:27 BDT 2026,GET,https://tfctest-001-production.up.railway.app/login?_rsc=sW2A7HEmFQnSVIMx,200,OK,518,429,1038
7385,Mon Sep 07 00:17:26 BDT 2026,Mon Sep 07 00:17:27 BDT 2026,GET,https://tfctest-001-production.up.railway.app/login,200,OK,531,461,10254
7384,Mon Sep 07 00:17:26 BDT 2026,Mon Sep 07 00:17:27 BDT 2026,GET,https://tfctest-001-production.up.railway.app/products,404,Not Found,531,435,271
7386,Mon Sep 07 00:17:26 BDT 2026,Mon Sep 07 00:17:27 BDT 2026,GET,https://tfctest-001-production.up.railway.app/products/10?_rsc=2hBWap-TNtn-h8MG,200,OK,769,429,4492
7388,Mon Sep 07 00:17:26 BDT 2026,Mon Sep 07 00:17:27 BDT 2026,GET,https://tfctest-001-production.up.railway.app/products/15,200,OK,769,534,13158
7390,Mon Sep 07 00:17:26 BDT 2026,Mon Sep 07 00:17:27 BDT 2026,GET,https://tfctest-001-production.up.railway.app/admin?_rsc=u5cN-QBuq4Vdenib,200,OK,1612,431,291880
7392,Mon Sep 07 00:17:27 BDT 2026,Mon Sep 07 00:17:27 BDT 2026,GET,https://tfctest-001-production.up.railway.app/products/1?_rsc=tXyZJ52UQVBCVsD3,200,OK,579,429,1105
7393,Mon Sep 07 00:17:27 BDT 2026,Mon Sep 07 00:17:27 BDT 2026,GET,https://tfctest-001-production.up.railway.app/login?_rsc=sW2A7HEmFQnSVIMx,200,OK,579,429,1038
7396,Mon Sep 07 00:17:27 BDT 2026,Mon Sep 07 00:17:27 BDT 2026,GET,https://tfctest-001-production.up.railway.app/products,404,Not Found,596,435,271
7397,Mon Sep 07 00:17:26 BDT 2026,Mon Sep 07 00:17:28 BDT 2026,GET,https://tfctest-001-production.up.railway.app/admin?tab=orders&_rsc=u5cN-QBuq4Vdenib,200,OK,1819,430,11204
7399,Mon Sep 07 00:17:27 BDT 2026,Mon Sep 07 00:17:28 BDT 2026,GET,https://tfctest-001-production.up.railway.app/products/15?_rsc=ZDQZHGPZ_EigqIga,200,OK,778,429,4380
7401,Mon Sep 07 00:17:27 BDT 2026,Mon Sep 07 00:17:28 BDT 2026,GET,https://tfctest-001-production.up.railway.app/products/10?_rsc=2hBWap-TNtn-h8MG,200,OK,752,429,4492
7403,Mon Sep 07 00:17:27 BDT 2026,Mon Sep 07 00:17:28 BDT 2026,GET,https://tfctest-001-production.up.railway.app/products/1?_rsc=tXyZJ52UQVBCVsD3,200,OK,534,429,1105
7404,Mon Sep 07 00:17:27 BDT 2026,Mon Sep 07 00:17:28 BDT 2026,GET,https://tfctest-001-production.up.railway.app/login?_rsc=sW2A7HEmFQnSVIMx,200,OK,534,429,1038
7406,Mon Sep 07 00:17:27 BDT 2026,Mon Sep 07 00:17:28 BDT 2026,GET,https://tfctest-001-production.up.railway.app/products/2?_rsc=tXyZJ52UQVBCVsD3,200,OK,562,429,1105
7409,Mon Sep 07 00:17:27 BDT 2026,Mon Sep 07 00:17:28 BDT 2026,GET,https://tfctest-001-production.up.railway.app/products,404,Not Found,566,435,271
7410,Mon Sep 07 00:17:27 BDT 2026,Mon Sep 07 00:17:28 BDT 2026,GET,https://tfctest-001-production.up.railway.app/products/15,200,OK,845,534,13158
7412,Mon Sep 07 00:17:28 BDT 2026,Mon Sep 07 00:17:28 BDT 2026,GET,https://tfctest-001-production.up.railway.app/products/1?_rsc=tXyZJ52UQVBCVsD3,200,OK,517,429,1105
7414,Mon Sep 07 00:17:28 BDT 2026,Mon Sep 07 00:17:29 BDT 2026,GET,https://tfctest-001-production.up.railway.app/products/15?_rsc=ZDQZHGPZ_EigqIga,200,OK,741,429,4380
7415,Mon Sep 07 00:17:28 BDT 2026,Mon Sep 07 00:17:29 BDT 2026,GET,https://tfctest-001-production.up.railway.app/products/2?_rsc=tXyZJ52UQVBCVsD3,200,OK,548,429,1105
7418,Mon Sep 07 00:17:28 BDT 2026,Mon Sep 07 00:17:29 BDT 2026,GET,https://tfctest-001-production.up.railway.app/products,404,Not Found,554,435,271
7419,Mon Sep 07 00:17:28 BDT 2026,Mon Sep 07 00:17:29 BDT 2026,GET,https://tfctest-001-production.up.railway.app/products/10?_rsc=2hBWap-TNtn-h8MG,200,OK,765,429,4317
7420,Mon Sep 07 00:17:28 BDT 2026,Mon Sep 07 00:17:29 BDT 2026,GET,https://tfctest-001-production.up.railway.app/products/3?_rsc=tXyZJ52UQVBCVsD3,200,OK,578,429,1105
7423,Mon Sep 07 00:17:28 BDT 2026,Mon Sep 07 00:17:29 BDT 2026,GET,https://tfctest-001-production.up.railway.app/products/15,200,OK,782,534,13158
7425,Mon Sep 07 00:17:28 BDT 2026,Mon Sep 07 00:17:29 BDT 2026,GET,https://tfctest-001-production.up.railway.app/products/1?_rsc=tXyZJ52UQVBCVsD3,200,OK,557,429,1105
7427,Mon Sep 07 00:17:29 BDT 2026,Mon Sep 07 00:17:29 BDT 2026,GET,https://tfctest-001-production.up.railway.app/products/2?_rsc=tXyZJ52UQVBCVsD3,200,OK,535,429,1105
7429,Mon Sep 07 00:17:29 BDT 2026,Mon Sep 07 00:17:29 BDT 2026,GET,https://tfctest-001-production.up.railway.app/products/3?_rsc=tXyZJ52UQVBCVsD3,200,OK,556,429,1105
7431,Mon Sep 07 00:17:29 BDT 2026,Mon Sep 07 00:17:29 BDT 2026,GET,https://tfctest-001-production.up.railway.app/products/4?_rsc=tXyZJ52UQVBCVsD3,200,OK,547,429,1105
7433,Mon Sep 07 00:17:29 BDT 2026,Mon Sep 07 00:17:29 BDT 2026,GET,https://tfctest-001-production.up.railway.app/products/15?_rsc=ZDQZHGPZ_EigqIga,200,OK,738,429,4380
7435,Mon Sep 07 00:17:29 BDT 2026,Mon Sep 07 00:17:29 BDT 2026,GET,https://tfctest-001-production.up.railway.app/products/10?_rsc=2hBWap-TNtn-h8MG,200,OK,759,429,4492
7437,Mon Sep 07 00:17:28 BDT 2026,Mon Sep 07 00:17:30 BDT 2026,GET,https://tfctest-001-production.up.railway.app/admin?tab=orders&_rsc=u5cN-QBuq4Vdenib,200,OK,1784,430,11204
7439,Mon Sep 07 00:17:29 BDT 2026,Mon Sep 07 00:17:30 BDT 2026,GET,https://tfctest-001-production.up.railway.app/products/2?_rsc=tXyZJ52UQVBCVsD3,200,OK,524,429,1105
7441,Mon Sep 07 00:17:29 BDT 2026,Mon Sep 07 00:17:30 BDT 2026,GET,https://tfctest-001-production.up.railway.app/products/15,200,OK,736,534,12892
7443,Mon Sep 07 00:17:29 BDT 2026,Mon Sep 07 00:17:30 BDT 2026,GET,https://tfctest-001-production.up.railway.app/products/3?_rsc=tXyZJ52UQVBCVsD3,200,OK,470,429,1105
7445,Mon Sep 07 00:17:29 BDT 2026,Mon Sep 07 00:17:30 BDT 2026,GET,https://tfctest-001-production.up.railway.app/products/4?_rsc=tXyZJ52UQVBCVsD3,200,OK,526,429,1105
7447,Mon Sep 07 00:17:29 BDT 2026,Mon Sep 07 00:17:30 BDT 2026,GET,https://tfctest-001-production.up.railway.app/products/5?_rsc=tXyZJ52UQVBCVsD3,200,OK,624,429,1105
7449,Mon Sep 07 00:17:29 BDT 2026,Mon Sep 07 00:17:30 BDT 2026,GET,https://tfctest-001-production.up.railway.app/products/15?_rsc=ZDQZHGPZ_EigqIga,200,OK,702,429,4380
7451,Mon Sep 07 00:17:29 BDT 2026,Mon Sep 07 00:17:30 BDT 2026,GET,https://tfctest-001-production.up.railway.app/products/10?_rsc=2hBWap-TNtn-h8MG,200,OK,747,429,4492
7453,Mon Sep 07 00:17:30 BDT 2026,Mon Sep 07 00:17:30 BDT 2026,GET,https://tfctest-001-production.up.railway.app/products/2?_rsc=tXyZJ52UQVBCVsD3,200,OK,547,429,1105
7455,Mon Sep 07 00:17:30 BDT 2026,Mon Sep 07 00:17:30 BDT 2026,GET,https://tfctest-001-production.up.railway.app/products/3?_rsc=tXyZJ52UQVBCVsD3,200,OK,535,429,1105
7457,Mon Sep 07 00:17:30 BDT 2026,Mon Sep 07 00:17:30 BDT 2026,GET,https://tfctest-001-production.up.railway.app/products/4?_rsc=tXyZJ52UQVBCVsD3,200,OK,520,429,1105
7459,Mon Sep 07 00:17:30 BDT 2026,Mon Sep 07 00:17:30 BDT 2026,GET,https://tfctest-001-production.up.railway.app/products/15,200,OK,752,534,13158
7460,Mon Sep 07 00:17:30 BDT 2026,Mon Sep 07 00:17:30 BDT 2026,GET,https://tfctest-001-production.up.railway.app/products/5?_rsc=tXyZJ52UQVBCVsD3,200,OK,521,429,1105
7463,Mon Sep 07 00:17:30 BDT 2026,Mon Sep 07 00:17:31 BDT 2026,GET,https://tfctest-001-production.up.railway.app/products/15?_rsc=ZDQZHGPZ_EigqIga,200,OK,694,429,4380
7465,Mon Sep 07 00:17:30 BDT 2026,Mon Sep 07 00:17:31 BDT 2026,GET,https://tfctest-001-production.up.railway.app/products/2?_rsc=tXyZJ52UQVBCVsD3,200,OK,526,429,1105
7467,Mon Sep 07 00:17:30 BDT 2026,Mon Sep 07 00:17:31 BDT 2026,GET,https://tfctest-001-production.up.railway.app/products/3?_rsc=tXyZJ52UQVBCVsD3,200,OK,519,429,1105
7468,Mon Sep 07 00:17:30 BDT 2026,Mon Sep 07 00:17:31 BDT 2026,GET,https://tfctest-001-production.up.railway.app/products/4?_rsc=tXyZJ52UQVBCVsD3,200,OK,535,429,1105
7471,Mon Sep 07 00:17:30 BDT 2026,Mon Sep 07 00:17:31 BDT 2026,GET,https://tfctest-001-production.up.railway.app/products/10?_rsc=2hBWap-TNtn-h8MG,200,OK,734,429,4492
7473,Mon Sep 07 00:17:30 BDT 2026,Mon Sep 07 00:17:31 BDT 2026,GET,https://tfctest-001-production.up.railway.app/products/5?_rsc=tXyZJ52UQVBCVsD3,200,OK,539,429,1105
7475,Mon Sep 07 00:17:30 BDT 2026,Mon Sep 07 00:17:31 BDT 2026,GET,https://tfctest-001-production.up.railway.app/products/15,200,OK,744,534,13158
7477,Mon Sep 07 00:17:31 BDT 2026,Mon Sep 07 00:17:31 BDT 2026,GET,https://tfctest-001-production.up.railway.app/products/2?_rsc=tXyZJ52UQVBCVsD3,200,OK,544,429,1105
7479,Mon Sep 07 00:17:30 BDT 2026,Mon Sep 07 00:17:31 BDT 2026,GET,https://tfctest-001-production.up.railway.app/admin?tab=orders&_rsc=u5cN-QBuq4Vdenib,200,OK,1763,430,11204
7481,Mon Sep 07 00:17:31 BDT 2026,Mon Sep 07 00:17:31 BDT 2026,GET,https://tfctest-001-production.up.railway.app/products/3?_rsc=tXyZJ52UQVBCVsD3,200,OK,533,429,1105
7483,Mon Sep 07 00:17:31 BDT 2026,Mon Sep 07 00:17:31 BDT 2026,GET,https://tfctest-001-production.up.railway.app/products/4?_rsc=tXyZJ52UQVBCVsD3,200,OK,533,429,1105
7485,Mon Sep 07 00:17:31 BDT 2026,Mon Sep 07 00:17:31 BDT 2026,GET,https://tfctest-001-production.up.railway.app/products/15?_rsc=ZDQZHGPZ_EigqIga,200,OK,717,429,4380
7487,Mon Sep 07 00:17:31 BDT 2026,Mon Sep 07 00:17:32 BDT 2026,GET,https://tfctest-001-production.up.railway.app/products/5?_rsc=tXyZJ52UQVBCVsD3,200,OK,535,429,1105
7489,Mon Sep 07 00:17:31 BDT 2026,Mon Sep 07 00:17:32 BDT 2026,GET,https://tfctest-001-production.up.railway.app/products/10?_rsc=2hBWap-TNtn-h8MG,200,OK,771,429,4492
7491,Mon Sep 07 00:17:31 BDT 2026,Mon Sep 07 00:17:32 BDT 2026,GET,https://tfctest-001-production.up.railway.app/products/2?_rsc=tXyZJ52UQVBCVsD3,200,OK,535,428,988
7493,Mon Sep 07 00:17:31 BDT 2026,Mon Sep 07 00:17:32 BDT 2026,GET,https://tfctest-001-production.up.railway.app/products/3?_rsc=tXyZJ52UQVBCVsD3,200,OK,566,429,1105
7494,Mon Sep 07 00:17:31 BDT 2026,Mon Sep 07 00:17:32 BDT 2026,GET,https://tfctest-001-production.up.railway.app/products/4?_rsc=tXyZJ52UQVBCVsD3,200,OK,566,429,1105
7497,Mon Sep 07 00:17:31 BDT 2026,Mon Sep 07 00:17:32 BDT 2026,GET,https://tfctest-001-production.up.railway.app/products/15,200,OK,796,534,13158
7499,Mon Sep 07 00:17:32 BDT 2026,Mon Sep 07 00:17:32 BDT 2026,GET,https://tfctest-001-production.up.railway.app/products/6?_rsc=5CB68i4pnAekjehf,200,OK,541,428,332
7500,Mon Sep 07 00:17:32 BDT 2026,Mon Sep 07 00:17:32 BDT 2026,GET,https://tfctest-001-production.up.railway.app/products/5?_rsc=tXyZJ52UQVBCVsD3,200,OK,557,429,1105
7502,Mon Sep 07 00:17:32 BDT 2026,Mon Sep 07 00:17:32 BDT 2026,GET,https://tfctest-001-production.up.railway.app/products/7?_rsc=5CB68i4pnAekjehf,200,OK,541,428,332
7503,Mon Sep 07 00:17:31 BDT 2026,Mon Sep 07 00:17:32 BDT 2026,GET,https://tfctest-001-production.up.railway.app/products/15?_rsc=ZDQZHGPZ_EigqIga,200,OK,838,429,4380
7505,Mon Sep 07 00:17:32 BDT 2026,Mon Sep 07 00:17:32 BDT 2026,GET,https://tfctest-001-production.up.railway.app/products/2?_rsc=tXyZJ52UQVBCVsD3,200,OK,551,429,1105
7507,Mon Sep 07 00:17:32 BDT 2026,Mon Sep 07 00:17:32 BDT 2026,GET,https://tfctest-001-production.up.railway.app/products/4?_rsc=tXyZJ52UQVBCVsD3,200,OK,541,429,1105
7509,Mon Sep 07 00:17:32 BDT 2026,Mon Sep 07 00:17:33 BDT 2026,GET,https://tfctest-001-production.up.railway.app/products/3?_rsc=tXyZJ52UQVBCVsD3,200,OK,587,428,988
7511,Mon Sep 07 00:17:32 BDT 2026,Mon Sep 07 00:17:33 BDT 2026,GET,https://tfctest-001-production.up.railway.app/products/6?_rsc=5CB68i4pnAekjehf,200,OK,580,428,332
7512,Mon Sep 07 00:17:32 BDT 2026,Mon Sep 07 00:17:33 BDT 2026,GET,https://tfctest-001-production.up.railway.app/products/5?_rsc=tXyZJ52UQVBCVsD3,200,OK,611,429,1105
7514,Mon Sep 07 00:17:32 BDT 2026,Mon Sep 07 00:17:33 BDT 2026,GET,https://tfctest-001-production.up.railway.app/products/15,200,OK,783,534,13158
7516,Mon Sep 07 00:17:32 BDT 2026,Mon Sep 07 00:17:33 BDT 2026,GET,https://tfctest-001-production.up.railway.app/products/7?_rsc=5CB68i4pnAekjehf,200,OK,599,428,332
7517,Mon Sep 07 00:17:32 BDT 2026,Mon Sep 07 00:17:33 BDT 2026,GET,https://tfctest-001-production.up.railway.app/products/2?_rsc=tXyZJ52UQVBCVsD3,200,OK,614,429,1105
7518,Mon Sep 07 00:17:33 BDT 2026,Mon Sep 07 00:17:33 BDT 2026,GET,https://tfctest-001-production.up.railway.app/products/6?_rsc=5CB68i4pnAekjehf,200,OK,545,428,332
7519,Mon Sep 07 00:17:32 BDT 2026,Mon Sep 07 00:17:33 BDT 2026,GET,https://tfctest-001-production.up.railway.app/products/15?_rsc=ZDQZHGPZ_EigqIga,200,OK,833,429,4205
7520,Mon Sep 07 00:17:33 BDT 2026,Mon Sep 07 00:17:33 BDT 2026,GET,https://tfctest-001-production.up.railway.app/products/3?_rsc=tXyZJ52UQVBCVsD3,200,OK,573,429,1105
7521,Mon Sep 07 00:17:32 BDT 2026,Mon Sep 07 00:17:33 BDT 2026,GET,https://tfctest-001-production.up.railway.app/products/4?_rsc=tXyZJ52UQVBCVsD3,200,OK,549,428,988
7526,Mon Sep 07 00:17:33 BDT 2026,Mon Sep 07 00:17:33 BDT 2026,GET,https://tfctest-001-production.up.railway.app/products/5?_rsc=tXyZJ52UQVBCVsD3,200,OK,538,429,1105
7528,Mon Sep 07 00:17:33 BDT 2026,Mon Sep 07 00:17:33 BDT 2026,GET,https://tfctest-001-production.up.railway.app/products/7?_rsc=5CB68i4pnAekjehf,200,OK,510,428,332
7529,Mon Sep 07 00:17:33 BDT 2026,Mon Sep 07 00:17:34 BDT 2026,GET,https://tfctest-001-production.up.railway.app/products/8?_rsc=tXyZJ52UQVBCVsD3,200,OK,515,429,1105
7531,Mon Sep 07 00:17:33 BDT 2026,Mon Sep 07 00:17:34 BDT 2026,GET,https://tfctest-001-production.up.railway.app/products/3?_rsc=tXyZJ52UQVBCVsD3,200,OK,509,429,1105
7533,Mon Sep 07 00:17:33 BDT 2026,Mon Sep 07 00:17:34 BDT 2026,GET,https://tfctest-001-production.up.railway.app/products/4?_rsc=tXyZJ52UQVBCVsD3,200,OK,547,429,1105
7534,Mon Sep 07 00:17:33 BDT 2026,Mon Sep 07 00:17:34 BDT 2026,GET,https://tfctest-001-production.up.railway.app/products/2?_rsc=tXyZJ52UQVBCVsD3,200,OK,548,429,1105
7535,Mon Sep 07 00:17:33 BDT 2026,Mon Sep 07 00:17:34 BDT 2026,GET,https://tfctest-001-production.up.railway.app/products/6?_rsc=5CB68i4pnAekjehf,200,OK,547,428,332
7538,Mon Sep 07 00:17:33 BDT 2026,Mon Sep 07 00:17:34 BDT 2026,GET,https://tfctest-001-production.up.railway.app/products/5?_rsc=tXyZJ52UQVBCVsD3,200,OK,549,428,988
7540,Mon Sep 07 00:17:33 BDT 2026,Mon Sep 07 00:17:34 BDT 2026,GET,https://tfctest-001-production.up.railway.app/products/7?_rsc=5CB68i4pnAekjehf,200,OK,549,428,332
7541,Mon Sep 07 00:17:33 BDT 2026,Mon Sep 07 00:17:34 BDT 2026,GET,https://tfctest-001-production.up.railway.app/products/15?_rsc=ZDQZHGPZ_EigqIga,200,OK,721,429,4380
7543,Mon Sep 07 00:17:34 BDT 2026,Mon Sep 07 00:17:34 BDT 2026,GET,https://tfctest-001-production.up.railway.app/products/8?_rsc=tXyZJ52UQVBCVsD3,200,OK,508,429,1105
7545,Mon Sep 07 00:17:34 BDT 2026,Mon Sep 07 00:17:34 BDT 2026,GET,https://tfctest-001-production.up.railway.app/products/2?_rsc=tXyZJ52UQVBCVsD3,200,OK,538,429,1105
7547,Mon Sep 07 00:17:34 BDT 2026,Mon Sep 07 00:17:34 BDT 2026,GET,https://tfctest-001-production.up.railway.app/products/4?_rsc=tXyZJ52UQVBCVsD3,200,OK,553,429,1105
7548,Mon Sep 07 00:17:34 BDT 2026,Mon Sep 07 00:17:34 BDT 2026,GET,https://tfctest-001-production.up.railway.app/products/5?_rsc=tXyZJ52UQVBCVsD3,200,OK,557,429,1105
7549,Mon Sep 07 00:17:34 BDT 2026,Mon Sep 07 00:17:34 BDT 2026,GET,https://tfctest-001-production.up.railway.app/products/3?_rsc=tXyZJ52UQVBCVsD3,200,OK,574,429,1105
7553,Mon Sep 07 00:17:34 BDT 2026,Mon Sep 07 00:17:34 BDT 2026,GET,https://tfctest-001-production.up.railway.app/products/7?_rsc=5CB68i4pnAekjehf,200,OK,527,428,332
7554,Mon Sep 07 00:17:34 BDT 2026,Mon Sep 07 00:17:34 BDT 2026,GET,https://tfctest-001-production.up.railway.app/products/6?_rsc=5CB68i4pnAekjehf,200,OK,656,428,332
7555,Mon Sep 07 00:17:34 BDT 2026,Mon Sep 07 00:17:35 BDT 2026,GET,https://tfctest-001-production.up.railway.app/products/8?_rsc=tXyZJ52UQVBCVsD3,200,OK,507,429,1105
7557,Mon Sep 07 00:17:34 BDT 2026,Mon Sep 07 00:17:35 BDT 2026,GET,https://tfctest-001-production.up.railway.app/products/15?_rsc=ZDQZHGPZ_EigqIga,200,OK,719,429,4380
7559,Mon Sep 07 00:17:34 BDT 2026,Mon Sep 07 00:17:35 BDT 2026,GET,https://tfctest-001-production.up.railway.app/products/3?_rsc=tXyZJ52UQVBCVsD3,200,OK,501,429,1105
7561,Mon Sep 07 00:17:34 BDT 2026,Mon Sep 07 00:17:35 BDT 2026,GET,https://tfctest-001-production.up.railway.app/products/9?_rsc=tXyZJ52UQVBCVsD3,200,OK,516,429,1105
7562,Mon Sep 07 00:17:34 BDT 2026,Mon Sep 07 00:17:35 BDT 2026,GET,https://tfctest-001-production.up.railway.app/products/5?_rsc=tXyZJ52UQVBCVsD3,200,OK,533,429,1105
7563,Mon Sep 07 00:17:34 BDT 2026,Mon Sep 07 00:17:35 BDT 2026,GET,https://tfctest-001-production.up.railway.app/products/4?_rsc=tXyZJ52UQVBCVsD3,200,OK,532,429,1105
7567,Mon Sep 07 00:17:35 BDT 2026,Mon Sep 07 00:17:35 BDT 2026,GET,https://tfctest-001-production.up.railway.app/products/6?_rsc=5CB68i4pnAekjehf,200,OK,523,428,332
7568,Mon Sep 07 00:17:35 BDT 2026,Mon Sep 07 00:17:35 BDT 2026,GET,https://tfctest-001-production.up.railway.app/products/7?_rsc=5CB68i4pnAekjehf,200,OK,539,428,332
7569,Mon Sep 07 00:17:35 BDT 2026,Mon Sep 07 00:17:35 BDT 2026,GET,https://tfctest-001-production.up.railway.app/products/8?_rsc=tXyZJ52UQVBCVsD3,200,OK,547,429,1105
7571,Mon Sep 07 00:17:35 BDT 2026,Mon Sep 07 00:17:35 BDT 2026,GET,https://tfctest-001-production.up.railway.app/products/15?_rsc=ZDQZHGPZ_EigqIga,200,OK,723,429,4380
7573,Mon Sep 07 00:17:35 BDT 2026,Mon Sep 07 00:17:35 BDT 2026,GET,https://tfctest-001-production.up.railway.app/products/5?_rsc=tXyZJ52UQVBCVsD3,200,OK,501,429,1105
7574,Mon Sep 07 00:17:35 BDT 2026,Mon Sep 07 00:17:36 BDT 2026,GET,https://tfctest-001-production.up.railway.app/products/9?_rsc=tXyZJ52UQVBCVsD3,200,OK,526,429,1105
7575,Mon Sep 07 00:17:35 BDT 2026,Mon Sep 07 00:17:36 BDT 2026,GET,https://tfctest-001-production.up.railway.app/products/4?_rsc=tXyZJ52UQVBCVsD3,200,OK,525,429,1105
7579,Mon Sep 07 00:17:35 BDT 2026,Mon Sep 07 00:17:36 BDT 2026,GET,https://tfctest-001-production.up.railway.app/products/6?_rsc=5CB68i4pnAekjehf,200,OK,550,428,332
7580,Mon Sep 07 00:17:35 BDT 2026,Mon Sep 07 00:17:36 BDT 2026,GET,https://tfctest-001-production.up.railway.app/products/7?_rsc=5CB68i4pnAekjehf,200,OK,537,428,332
7581,Mon Sep 07 00:17:35 BDT 2026,Mon Sep 07 00:17:36 BDT 2026,GET,https://tfctest-001-production.up.railway.app/products/8?_rsc=tXyZJ52UQVBCVsD3,200,OK,556,429,1105
7583,Mon Sep 07 00:17:36 BDT 2026,Mon Sep 07 00:17:36 BDT 2026,GET,https://tfctest-001-production.up.railway.app/products/9?_rsc=tXyZJ52UQVBCVsD3,200,OK,522,429,1105
7585,Mon Sep 07 00:17:36 BDT 2026,Mon Sep 07 00:17:36 BDT 2026,GET,https://tfctest-001-production.up.railway.app/products/5?_rsc=tXyZJ52UQVBCVsD3,200,OK,537,429,1105
7587,Mon Sep 07 00:17:36 BDT 2026,Mon Sep 07 00:17:36 BDT 2026,GET,https://tfctest-001-production.up.railway.app/products/6?_rsc=5CB68i4pnAekjehf,200,OK,521,428,332
7588,Mon Sep 07 00:17:36 BDT 2026,Mon Sep 07 00:17:36 BDT 2026,GET,https://tfctest-001-production.up.railway.app/products/7?_rsc=5CB68i4pnAekjehf,200,OK,529,428,332
7589,Mon Sep 07 00:17:35 BDT 2026,Mon Sep 07 00:17:36 BDT 2026,GET,https://tfctest-001-production.up.railway.app/products/15?_rsc=ZDQZHGPZ_EigqIga,200,OK,741,429,4380
7591,Mon Sep 07 00:17:36 BDT 2026,Mon Sep 07 00:17:37 BDT 2026,GET,https://tfctest-001-production.up.railway.app/products/8?_rsc=tXyZJ52UQVBCVsD3,200,OK,798,429,1105
7593,Mon Sep 07 00:17:36 BDT 2026,Mon Sep 07 00:17:37 BDT 2026,GET,https://tfctest-001-production.up.railway.app/products/9?_rsc=tXyZJ52UQVBCVsD3,200,OK,544,429,1105
7595,Mon Sep 07 00:17:36 BDT 2026,Mon Sep 07 00:17:37 BDT 2026,GET,https://tfctest-001-production.up.railway.app/products/6?_rsc=5CB68i4pnAekjehf,200,OK,533,428,332
7596,Mon Sep 07 00:17:36 BDT 2026,Mon Sep 07 00:17:37 BDT 2026,GET,https://tfctest-001-production.up.railway.app/products/7?_rsc=5CB68i4pnAekjehf,200,OK,517,428,332
7597,Mon Sep 07 00:17:37 BDT 2026,Mon Sep 07 00:17:37 BDT 2026,GET,https://tfctest-001-production.up.railway.app/products/8?_rsc=tXyZJ52UQVBCVsD3,200,OK,770,429,1105
7599,Mon Sep 07 00:17:37 BDT 2026,Mon Sep 07 00:17:37 BDT 2026,GET,https://tfctest-001-production.up.railway.app/products/6?_rsc=5CB68i4pnAekjehf,200,OK,753,428,332
7600,Mon Sep 07 00:17:37 BDT 2026,Mon Sep 07 00:17:37 BDT 2026,GET,https://tfctest-001-production.up.railway.app/products/9?_rsc=tXyZJ52UQVBCVsD3,200,OK,819,429,1105
7602,Mon Sep 07 00:17:37 BDT 2026,Mon Sep 07 00:17:37 BDT 2026,GET,https://tfctest-001-production.up.railway.app/products/7?_rsc=5CB68i4pnAekjehf,200,OK,757,428,332
7603,Mon Sep 07 00:17:37 BDT 2026,Mon Sep 07 00:17:38 BDT 2026,GET,https://tfctest-001-production.up.railway.app/products/8?_rsc=tXyZJ52UQVBCVsD3,200,OK,578,428,988
7605,Mon Sep 07 00:17:37 BDT 2026,Mon Sep 07 00:17:38 BDT 2026,GET,https://tfctest-001-production.up.railway.app/products/9?_rsc=tXyZJ52UQVBCVsD3,200,OK,579,429,1105
7607,Mon Sep 07 00:17:37 BDT 2026,Mon Sep 07 00:17:38 BDT 2026,GET,https://tfctest-001-production.up.railway.app/products/6?_rsc=5CB68i4pnAekjehf,200,OK,579,428,332
7608,Mon Sep 07 00:17:37 BDT 2026,Mon Sep 07 00:17:38 BDT 2026,GET,https://tfctest-001-production.up.railway.app/products/7?_rsc=5CB68i4pnAekjehf,200,OK,579,428,332
7609,Mon Sep 07 00:17:38 BDT 2026,Mon Sep 07 00:17:39 BDT 2026,GET,https://tfctest-001-production.up.railway.app/products/8?_rsc=tXyZJ52UQVBCVsD3,200,OK,1273,429,1105
7611,Mon Sep 07 00:17:38 BDT 2026,Mon Sep 07 00:17:40 BDT 2026,GET,https://tfctest-001-production.up.railway.app/products/6?_rsc=5CB68i4pnAekjehf,200,OK,1593,428,332
7612,Mon Sep 07 00:17:38 BDT 2026,Mon Sep 07 00:17:40 BDT 2026,GET,https://tfctest-001-production.up.railway.app/products/7?_rsc=5CB68i4pnAekjehf,200,OK,1515,428,332
7613,Mon Sep 07 00:17:38 BDT 2026,Mon Sep 07 00:17:40 BDT 2026,GET,https://tfctest-001-production.up.railway.app/products/9?_rsc=tXyZJ52UQVBCVsD3,200,OK,1617,429,1105
7615,Mon Sep 07 00:17:39 BDT 2026,Mon Sep 07 00:17:40 BDT 2026,GET,https://tfctest-001-production.up.railway.app/products/8?_rsc=tXyZJ52UQVBCVsD3,200,OK,978,429,1105
7617,Mon Sep 07 00:17:40 BDT 2026,Mon Sep 07 00:17:40 BDT 2026,GET,https://tfctest-001-production.up.railway.app/products/9?_rsc=tXyZJ52UQVBCVsD3,200,OK,674,428,988
7619,Mon Sep 07 00:17:40 BDT 2026,Mon Sep 07 00:17:41 BDT 2026,GET,https://tfctest-001-production.up.railway.app/products/8?_rsc=tXyZJ52UQVBCVsD3,200,OK,754,429,1105
7621,Mon Sep 07 00:17:40 BDT 2026,Mon Sep 07 00:17:41 BDT 2026,GET,https://tfctest-001-production.up.railway.app/products/9?_rsc=tXyZJ52UQVBCVsD3,200,OK,729,429,1105
7623,Mon Sep 07 00:17:41 BDT 2026,Mon Sep 07 00:17:42 BDT 2026,GET,https://tfctest-001-production.up.railway.app/products/8?_rsc=tXyZJ52UQVBCVsD3,200,OK,568,429,1105
7625,Mon Sep 07 00:17:41 BDT 2026,Mon Sep 07 00:17:42 BDT 2026,GET,https://tfctest-001-production.up.railway.app/products/9?_rsc=tXyZJ52UQVBCVsD3,200,OK,536,429,1105
7627,Mon Sep 07 00:17:42 BDT 2026,Mon Sep 07 00:17:42 BDT 2026,GET,https://tfctest-001-production.up.railway.app/products/9?_rsc=tXyZJ52UQVBCVsD3,200,OK,531,429,1105
7629,Mon Sep 07 00:17:42 BDT 2026,Mon Sep 07 00:17:43 BDT 2026,GET,https://tfctest-001-production.up.railway.app/products/9?_rsc=tXyZJ52UQVBCVsD3,200,OK,592,429,1105
7631,Mon Sep 07 00:17:43 BDT 2026,Mon Sep 07 00:17:45 BDT 2026,GET,https://tfctest-001-production.up.railway.app,200,OK,2154,536,1055790
7632,Mon Sep 07 00:17:45 BDT 2026,Mon Sep 07 00:17:46 BDT 2026,GET,https://tfctest-001-production.up.railway.app/_next,404,Not Found,614,361,9
7633,Mon Sep 07 00:17:46 BDT 2026,Mon Sep 07 00:17:46 BDT 2026,GET,https://tfctest-001-production.up.railway.app/_next/static,404,Not Found,572,361,9
7634,Mon Sep 07 00:17:46 BDT 2026,Mon Sep 07 00:17:47 BDT 2026,GET,https://tfctest-001-production.up.railway.app/_next/static/chunks,404,Not Found,539,361,9
7635,Mon Sep 07 00:17:48 BDT 2026,Mon Sep 07 00:17:48 BDT 2026,GET,https://tfctest-001-production.up.railway.app/api,404,Not Found,838,541,11478
7636,Mon Sep 07 00:17:48 BDT 2026,Mon Sep 07 00:17:49 BDT 2026,GET,https://tfctest-001-production.up.railway.app/api/admin,404,Not Found,803,541,11488
7637,Mon Sep 07 00:17:49 BDT 2026,Mon Sep 07 00:17:50 BDT 2026,GET,https://tfctest-001-production.up.railway.app/api/admin/orders,404,Not Found,766,541,11499
7638,Mon Sep 07 00:17:50 BDT 2026,Mon Sep 07 00:17:51 BDT 2026,GET,https://tfctest-001-production.up.railway.app/api/admin/products,405,Method Not Allowed,554,321,0
7639,Mon Sep 07 00:17:51 BDT 2026,Mon Sep 07 00:17:51 BDT 2026,GET,https://tfctest-001-production.up.railway.app/products,404,Not Found,604,435,271
7640,Mon Sep 07 00:17:52 BDT 2026,Mon Sep 07 00:17:54 BDT 2026,GET,https://tfctest-001-production.up.railway.app,200,OK,2101,536,1055790
7641,Mon Sep 07 00:17:54 BDT 2026,Mon Sep 07 00:17:55 BDT 2026,GET,https://tfctest-001-production.up.railway.app/_next,404,Not Found,521,361,9
7642,Mon Sep 07 00:17:55 BDT 2026,Mon Sep 07 00:17:55 BDT 2026,GET,https://tfctest-001-production.up.railway.app/_next/static,404,Not Found,495,361,9
7643,Mon Sep 07 00:17:55 BDT 2026,Mon Sep 07 00:17:56 BDT 2026,GET,https://tfctest-001-production.up.railway.app/_next/static/chunks,404,Not Found,535,361,9
7644,Mon Sep 07 00:17:56 BDT 2026,Mon Sep 07 00:17:57 BDT 2026,GET,https://tfctest-001-production.up.railway.app/api,404,Not Found,865,541,11478
7645,Mon Sep 07 00:17:57 BDT 2026,Mon Sep 07 00:17:59 BDT 2026,GET,https://tfctest-001-production.up.railway.app/api/admin,404,Not Found,2171,541,11488
7646,Mon Sep 07 00:17:59 BDT 2026,Mon Sep 07 00:18:00 BDT 2026,GET,https://tfctest-001-production.up.railway.app/api/admin/orders,404,Not Found,797,541,11499
7647,Mon Sep 07 00:18:00 BDT 2026,Mon Sep 07 00:18:02 BDT 2026,GET,https://tfctest-001-production.up.railway.app/api/admin/products,405,Method Not Allowed,2697,321,0
7648,Mon Sep 07 00:18:02 BDT 2026,Mon Sep 07 00:18:03 BDT 2026,GET,https://tfctest-001-production.up.railway.app/products,404,Not Found,1077,435,271
7649,Mon Sep 07 00:18:03 BDT 2026,Mon Sep 07 00:18:06 BDT 2026,GET,https://tfctest-001-production.up.railway.app,200,OK,2537,536,1055790
7650,Mon Sep 07 00:18:06 BDT 2026,Mon Sep 07 00:18:07 BDT 2026,GET,https://tfctest-001-production.up.railway.app/_next,404,Not Found,687,361,9
7651,Mon Sep 07 00:18:07 BDT 2026,Mon Sep 07 00:18:07 BDT 2026,GET,https://tfctest-001-production.up.railway.app/_next/static,404,Not Found,566,361,9
7652,Mon Sep 07 00:18:07 BDT 2026,Mon Sep 07 00:18:08 BDT 2026,GET,https://tfctest-001-production.up.railway.app/_next/static/chunks,404,Not Found,659,361,9
7653,Mon Sep 07 00:18:08 BDT 2026,Mon Sep 07 00:18:09 BDT 2026,GET,https://tfctest-001-production.up.railway.app/api,404,Not Found,1276,541,11478
7654,Mon Sep 07 00:18:09 BDT 2026,Mon Sep 07 00:18:10 BDT 2026,GET,https://tfctest-001-production.up.railway.app/api/admin,404,Not Found,906,541,11488
7655,Mon Sep 07 00:18:10 BDT 2026,Mon Sep 07 00:18:11 BDT 2026,GET,https://tfctest-001-production.up.railway.app/api/admin/orders,404,Not Found,814,541,11499
7656,Mon Sep 07 00:18:11 BDT 2026,Mon Sep 07 00:18:11 BDT 2026,GET,https://tfctest-001-production.up.railway.app/api/admin/products,405,Method Not Allowed,579,321,0
7657,Mon Sep 07 00:18:11 BDT 2026,Mon Sep 07 00:18:12 BDT 2026,GET,https://tfctest-001-production.up.railway.app/products,404,Not Found,563,435,271
7658,Mon Sep 07 00:18:12 BDT 2026,Mon Sep 07 00:18:13 BDT 2026,GET,https://tfctest-001-production.up.railway.app/swagger-ui/,308,Permanent Redirect,656,286,11
7659,Mon Sep 07 00:18:12 BDT 2026,Mon Sep 07 00:18:13 BDT 2026,GET,https://tfctest-001-production.up.railway.app/api/admin/orders/79620a19-f2c4-428e-a717-5109bc688566,405,Method Not Allowed,532,321,0
7660,Mon Sep 07 00:18:13 BDT 2026,Mon Sep 07 00:18:13 BDT 2026,GET,https://tfctest-001-production.up.railway.app/api/admin/orders/24f10235-3943-4c1d-916f-f8a56cf92994,405,Method Not Allowed,593,321,0
7661,Mon Sep 07 00:18:13 BDT 2026,Mon Sep 07 00:18:13 BDT 2026,GET,https://tfctest-001-production.up.railway.app/api/admin/products/15,405,Method Not Allowed,531,321,0
7662,Mon Sep 07 00:18:13 BDT 2026,Mon Sep 07 00:18:13 BDT 2026,GET,https://tfctest-001-production.up.railway.app/api/admin/products,405,Method Not Allowed,625,321,0
7663,Mon Sep 07 00:18:13 BDT 2026,Mon Sep 07 00:18:14 BDT 2026,GET,https://tfctest-001-production.up.railway.app/v3/api-docs,404,Not Found,859,541,11490
7664,Mon Sep 07 00:18:12 BDT 2026,Mon Sep 07 00:18:14 BDT 2026,GET,https://tfctest-001-production.up.railway.app,200,OK,1781,536,1055790
7665,Mon Sep 07 00:18:14 BDT 2026,Mon Sep 07 00:18:15 BDT 2026,GET,https://tfctest-001-production.up.railway.app/swagger.json,404,Not Found,956,541,11487
7666,Mon Sep 07 00:18:14 BDT 2026,Mon Sep 07 00:18:15 BDT 2026,GET,https://tfctest-001-production.up.railway.app/_next,404,Not Found,580,361,9
7667,Mon Sep 07 00:18:15 BDT 2026,Mon Sep 07 00:18:15 BDT 2026,GET,https://tfctest-001-production.up.railway.app/_next/static,404,Not Found,535,361,9
7668,Mon Sep 07 00:18:15 BDT 2026,Mon Sep 07 00:18:16 BDT 2026,GET,https://tfctest-001-production.up.railway.app/openapi.json,404,Not Found,848,541,11487
7669,Mon Sep 07 00:18:16 BDT 2026,Mon Sep 07 00:18:16 BDT 2026,GET,https://tfctest-001-production.up.railway.app/_next/static/chunks,404,Not Found,559,361,9
7670,Mon Sep 07 00:18:16 BDT 2026,Mon Sep 07 00:18:16 BDT 2026,GET,https://tfctest-001-production.up.railway.app/api-docs,404,Not Found,798,541,11483
7671,Mon Sep 07 00:18:16 BDT 2026,Mon Sep 07 00:18:17 BDT 2026,GET,https://tfctest-001-production.up.railway.app/docs/,308,Permanent Redirect,544,273,5
7672,Mon Sep 07 00:18:17 BDT 2026,Mon Sep 07 00:18:18 BDT 2026,GET,https://tfctest-001-production.up.railway.app/swagger,404,Not Found,935,541,11482
7673,Mon Sep 07 00:18:17 BDT 2026,Mon Sep 07 00:18:18 BDT 2026,GET,https://tfctest-001-production.up.railway.app/admin,307,Temporary Redirect,552,274,0
7674,Mon Sep 07 00:18:17 BDT 2026,Mon Sep 07 00:18:18 BDT 2026,GET,https://tfctest-001-production.up.railway.app/admin,307,Temporary Redirect,585,274,0
7675,Mon Sep 07 00:18:17 BDT 2026,Mon Sep 07 00:18:18 BDT 2026,GET,https://tfctest-001-production.up.railway.app/api,404,Not Found,748,541,11478
7676,Mon Sep 07 00:18:18 BDT 2026,Mon Sep 07 00:18:19 BDT 2026,GET,https://tfctest-001-production.up.railway.app/v2/api-docs,404,Not Found,822,541,11490
7677,Mon Sep 07 00:18:18 BDT 2026,Mon Sep 07 00:18:19 BDT 2026,GET,https://tfctest-001-production.up.railway.app/api/admin,404,Not Found,845,541,11488
7678,Mon Sep 07 00:18:19 BDT 2026,Mon Sep 07 00:18:20 BDT 2026,GET,https://tfctest-001-production.up.railway.app/swagger-ui/index.html,404,Not Found,851,541,11500
7679,Mon Sep 07 00:18:19 BDT 2026,Mon Sep 07 00:18:20 BDT 2026,GET,https://tfctest-001-production.up.railway.app/api/admin,404,Not Found,754,541,11488
7680,Mon Sep 07 00:18:19 BDT 2026,Mon Sep 07 00:18:20 BDT 2026,GET,https://tfctest-001-production.up.railway.app/api/admin/orders,404,Not Found,849,541,11499
7681,Mon Sep 07 00:18:20 BDT 2026,Mon Sep 07 00:18:20 BDT 2026,GET,https://tfctest-001-production.up.railway.app/openapi.yaml,404,Not Found,781,541,11487
7682,Mon Sep 07 00:18:20 BDT 2026,Mon Sep 07 00:18:20 BDT 2026,GET,https://tfctest-001-production.up.railway.app/api/admin/products,405,Method Not Allowed,531,321,0
7683,Mon Sep 07 00:18:20 BDT 2026,Mon Sep 07 00:18:21 BDT 2026,GET,https://tfctest-001-production.up.railway.app/api/admin/orders,404,Not Found,835,541,11499
7684,Mon Sep 07 00:18:20 BDT 2026,Mon Sep 07 00:18:21 BDT 2026,GET,https://tfctest-001-production.up.railway.app/swagger.yaml,404,Not Found,784,541,11487
7685,Mon Sep 07 00:18:21 BDT 2026,Mon Sep 07 00:18:21 BDT 2026,GET,https://tfctest-001-production.up.railway.app/api/admin/products,405,Method Not Allowed,642,321,0
7686,Mon Sep 07 00:18:21 BDT 2026,Mon Sep 07 00:18:21 BDT 2026,GET,https://tfctest-001-production.up.railway.app/products,404,Not Found,751,435,271
7687,Mon Sep 07 00:18:21 BDT 2026,Mon Sep 07 00:18:21 BDT 2026,GET,https://tfctest-001-production.up.railway.app/login,307,Temporary Redirect,560,274,0
7688,Mon Sep 07 00:18:21 BDT 2026,Mon Sep 07 00:18:22 BDT 2026,GET,https://tfctest-001-production.up.railway.app/login,200,OK,568,461,10254
7689,Mon Sep 07 00:18:21 BDT 2026,Mon Sep 07 00:18:22 BDT 2026,GET,https://tfctest-001-production.up.railway.app/swagger/ui/index.html,404,Not Found,1088,541,11504
7690,Mon Sep 07 00:18:23 BDT 2026,Mon Sep 07 00:18:23 BDT 2026,GET,https://tfctest-001-production.up.railway.app/api/admin/orders/1a19a224-88c5-44b5-a3f6-95c7faaaed85,405,Method Not Allowed,522,321,0
