ID,Req. Timestamp,Resp. Timestamp,Method,URL,Code,Reason,RTT,Size Resp. Header,Size Resp. Body
3372,Sun Sep 06 23:11:59 BDT 2026,Sun Sep 06 23:12:02 BDT 2026,GET,https://tfctest-001-production.up.railway.app/products/5?_rsc=ZAP%25n%25s%25n%25s%25n%25s%25n%25s%25n%25s%25n%25s%25n%25s%25n%25s%25n%25s%25n%25s%25n%25s%25n%25s%25n%25s%25n%25s%25n%25s%25n%25s%25n%25s%25n%25s%25n%25s%25n%25s%0A,200,OK,2136,429,1105
3373,Sun Sep 06 23:12:01 BDT 2026,Sun Sep 06 23:12:02 BDT 2026,GET,https://tfctest-001-production.up.railway.app/products/9?_rsc=ZAP%25n%25s%25n%25s%25n%25s%25n%25s%25n%25s%25n%25s%25n%25s%25n%25s%25n%25s%25n%25s%25n%25s%25n%25s%25n%25s%25n%25s%25n%25s%25n%25s%25n%25s%25n%25s%25n%25s%25n%25s%0A,200,OK,760,429,1105
3374,Sun Sep 06 23:12:02 BDT 2026,Sun Sep 06 23:12:03 BDT 2026,GET,https://tfctest-001-production.up.railway.app/products/8?_rsc=ZAP+%251%21s%252%21s%253%21s%254%21s%255%21s%256%21s%257%21s%258%21s%259%21s%2510%21s%2511%21s%2512%21s%2513%21s%2514%21s%2515%21s%2516%21s%2517%21s%2518%21s%2519%21s%2520%21s%2521%21n%2522%21n%2523%21n%2524%21n%2525%21n%2526%21n%2527%21n%2528%21n%2529%21n%2530%21n%2531%21n%2532%21n%2533%21n%2534%21n%2535%21n%2536%21n%2537%21n%2538%21n%2539%21n%2540%21n%0A,200,OK,892,429,1105
3375,Sun Sep 06 23:12:02 BDT 2026,Sun Sep 06 23:12:03 BDT 2026,GET,https://tfctest-001-production.up.railway.app/products/7?_rsc=ZAP%25n%25s%25n%25s%25n%25s%25n%25s%25n%25s%25n%25s%25n%25s%25n%25s%25n%25s%25n%25s%25n%25s%25n%25s%25n%25s%25n%25s%25n%25s%25n%25s%25n%25s%25n%25s%25n%25s%25n%25s%0A,200,OK,1537,429,4778
3376,Sun Sep 06 23:12:02 BDT 2026,Sun Sep 06 23:12:03 BDT 2026,GET,https://tfctest-001-production.up.railway.app/products/6?_rsc=ZAP%25n%25s%25n%25s%25n%25s%25n%25s%25n%25s%25n%25s%25n%25s%25n%25s%25n%25s%25n%25s%25n%25s%25n%25s%25n%25s%25n%25s%25n%25s%25n%25s%25n%25s%25n%25s%25n%25s%25n%25s%0A,200,OK,1724,429,1105
3377,Sun Sep 06 23:12:03 BDT 2026,Sun Sep 06 23:12:04 BDT 2026,GET,https://tfctest-001-production.up.railway.app/products/5?_rsc=ZAP+%251%21s%252%21s%253%21s%254%21s%255%21s%256%21s%257%21s%258%21s%259%21s%2510%21s%2511%21s%2512%21s%2513%21s%2514%21s%2515%21s%2516%21s%2517%21s%2518%21s%2519%21s%2520%21s%2521%21n%2522%21n%2523%21n%2524%21n%2525%21n%2526%21n%2527%21n%2528%21n%2529%21n%2530%21n%2531%21n%2532%21n%2533%21n%2534%21n%2535%21n%2536%21n%2537%21n%2538%21n%2539%21n%2540%21n%0A,200,OK,788,429,1105
3378,Sun Sep 06 23:12:03 BDT 2026,Sun Sep 06 23:12:04 BDT 2026,GET,https://tfctest-001-production.up.railway.app/user/f2628526-8df9-49ba-a7ba-de6f27472fb0?_rsc=ZAP%25n%25s%25n%25s%25n%25s%25n%25s%25n%25s%25n%25s%25n%25s%25n%25s%25n%25s%25n%25s%25n%25s%25n%25s%25n%25s%25n%25s%25n%25s%25n%25s%25n%25s%25n%25s%25n%25s%25n%25s%0A,200,OK,820,429,3898
3379,Sun Sep 06 23:12:03 BDT 2026,Sun Sep 06 23:12:04 BDT 2026,GET,https://tfctest-001-production.up.railway.app/products/9?_rsc=ZAP+%251%21s%252%21s%253%21s%254%21s%255%21s%256%21s%257%21s%258%21s%259%21s%2510%21s%2511%21s%2512%21s%2513%21s%2514%21s%2515%21s%2516%21s%2517%21s%2518%21s%2519%21s%2520%21s%2521%21n%2522%21n%2523%21n%2524%21n%2525%21n%2526%21n%2527%21n%2528%21n%2529%21n%2530%21n%2531%21n%2532%21n%2533%21n%2534%21n%2535%21n%2536%21n%2537%21n%2538%21n%2539%21n%2540%21n%0A,200,OK,880,429,1105
3380,Sun Sep 06 23:12:04 BDT 2026,Sun Sep 06 23:12:05 BDT 2026,GET,https://tfctest-001-production.up.railway.app/products/6?_rsc=ZAP+%251%21s%252%21s%253%21s%254%21s%255%21s%256%21s%257%21s%258%21s%259%21s%2510%21s%2511%21s%2512%21s%2513%21s%2514%21s%2515%21s%2516%21s%2517%21s%2518%21s%2519%21s%2520%21s%2521%21n%2522%21n%2523%21n%2524%21n%2525%21n%2526%21n%2527%21n%2528%21n%2529%21n%2530%21n%2531%21n%2532%21n%2533%21n%2534%21n%2535%21n%2536%21n%2537%21n%2538%21n%2539%21n%2540%21n%0A,200,OK,881,429,1105
3381,Sun Sep 06 23:12:04 BDT 2026,Sun Sep 06 23:12:05 BDT 2026,GET,https://tfctest-001-production.up.railway.app/products/7?_rsc=ZAP+%251%21s%252%21s%253%21s%254%21s%255%21s%256%21s%257%21s%258%21s%259%21s%2510%21s%2511%21s%2512%21s%2513%21s%2514%21s%2515%21s%2516%21s%2517%21s%2518%21s%2519%21s%2520%21s%2521%21n%2522%21n%2523%21n%2524%21n%2525%21n%2526%21n%2527%21n%2528%21n%2529%21n%2530%21n%2531%21n%2532%21n%2533%21n%2534%21n%2535%21n%2536%21n%2537%21n%2538%21n%2539%21n%2540%21n%0A,200,OK,881,429,4778
3382,Sun Sep 06 23:12:05 BDT 2026,Sun Sep 06 23:12:06 BDT 2026,GET,https://tfctest-001-production.up.railway.app/user/f2628526-8df9-49ba-a7ba-de6f27472fb0?_rsc=ZAP+%251%21s%252%21s%253%21s%254%21s%255%21s%256%21s%257%21s%258%21s%259%21s%2510%21s%2511%21s%2512%21s%2513%21s%2514%21s%2515%21s%2516%21s%2517%21s%2518%21s%2519%21s%2520%21s%2521%21n%2522%21n%2523%21n%2524%21n%2525%21n%2526%21n%2527%21n%2528%21n%2529%21n%2530%21n%2531%21n%2532%21n%2533%21n%2534%21n%2535%21n%2536%21n%2537%21n%2538%21n%2539%21n%2540%21n%0A,200,OK,1499,429,3898
3383,Sun Sep 06 23:12:08 BDT 2026,Sun Sep 06 23:12:08 BDT 2026,GET,https://tfctest-001-production.up.railway.app/?_rsc=Set-cookie%3A+Tamper%3Dc292d56f-5dbd-4476-b31b-62923b50dc44,307,Temporary Redirect,578,269,0
3384,Sun Sep 06 23:12:08 BDT 2026,Sun Sep 06 23:12:09 BDT 2026,GET,https://tfctest-001-production.up.railway.app,200,OK,893,534,30900
3385,Sun Sep 06 23:12:08 BDT 2026,Sun Sep 06 23:12:09 BDT 2026,GET,https://tfctest-001-production.up.railway.app/?_rsc=any%0D%0ASet-cookie%3A+Tamper%3Dc292d56f-5dbd-4476-b31b-62923b50dc44,307,Temporary Redirect,581,269,0
3386,Sun Sep 06 23:12:09 BDT 2026,Sun Sep 06 23:12:09 BDT 2026,GET,https://tfctest-001-production.up.railway.app/_next,404,Not Found,594,361,9
3387,Sun Sep 06 23:12:09 BDT 2026,Sun Sep 06 23:12:10 BDT 2026,GET,https://tfctest-001-production.up.railway.app/?_rsc=any%3F%0D%0ASet-cookie%3A+Tamper%3Dc292d56f-5dbd-4476-b31b-62923b50dc44,307,Temporary Redirect,613,269,0
3388,Sun Sep 06 23:12:09 BDT 2026,Sun Sep 06 23:12:10 BDT 2026,GET,https://tfctest-001-production.up.railway.app/_next/static,404,Not Found,598,361,9
3389,Sun Sep 06 23:12:10 BDT 2026,Sun Sep 06 23:12:10 BDT 2026,GET,https://tfctest-001-production.up.railway.app/?_rsc=any%0ASet-cookie%3A+Tamper%3Dc292d56f-5dbd-4476-b31b-62923b50dc44,307,Temporary Redirect,565,269,0
3390,Sun Sep 06 23:12:10 BDT 2026,Sun Sep 06 23:12:11 BDT 2026,GET,https://tfctest-001-production.up.railway.app/_next/static/chunks,404,Not Found,625,361,9
3391,Sun Sep 06 23:12:10 BDT 2026,Sun Sep 06 23:12:11 BDT 2026,GET,https://tfctest-001-production.up.railway.app/?_rsc=any%3F%0ASet-cookie%3A+Tamper%3Dc292d56f-5dbd-4476-b31b-62923b50dc44,307,Temporary Redirect,640,269,0
3392,Sun Sep 06 23:12:11 BDT 2026,Sun Sep 06 23:12:11 BDT 2026,GET,https://tfctest-001-production.up.railway.app/checkout?_rsc=Set-cookie%3A+Tamper%3D8a70e2f7-e15c-4cf6-9c72-07f2e66b2a21,307,Temporary Redirect,597,277,0
3393,Sun Sep 06 23:12:11 BDT 2026,Sun Sep 06 23:12:11 BDT 2026,GET,https://tfctest-001-production.up.railway.app/login?_rsc=Set-cookie%3A+Tamper%3D2674caab-64aa-48e5-8239-3abf9689d421,307,Temporary Redirect,597,274,0
3394,Sun Sep 06 23:12:11 BDT 2026,Sun Sep 06 23:12:11 BDT 2026,GET,https://tfctest-001-production.up.railway.app/products,404,Not Found,655,435,271
3395,Sun Sep 06 23:12:11 BDT 2026,Sun Sep 06 23:12:11 BDT 2026,GET,https://tfctest-001-production.up.railway.app/orders?_rsc=Set-cookie%3A+Tamper%3D42f2431c-30bb-4617-892b-23bafc98b0f6,307,Temporary Redirect,712,275,0
3396,Sun Sep 06 23:12:11 BDT 2026,Sun Sep 06 23:12:11 BDT 2026,GET,https://tfctest-001-production.up.railway.app/?_rsc=any%0D%0ASet-cookie%3A+Tamper%3Dc292d56f-5dbd-4476-b31b-62923b50dc44%0D%0A,307,Temporary Redirect,697,269,0
3397,Sun Sep 06 23:12:11 BDT 2026,Sun Sep 06 23:12:12 BDT 2026,GET,https://tfctest-001-production.up.railway.app/login?_rsc=any%0D%0ASet-cookie%3A+Tamper%3D2674caab-64aa-48e5-8239-3abf9689d421,307,Temporary Redirect,663,274,0
3398,Sun Sep 06 23:12:11 BDT 2026,Sun Sep 06 23:12:12 BDT 2026,GET,https://tfctest-001-production.up.railway.app/checkout?_rsc=any%0D%0ASet-cookie%3A+Tamper%3D8a70e2f7-e15c-4cf6-9c72-07f2e66b2a21,307,Temporary Redirect,694,277,0
3399,Sun Sep 06 23:12:11 BDT 2026,Sun Sep 06 23:12:12 BDT 2026,GET,https://tfctest-001-production.up.railway.app/products/1?_rsc=Set-cookie%3A+Tamper%3D979adc7f-b926-44df-9e95-78dd2bb6bdcd,307,Temporary Redirect,796,279,0
3400,Sun Sep 06 23:12:11 BDT 2026,Sun Sep 06 23:12:12 BDT 2026,GET,https://tfctest-001-production.up.railway.app/products/2?_rsc=Set-cookie%3A+Tamper%3D14c48696-b5de-49df-9379-67d63f7bfd39,307,Temporary Redirect,796,279,0
3401,Sun Sep 06 23:12:11 BDT 2026,Sun Sep 06 23:12:12 BDT 2026,GET,https://tfctest-001-production.up.railway.app/products/3?_rsc=Set-cookie%3A+Tamper%3Dd5b2078b-aac9-4263-aa1d-75246790f0f1,307,Temporary Redirect,802,279,0
3402,Sun Sep 06 23:12:11 BDT 2026,Sun Sep 06 23:12:12 BDT 2026,GET,https://tfctest-001-production.up.railway.app/products/10?_rsc=Set-cookie%3A+Tamper%3Da651d786-c290-4bc3-b5b8-cc3498dd6ad4,307,Temporary Redirect,867,280,0
3403,Sun Sep 06 23:12:12 BDT 2026,Sun Sep 06 23:12:13 BDT 2026,GET,https://tfctest-001-production.up.railway.app/orders?_rsc=any%0D%0ASet-cookie%3A+Tamper%3D42f2431c-30bb-4617-892b-23bafc98b0f6,307,Temporary Redirect,1043,275,0
3404,Sun Sep 06 23:12:12 BDT 2026,Sun Sep 06 23:12:13 BDT 2026,GET,https://tfctest-001-production.up.railway.app/?_rsc=any%3F%0D%0ASet-cookie%3A+Tamper%3Dc292d56f-5dbd-4476-b31b-62923b50dc44%0D%0A,307,Temporary Redirect,1152,269,0
3405,Sun Sep 06 23:12:12 BDT 2026,Sun Sep 06 23:12:13 BDT 2026,GET,https://tfctest-001-production.up.railway.app/login?_rsc=any%3F%0D%0ASet-cookie%3A+Tamper%3D2674caab-64aa-48e5-8239-3abf9689d421,307,Temporary Redirect,1172,274,0
3406,Sun Sep 06 23:12:12 BDT 2026,Sun Sep 06 23:12:13 BDT 2026,GET,https://tfctest-001-production.up.railway.app/checkout?_rsc=any%3F%0D%0ASet-cookie%3A+Tamper%3D8a70e2f7-e15c-4cf6-9c72-07f2e66b2a21,307,Temporary Redirect,1107,277,0
3407,Sun Sep 06 23:12:12 BDT 2026,Sun Sep 06 23:12:14 BDT 2026,GET,https://tfctest-001-production.up.railway.app/products/2?_rsc=any%0D%0ASet-cookie%3A+Tamper%3D14c48696-b5de-49df-9379-67d63f7bfd39,307,Temporary Redirect,1349,279,0
3408,Sun Sep 06 23:12:12 BDT 2026,Sun Sep 06 23:12:14 BDT 2026,GET,https://tfctest-001-production.up.railway.app/products/3?_rsc=any%0D%0ASet-cookie%3A+Tamper%3Dd5b2078b-aac9-4263-aa1d-75246790f0f1,307,Temporary Redirect,1365,279,0
3409,Sun Sep 06 23:12:13 BDT 2026,Sun Sep 06 23:12:14 BDT 2026,GET,https://tfctest-001-production.up.railway.app/orders?_rsc=any%3F%0D%0ASet-cookie%3A+Tamper%3D42f2431c-30bb-4617-892b-23bafc98b0f6,307,Temporary Redirect,1268,275,0
3410,Sun Sep 06 23:12:12 BDT 2026,Sun Sep 06 23:12:14 BDT 2026,GET,https://tfctest-001-production.up.railway.app/products/1?_rsc=any%0D%0ASet-cookie%3A+Tamper%3D979adc7f-b926-44df-9e95-78dd2bb6bdcd,307,Temporary Redirect,1789,279,0
3411,Sun Sep 06 23:12:13 BDT 2026,Sun Sep 06 23:12:14 BDT 2026,GET,https://tfctest-001-production.up.railway.app/checkout?_rsc=any%0ASet-cookie%3A+Tamper%3D8a70e2f7-e15c-4cf6-9c72-07f2e66b2a21,307,Temporary Redirect,875,277,0
3412,Sun Sep 06 23:12:13 BDT 2026,Sun Sep 06 23:12:14 BDT 2026,GET,https://tfctest-001-production.up.railway.app/login?_rsc=any%0ASet-cookie%3A+Tamper%3D2674caab-64aa-48e5-8239-3abf9689d421,307,Temporary Redirect,881,274,0
3413,Sun Sep 06 23:12:14 BDT 2026,Sun Sep 06 23:12:14 BDT 2026,GET,https://tfctest-001-production.up.railway.app/products/2?_rsc=any%3F%0D%0ASet-cookie%3A+Tamper%3D14c48696-b5de-49df-9379-67d63f7bfd39,307,Temporary Redirect,735,279,0
3414,Sun Sep 06 23:12:14 BDT 2026,Sun Sep 06 23:12:14 BDT 2026,GET,https://tfctest-001-production.up.railway.app/products/3?_rsc=any%3F%0D%0ASet-cookie%3A+Tamper%3Dd5b2078b-aac9-4263-aa1d-75246790f0f1,307,Temporary Redirect,720,279,0
3415,Sun Sep 06 23:12:12 BDT 2026,Sun Sep 06 23:12:14 BDT 2026,GET,https://tfctest-001-production.up.railway.app/products/10?_rsc=any%0D%0ASet-cookie%3A+Tamper%3Da651d786-c290-4bc3-b5b8-cc3498dd6ad4,307,Temporary Redirect,2162,280,0
3416,Sun Sep 06 23:12:14 BDT 2026,Sun Sep 06 23:12:15 BDT 2026,GET,https://tfctest-001-production.up.railway.app/products/1?_rsc=any%3F%0D%0ASet-cookie%3A+Tamper%3D979adc7f-b926-44df-9e95-78dd2bb6bdcd,307,Temporary Redirect,565,279,0
3417,Sun Sep 06 23:12:14 BDT 2026,Sun Sep 06 23:12:15 BDT 2026,GET,https://tfctest-001-production.up.railway.app/orders?_rsc=any%0ASet-cookie%3A+Tamper%3D42f2431c-30bb-4617-892b-23bafc98b0f6,307,Temporary Redirect,786,275,0
3418,Sun Sep 06 23:12:13 BDT 2026,Sun Sep 06 23:12:15 BDT 2026,GET,https://tfctest-001-production.up.railway.app/products/4?_rsc=Set-cookie%3A+Tamper%3Dc474fa59-7496-48ed-9443-55cbffb7ff9c,307,Temporary Redirect,1992,279,0
3419,Sun Sep 06 23:12:14 BDT 2026,Sun Sep 06 23:12:15 BDT 2026,GET,https://tfctest-001-production.up.railway.app/login?_rsc=any%3F%0ASet-cookie%3A+Tamper%3D2674caab-64aa-48e5-8239-3abf9689d421,307,Temporary Redirect,769,274,0
3420,Sun Sep 06 23:12:14 BDT 2026,Sun Sep 06 23:12:15 BDT 2026,GET,https://tfctest-001-production.up.railway.app/checkout?_rsc=any%3F%0ASet-cookie%3A+Tamper%3D8a70e2f7-e15c-4cf6-9c72-07f2e66b2a21,307,Temporary Redirect,774,277,0
3421,Sun Sep 06 23:12:14 BDT 2026,Sun Sep 06 23:12:15 BDT 2026,GET,https://tfctest-001-production.up.railway.app/products/2?_rsc=any%0ASet-cookie%3A+Tamper%3D14c48696-b5de-49df-9379-67d63f7bfd39,307,Temporary Redirect,661,279,0
3422,Sun Sep 06 23:12:14 BDT 2026,Sun Sep 06 23:12:15 BDT 2026,GET,https://tfctest-001-production.up.railway.app/products/3?_rsc=any%0ASet-cookie%3A+Tamper%3Dd5b2078b-aac9-4263-aa1d-75246790f0f1,307,Temporary Redirect,838,279,0
3423,Sun Sep 06 23:12:15 BDT 2026,Sun Sep 06 23:12:15 BDT 2026,GET,https://tfctest-001-production.up.railway.app/products/10?_rsc=any%3F%0D%0ASet-cookie%3A+Tamper%3Da651d786-c290-4bc3-b5b8-cc3498dd6ad4,307,Temporary Redirect,939,280,0
3424,Sun Sep 06 23:12:15 BDT 2026,Sun Sep 06 23:12:16 BDT 2026,GET,https://tfctest-001-production.up.railway.app/products/1?_rsc=any%0ASet-cookie%3A+Tamper%3D979adc7f-b926-44df-9e95-78dd2bb6bdcd,307,Temporary Redirect,881,279,0
3425,Sun Sep 06 23:12:15 BDT 2026,Sun Sep 06 23:12:16 BDT 2026,GET,https://tfctest-001-production.up.railway.app/products/2?_rsc=any%3F%0ASet-cookie%3A+Tamper%3D14c48696-b5de-49df-9379-67d63f7bfd39,307,Temporary Redirect,468,279,0
3426,Sun Sep 06 23:12:15 BDT 2026,Sun Sep 06 23:12:16 BDT 2026,GET,https://tfctest-001-production.up.railway.app/orders?_rsc=any%3F%0ASet-cookie%3A+Tamper%3D42f2431c-30bb-4617-892b-23bafc98b0f6,307,Temporary Redirect,896,275,0
3427,Sun Sep 06 23:12:15 BDT 2026,Sun Sep 06 23:12:16 BDT 2026,GET,https://tfctest-001-production.up.railway.app/login?_rsc=any%0D%0ASet-cookie%3A+Tamper%3D2674caab-64aa-48e5-8239-3abf9689d421%0D%0A,307,Temporary Redirect,850,274,0
3428,Sun Sep 06 23:12:15 BDT 2026,Sun Sep 06 23:12:16 BDT 2026,GET,https://tfctest-001-production.up.railway.app/products/4?_rsc=any%0D%0ASet-cookie%3A+Tamper%3Dc474fa59-7496-48ed-9443-55cbffb7ff9c,307,Temporary Redirect,929,279,0
3429,Sun Sep 06 23:12:15 BDT 2026,Sun Sep 06 23:12:16 BDT 2026,GET,https://tfctest-001-production.up.railway.app/checkout?_rsc=any%0D%0ASet-cookie%3A+Tamper%3D8a70e2f7-e15c-4cf6-9c72-07f2e66b2a21%0D%0A,307,Temporary Redirect,870,277,0
3430,Sun Sep 06 23:12:15 BDT 2026,Sun Sep 06 23:12:16 BDT 2026,GET,https://tfctest-001-production.up.railway.app/products/3?_rsc=any%3F%0ASet-cookie%3A+Tamper%3Dd5b2078b-aac9-4263-aa1d-75246790f0f1,307,Temporary Redirect,1001,279,0
3431,Sun Sep 06 23:12:16 BDT 2026,Sun Sep 06 23:12:17 BDT 2026,GET,https://tfctest-001-production.up.railway.app/products/2?_rsc=any%0D%0ASet-cookie%3A+Tamper%3D14c48696-b5de-49df-9379-67d63f7bfd39%0D%0A,307,Temporary Redirect,1229,279,0
3432,Sun Sep 06 23:12:16 BDT 2026,Sun Sep 06 23:12:17 BDT 2026,GET,https://tfctest-001-production.up.railway.app/orders?_rsc=any%0D%0ASet-cookie%3A+Tamper%3D42f2431c-30bb-4617-892b-23bafc98b0f6%0D%0A,307,Temporary Redirect,1254,275,0
3433,Sun Sep 06 23:12:16 BDT 2026,Sun Sep 06 23:12:17 BDT 2026,GET,https://tfctest-001-production.up.railway.app/login?_rsc=any%3F%0D%0ASet-cookie%3A+Tamper%3D2674caab-64aa-48e5-8239-3abf9689d421%0D%0A,307,Temporary Redirect,1226,274,0
3434,Sun Sep 06 23:12:16 BDT 2026,Sun Sep 06 23:12:17 BDT 2026,GET,https://tfctest-001-production.up.railway.app/products/1?_rsc=any%3F%0ASet-cookie%3A+Tamper%3D979adc7f-b926-44df-9e95-78dd2bb6bdcd,307,Temporary Redirect,1513,279,0
3435,Sun Sep 06 23:12:15 BDT 2026,Sun Sep 06 23:12:17 BDT 2026,GET,https://tfctest-001-production.up.railway.app/products/10?_rsc=any%0ASet-cookie%3A+Tamper%3Da651d786-c290-4bc3-b5b8-cc3498dd6ad4,307,Temporary Redirect,1638,280,0
3436,Sun Sep 06 23:12:16 BDT 2026,Sun Sep 06 23:12:17 BDT 2026,GET,https://tfctest-001-production.up.railway.app/products/4?_rsc=any%3F%0D%0ASet-cookie%3A+Tamper%3Dc474fa59-7496-48ed-9443-55cbffb7ff9c,307,Temporary Redirect,1234,279,0
3437,Sun Sep 06 23:12:16 BDT 2026,Sun Sep 06 23:12:17 BDT 2026,GET,https://tfctest-001-production.up.railway.app/products/3?_rsc=any%0D%0ASet-cookie%3A+Tamper%3Dd5b2078b-aac9-4263-aa1d-75246790f0f1%0D%0A,307,Temporary Redirect,806,279,0
3438,Sun Sep 06 23:12:16 BDT 2026,Sun Sep 06 23:12:17 BDT 2026,GET,https://tfctest-001-production.up.railway.app/checkout?_rsc=any%3F%0D%0ASet-cookie%3A+Tamper%3D8a70e2f7-e15c-4cf6-9c72-07f2e66b2a21%0D%0A,307,Temporary Redirect,1285,277,0
3439,Sun Sep 06 23:12:17 BDT 2026,Sun Sep 06 23:12:17 BDT 2026,GET,https://tfctest-001-production.up.railway.app/products/2?_rsc=any%3F%0D%0ASet-cookie%3A+Tamper%3D14c48696-b5de-49df-9379-67d63f7bfd39%0D%0A,307,Temporary Redirect,679,279,0
3440,Sun Sep 06 23:12:17 BDT 2026,Sun Sep 06 23:12:18 BDT 2026,GET,https://tfctest-001-production.up.railway.app/products/1?_rsc=any%0D%0ASet-cookie%3A+Tamper%3D979adc7f-b926-44df-9e95-78dd2bb6bdcd%0D%0A,307,Temporary Redirect,864,279,0
3441,Sun Sep 06 23:12:17 BDT 2026,Sun Sep 06 23:12:18 BDT 2026,GET,https://tfctest-001-production.up.railway.app/products/10?_rsc=any%3F%0ASet-cookie%3A+Tamper%3Da651d786-c290-4bc3-b5b8-cc3498dd6ad4,307,Temporary Redirect,910,280,0
3442,Sun Sep 06 23:12:17 BDT 2026,Sun Sep 06 23:12:18 BDT 2026,GET,https://tfctest-001-production.up.railway.app/products/3?_rsc=any%3F%0D%0ASet-cookie%3A+Tamper%3Dd5b2078b-aac9-4263-aa1d-75246790f0f1%0D%0A,307,Temporary Redirect,915,279,0
3443,Sun Sep 06 23:12:17 BDT 2026,Sun Sep 06 23:12:18 BDT 2026,GET,https://tfctest-001-production.up.railway.app/orders?_rsc=any%3F%0D%0ASet-cookie%3A+Tamper%3D42f2431c-30bb-4617-892b-23bafc98b0f6%0D%0A,307,Temporary Redirect,1212,275,0
3444,Sun Sep 06 23:12:18 BDT 2026,Sun Sep 06 23:12:19 BDT 2026,GET,https://tfctest-001-production.up.railway.app/products/7?_rsc=Set-cookie%3A+Tamper%3D8bb7f296-05dd-4eee-a15d-dd4c39aaceb4,307,Temporary Redirect,1019,279,0
3445,Sun Sep 06 23:12:18 BDT 2026,Sun Sep 06 23:12:19 BDT 2026,GET,https://tfctest-001-production.up.railway.app/products/8?_rsc=Set-cookie%3A+Tamper%3D16dba4cb-b43d-4b0f-bb4e-3538b70856c5,307,Temporary Redirect,595,279,0
3446,Sun Sep 06 23:12:18 BDT 2026,Sun Sep 06 23:12:19 BDT 2026,GET,https://tfctest-001-production.up.railway.app/products/1?_rsc=any%3F%0D%0ASet-cookie%3A+Tamper%3D979adc7f-b926-44df-9e95-78dd2bb6bdcd%0D%0A,307,Temporary Redirect,878,279,0
3447,Sun Sep 06 23:12:17 BDT 2026,Sun Sep 06 23:12:19 BDT 2026,GET,https://tfctest-001-production.up.railway.app/products/4?_rsc=any%0ASet-cookie%3A+Tamper%3Dc474fa59-7496-48ed-9443-55cbffb7ff9c,307,Temporary Redirect,1740,279,0
3448,Sun Sep 06 23:12:18 BDT 2026,Sun Sep 06 23:12:19 BDT 2026,GET,https://tfctest-001-production.up.railway.app/products/10?_rsc=any%0D%0ASet-cookie%3A+Tamper%3Da651d786-c290-4bc3-b5b8-cc3498dd6ad4%0D%0A,307,Temporary Redirect,788,280,0
3449,Sun Sep 06 23:12:18 BDT 2026,Sun Sep 06 23:12:19 BDT 2026,GET,https://tfctest-001-production.up.railway.app/user,404,Not Found,863,435,271
3450,Sun Sep 06 23:12:18 BDT 2026,Sun Sep 06 23:12:19 BDT 2026,GET,https://tfctest-001-production.up.railway.app/products/9?_rsc=Set-cookie%3A+Tamper%3D9fe1e383-f3e2-4703-b722-8634d204adc1,307,Temporary Redirect,888,279,0
3451,Sun Sep 06 23:12:17 BDT 2026,Sun Sep 06 23:12:19 BDT 2026,GET,https://tfctest-001-production.up.railway.app/products/5?_rsc=Set-cookie%3A+Tamper%3D75e33ebc-715a-4d99-811d-8f6e637df3c7,307,Temporary Redirect,2201,279,0
3452,Sun Sep 06 23:12:19 BDT 2026,Sun Sep 06 23:12:20 BDT 2026,GET,https://tfctest-001-production.up.railway.app/products/8?_rsc=any%0D%0ASet-cookie%3A+Tamper%3D16dba4cb-b43d-4b0f-bb4e-3538b70856c5,307,Temporary Redirect,721,279,0
3453,Sun Sep 06 23:12:19 BDT 2026,Sun Sep 06 23:12:20 BDT 2026,GET,https://tfctest-001-production.up.railway.app/products/7?_rsc=any%0D%0ASet-cookie%3A+Tamper%3D8bb7f296-05dd-4eee-a15d-dd4c39aaceb4,307,Temporary Redirect,1236,279,0
3454,Sun Sep 06 23:12:17 BDT 2026,Sun Sep 06 23:12:20 BDT 2026,GET,https://tfctest-001-production.up.railway.app/products/6?_rsc=Set-cookie%3A+Tamper%3D1a2cbcf5-9c8c-4aff-9464-b6236774310e,307,Temporary Redirect,2669,279,0
3455,Sun Sep 06 23:12:19 BDT 2026,Sun Sep 06 23:12:20 BDT 2026,GET,https://tfctest-001-production.up.railway.app/products/10?_rsc=any%3F%0D%0ASet-cookie%3A+Tamper%3Da651d786-c290-4bc3-b5b8-cc3498dd6ad4%0D%0A,307,Temporary Redirect,1088,280,0
3456,Sun Sep 06 23:12:19 BDT 2026,Sun Sep 06 23:12:20 BDT 2026,GET,https://tfctest-001-production.up.railway.app/products/9?_rsc=any%0D%0ASet-cookie%3A+Tamper%3D9fe1e383-f3e2-4703-b722-8634d204adc1,307,Temporary Redirect,889,279,0
3457,Sun Sep 06 23:12:19 BDT 2026,Sun Sep 06 23:12:20 BDT 2026,GET,https://tfctest-001-production.up.railway.app/user/f2628526-8df9-49ba-a7ba-de6f27472fb0?_rsc=Set-cookie%3A+Tamper%3Dafd1bb23-13de-4e7a-a418-4c8e95bcb055,307,Temporary Redirect,862,310,0
3458,Sun Sep 06 23:12:19 BDT 2026,Sun Sep 06 23:12:20 BDT 2026,GET,https://tfctest-001-production.up.railway.app/products/5?_rsc=any%0D%0ASet-cookie%3A+Tamper%3D75e33ebc-715a-4d99-811d-8f6e637df3c7,307,Temporary Redirect,940,279,0
3459,Sun Sep 06 23:12:20 BDT 2026,Sun Sep 06 23:12:20 BDT 2026,GET,https://tfctest-001-production.up.railway.app/products/8?_rsc=any%3F%0D%0ASet-cookie%3A+Tamper%3D16dba4cb-b43d-4b0f-bb4e-3538b70856c5,307,Temporary Redirect,878,279,0
3460,Sun Sep 06 23:12:19 BDT 2026,Sun Sep 06 23:12:21 BDT 2026,GET,https://tfctest-001-production.up.railway.app/products/4?_rsc=any%3F%0ASet-cookie%3A+Tamper%3Dc474fa59-7496-48ed-9443-55cbffb7ff9c,307,Temporary Redirect,1744,279,0
3461,Sun Sep 06 23:12:20 BDT 2026,Sun Sep 06 23:12:21 BDT 2026,GET,https://tfctest-001-production.up.railway.app/products/6?_rsc=any%0D%0ASet-cookie%3A+Tamper%3D1a2cbcf5-9c8c-4aff-9464-b6236774310e,307,Temporary Redirect,750,279,0
3462,Sun Sep 06 23:12:20 BDT 2026,Sun Sep 06 23:12:21 BDT 2026,GET,https://tfctest-001-production.up.railway.app/products/7?_rsc=any%3F%0D%0ASet-cookie%3A+Tamper%3D8bb7f296-05dd-4eee-a15d-dd4c39aaceb4,307,Temporary Redirect,750,279,0
3463,Sun Sep 06 23:12:20 BDT 2026,Sun Sep 06 23:12:21 BDT 2026,GET,https://tfctest-001-production.up.railway.app/products/9?_rsc=any%3F%0D%0ASet-cookie%3A+Tamper%3D9fe1e383-f3e2-4703-b722-8634d204adc1,307,Temporary Redirect,783,279,0
3464,Sun Sep 06 23:12:20 BDT 2026,Sun Sep 06 23:12:21 BDT 2026,GET,https://tfctest-001-production.up.railway.app/user/f2628526-8df9-49ba-a7ba-de6f27472fb0?_rsc=any%0D%0ASet-cookie%3A+Tamper%3Dafd1bb23-13de-4e7a-a418-4c8e95bcb055,307,Temporary Redirect,721,310,0
3465,Sun Sep 06 23:12:20 BDT 2026,Sun Sep 06 23:12:21 BDT 2026,GET,https://tfctest-001-production.up.railway.app/products/5?_rsc=any%3F%0D%0ASet-cookie%3A+Tamper%3D75e33ebc-715a-4d99-811d-8f6e637df3c7,307,Temporary Redirect,928,279,0
3466,Sun Sep 06 23:12:20 BDT 2026,Sun Sep 06 23:12:21 BDT 2026,GET,https://tfctest-001-production.up.railway.app/products/8?_rsc=any%0ASet-cookie%3A+Tamper%3D16dba4cb-b43d-4b0f-bb4e-3538b70856c5,307,Temporary Redirect,865,279,0
3467,Sun Sep 06 23:12:21 BDT 2026,Sun Sep 06 23:12:21 BDT 2026,GET,https://tfctest-001-production.up.railway.app/products/6?_rsc=any%3F%0D%0ASet-cookie%3A+Tamper%3D1a2cbcf5-9c8c-4aff-9464-b6236774310e,307,Temporary Redirect,691,279,0
3468,Sun Sep 06 23:12:21 BDT 2026,Sun Sep 06 23:12:22 BDT 2026,GET,https://tfctest-001-production.up.railway.app/products/7?_rsc=any%0ASet-cookie%3A+Tamper%3D8bb7f296-05dd-4eee-a15d-dd4c39aaceb4,307,Temporary Redirect,1103,279,0
3469,Sun Sep 06 23:12:21 BDT 2026,Sun Sep 06 23:12:22 BDT 2026,GET,https://tfctest-001-production.up.railway.app/products/4?_rsc=any%0D%0ASet-cookie%3A+Tamper%3Dc474fa59-7496-48ed-9443-55cbffb7ff9c%0D%0A,307,Temporary Redirect,1135,279,0
3470,Sun Sep 06 23:12:21 BDT 2026,Sun Sep 06 23:12:22 BDT 2026,GET,https://tfctest-001-production.up.railway.app/products/9?_rsc=any%0ASet-cookie%3A+Tamper%3D9fe1e383-f3e2-4703-b722-8634d204adc1,307,Temporary Redirect,919,279,0
3471,Sun Sep 06 23:12:21 BDT 2026,Sun Sep 06 23:12:22 BDT 2026,GET,https://tfctest-001-production.up.railway.app/products/5?_rsc=any%0ASet-cookie%3A+Tamper%3D75e33ebc-715a-4d99-811d-8f6e637df3c7,307,Temporary Redirect,939,279,0
3472,Sun Sep 06 23:12:21 BDT 2026,Sun Sep 06 23:12:23 BDT 2026,GET,https://tfctest-001-production.up.railway.app/products/6?_rsc=any%0ASet-cookie%3A+Tamper%3D1a2cbcf5-9c8c-4aff-9464-b6236774310e,307,Temporary Redirect,1272,279,0
3473,Sun Sep 06 23:12:22 BDT 2026,Sun Sep 06 23:12:23 BDT 2026,GET,https://tfctest-001-production.up.railway.app/products/7?_rsc=any%3F%0ASet-cookie%3A+Tamper%3D8bb7f296-05dd-4eee-a15d-dd4c39aaceb4,307,Temporary Redirect,953,279,0
3474,Sun Sep 06 23:12:21 BDT 2026,Sun Sep 06 23:12:23 BDT 2026,GET,https://tfctest-001-production.up.railway.app/user/f2628526-8df9-49ba-a7ba-de6f27472fb0?_rsc=any%3F%0D%0ASet-cookie%3A+Tamper%3Dafd1bb23-13de-4e7a-a418-4c8e95bcb055,307,Temporary Redirect,2169,310,0
3475,Sun Sep 06 23:12:22 BDT 2026,Sun Sep 06 23:12:23 BDT 2026,GET,https://tfctest-001-production.up.railway.app/products/5?_rsc=any%3F%0ASet-cookie%3A+Tamper%3D75e33ebc-715a-4d99-811d-8f6e637df3c7,307,Temporary Redirect,1148,279,0
3476,Sun Sep 06 23:12:22 BDT 2026,Sun Sep 06 23:12:23 BDT 2026,GET,https://tfctest-001-production.up.railway.app/products/9?_rsc=any%3F%0ASet-cookie%3A+Tamper%3D9fe1e383-f3e2-4703-b722-8634d204adc1,307,Temporary Redirect,1570,279,0
3477,Sun Sep 06 23:12:21 BDT 2026,Sun Sep 06 23:12:23 BDT 2026,GET,https://tfctest-001-production.up.railway.app/products/8?_rsc=any%3F%0ASet-cookie%3A+Tamper%3D16dba4cb-b43d-4b0f-bb4e-3538b70856c5,307,Temporary Redirect,2055,279,0
3478,Sun Sep 06 23:12:23 BDT 2026,Sun Sep 06 23:12:24 BDT 2026,GET,https://tfctest-001-production.up.railway.app/products/6?_rsc=any%3F%0ASet-cookie%3A+Tamper%3D1a2cbcf5-9c8c-4aff-9464-b6236774310e,307,Temporary Redirect,882,279,0
3479,Sun Sep 06 23:12:23 BDT 2026,Sun Sep 06 23:12:24 BDT 2026,GET,https://tfctest-001-production.up.railway.app/products/7?_rsc=any%0D%0ASet-cookie%3A+Tamper%3D8bb7f296-05dd-4eee-a15d-dd4c39aaceb4%0D%0A,307,Temporary Redirect,1009,279,0
3480,Sun Sep 06 23:12:22 BDT 2026,Sun Sep 06 23:12:24 BDT 2026,GET,https://tfctest-001-production.up.railway.app/products/4?_rsc=any%3F%0D%0ASet-cookie%3A+Tamper%3Dc474fa59-7496-48ed-9443-55cbffb7ff9c%0D%0A,307,Temporary Redirect,1924,279,0
3481,Sun Sep 06 23:12:23 BDT 2026,Sun Sep 06 23:12:24 BDT 2026,GET,https://tfctest-001-production.up.railway.app/user/f2628526-8df9-49ba-a7ba-de6f27472fb0?_rsc=any%0ASet-cookie%3A+Tamper%3Dafd1bb23-13de-4e7a-a418-4c8e95bcb055,307,Temporary Redirect,1120,310,0
3482,Sun Sep 06 23:12:23 BDT 2026,Sun Sep 06 23:12:24 BDT 2026,GET,https://tfctest-001-production.up.railway.app/products/5?_rsc=any%0D%0ASet-cookie%3A+Tamper%3D75e33ebc-715a-4d99-811d-8f6e637df3c7%0D%0A,307,Temporary Redirect,823,279,0
3483,Sun Sep 06 23:12:23 BDT 2026,Sun Sep 06 23:12:24 BDT 2026,GET,https://tfctest-001-production.up.railway.app/products/9?_rsc=any%0D%0ASet-cookie%3A+Tamper%3D9fe1e383-f3e2-4703-b722-8634d204adc1%0D%0A,307,Temporary Redirect,854,279,0
3484,Sun Sep 06 23:12:23 BDT 2026,Sun Sep 06 23:12:24 BDT 2026,GET,https://tfctest-001-production.up.railway.app/products/8?_rsc=any%0D%0ASet-cookie%3A+Tamper%3D16dba4cb-b43d-4b0f-bb4e-3538b70856c5%0D%0A,307,Temporary Redirect,1026,279,0
3485,Sun Sep 06 23:12:24 BDT 2026,Sun Sep 06 23:12:25 BDT 2026,GET,https://tfctest-001-production.up.railway.app/products/7?_rsc=any%3F%0D%0ASet-cookie%3A+Tamper%3D8bb7f296-05dd-4eee-a15d-dd4c39aaceb4%0D%0A,307,Temporary Redirect,1236,279,0
3486,Sun Sep 06 23:12:24 BDT 2026,Sun Sep 06 23:12:25 BDT 2026,GET,https://tfctest-001-production.up.railway.app/user/f2628526-8df9-49ba-a7ba-de6f27472fb0?_rsc=any%3F%0ASet-cookie%3A+Tamper%3Dafd1bb23-13de-4e7a-a418-4c8e95bcb055,307,Temporary Redirect,782,310,0
3487,Sun Sep 06 23:12:24 BDT 2026,Sun Sep 06 23:12:25 BDT 2026,GET,https://tfctest-001-production.up.railway.app/products/5?_rsc=any%3F%0D%0ASet-cookie%3A+Tamper%3D75e33ebc-715a-4d99-811d-8f6e637df3c7%0D%0A,307,Temporary Redirect,849,279,0
3488,Sun Sep 06 23:12:24 BDT 2026,Sun Sep 06 23:12:25 BDT 2026,GET,https://tfctest-001-production.up.railway.app/products/6?_rsc=any%0D%0ASet-cookie%3A+Tamper%3D1a2cbcf5-9c8c-4aff-9464-b6236774310e%0D%0A,307,Temporary Redirect,1761,279,0
3489,Sun Sep 06 23:12:24 BDT 2026,Sun Sep 06 23:12:26 BDT 2026,GET,https://tfctest-001-production.up.railway.app/products/8?_rsc=any%3F%0D%0ASet-cookie%3A+Tamper%3D16dba4cb-b43d-4b0f-bb4e-3538b70856c5%0D%0A,307,Temporary Redirect,1037,279,0
3490,Sun Sep 06 23:12:25 BDT 2026,Sun Sep 06 23:12:26 BDT 2026,GET,https://tfctest-001-production.up.railway.app/user/f2628526-8df9-49ba-a7ba-de6f27472fb0?_rsc=any%0D%0ASet-cookie%3A+Tamper%3Dafd1bb23-13de-4e7a-a418-4c8e95bcb055%0D%0A,307,Temporary Redirect,703,310,0
3491,Sun Sep 06 23:12:24 BDT 2026,Sun Sep 06 23:12:26 BDT 2026,GET,https://tfctest-001-production.up.railway.app/products/9?_rsc=any%3F%0D%0ASet-cookie%3A+Tamper%3D9fe1e383-f3e2-4703-b722-8634d204adc1%0D%0A,307,Temporary Redirect,1568,279,0
3492,Sun Sep 06 23:12:25 BDT 2026,Sun Sep 06 23:12:26 BDT 2026,GET,https://tfctest-001-production.up.railway.app/products/6?_rsc=any%3F%0D%0ASet-cookie%3A+Tamper%3D1a2cbcf5-9c8c-4aff-9464-b6236774310e%0D%0A,307,Temporary Redirect,734,279,0
3493,Sun Sep 06 23:12:26 BDT 2026,Sun Sep 06 23:12:27 BDT 2026,GET,https://tfctest-001-production.up.railway.app/user/f2628526-8df9-49ba-a7ba-de6f27472fb0?_rsc=any%3F%0D%0ASet-cookie%3A+Tamper%3Dafd1bb23-13de-4e7a-a418-4c8e95bcb055%0D%0A,307,Temporary Redirect,738,310,0
3494,Sun Sep 06 23:12:27 BDT 2026,Sun Sep 06 23:12:27 BDT 2026,GET,https://tfctest-001-production.up.railway.app/?_rsc=tXyZJ52UQVBCVsD3,200,OK,593,428,984
3495,Sun Sep 06 23:12:27 BDT 2026,Sun Sep 06 23:12:27 BDT 2026,GET,https://tfctest-001-production.up.railway.app,200,OK,937,534,30900
3496,Sun Sep 06 23:12:27 BDT 2026,Sun Sep 06 23:12:28 BDT 2026,GET,https://tfctest-001-production.up.railway.app/_next,404,Not Found,593,361,9
3497,Sun Sep 06 23:12:27 BDT 2026,Sun Sep 06 23:12:28 BDT 2026,GET,https://tfctest-001-production.up.railway.app/?=,200,OK,719,428,998
3498,Sun Sep 06 23:12:28 BDT 2026,Sun Sep 06 23:12:29 BDT 2026,GET,https://tfctest-001-production.up.railway.app/_next/static,404,Not Found,583,361,9
3499,Sun Sep 06 23:12:29 BDT 2026,Sun Sep 06 23:12:29 BDT 2026,GET,https://tfctest-001-production.up.railway.app/_next/static/chunks,404,Not Found,658,361,9
3500,Sun Sep 06 23:12:28 BDT 2026,Sun Sep 06 23:12:29 BDT 2026,GET,https://tfctest-001-production.up.railway.app/?_rsc=,200,OK,580,428,984
3501,Sun Sep 06 23:12:30 BDT 2026,Sun Sep 06 23:12:30 BDT 2026,GET,https://tfctest-001-production.up.railway.app/checkout?_rsc=tXyZJ52UQVBCVsD3,200,OK,580,429,1041
3502,Sun Sep 06 23:12:30 BDT 2026,Sun Sep 06 23:12:30 BDT 2026,GET,https://tfctest-001-production.up.railway.app/login?_rsc=tXyZJ52UQVBCVsD3,200,OK,627,429,1038
3503,Sun Sep 06 23:12:30 BDT 2026,Sun Sep 06 23:12:30 BDT 2026,GET,https://tfctest-001-production.up.railway.app/products,404,Not Found,722,435,271
3504,Sun Sep 06 23:12:30 BDT 2026,Sun Sep 06 23:12:31 BDT 2026,GET,https://tfctest-001-production.up.railway.app/orders?_rsc=SPszGvbV_Rbt3KNT,200,OK,1321,429,2327
3505,Sun Sep 06 23:12:30 BDT 2026,Sun Sep 06 23:12:31 BDT 2026,GET,https://tfctest-001-production.up.railway.app/products/1?_rsc=tXyZJ52UQVBCVsD3,200,OK,650,429,1105
3506,Sun Sep 06 23:12:30 BDT 2026,Sun Sep 06 23:12:31 BDT 2026,GET,https://tfctest-001-production.up.railway.app/products/2?_rsc=tXyZJ52UQVBCVsD3,200,OK,665,429,1105
3507,Sun Sep 06 23:12:30 BDT 2026,Sun Sep 06 23:12:31 BDT 2026,GET,https://tfctest-001-production.up.railway.app/products/10?_rsc=tXyZJ52UQVBCVsD3,200,OK,759,429,1106
3508,Sun Sep 06 23:12:30 BDT 2026,Sun Sep 06 23:12:31 BDT 2026,GET,https://tfctest-001-production.up.railway.app/products/3?_rsc=tXyZJ52UQVBCVsD3,200,OK,962,429,1105
3509,Sun Sep 06 23:12:30 BDT 2026,Sun Sep 06 23:12:30 BDT 2026,GET,https://tfctest-001-production.up.railway.app/?_rsc=%40,200,OK,666,428,984
3510,Sun Sep 06 23:12:30 BDT 2026,Sun Sep 06 23:12:31 BDT 2026,GET,https://tfctest-001-production.up.railway.app/checkout?=,200,OK,772,429,1055
3511,Sun Sep 06 23:12:30 BDT 2026,Sun Sep 06 23:12:31 BDT 2026,GET,https://tfctest-001-production.up.railway.app/login?=,200,OK,677,429,1052
3512,Sun Sep 06 23:12:31 BDT 2026,Sun Sep 06 23:12:32 BDT 2026,GET,https://tfctest-001-production.up.railway.app/products/2?=,200,OK,699,429,1119
3513,Sun Sep 06 23:12:31 BDT 2026,Sun Sep 06 23:12:32 BDT 2026,GET,https://tfctest-001-production.up.railway.app/products/1?=,200,OK,714,429,1119
3514,Sun Sep 06 23:12:31 BDT 2026,Sun Sep 06 23:12:32 BDT 2026,GET,https://tfctest-001-production.up.railway.app/products/10?=,200,OK,714,429,1120
3515,Sun Sep 06 23:12:31 BDT 2026,Sun Sep 06 23:12:32 BDT 2026,GET,https://tfctest-001-production.up.railway.app/products/3?=,200,OK,797,429,1119
3516,Sun Sep 06 23:12:31 BDT 2026,Sun Sep 06 23:12:32 BDT 2026,GET,https://tfctest-001-production.up.railway.app/orders?=,200,OK,669,429,2341
3517,Sun Sep 06 23:12:31 BDT 2026,Sun Sep 06 23:12:32 BDT 2026,GET,https://tfctest-001-production.up.railway.app/?_rsc=%2B,200,OK,726,428,984
3518,Sun Sep 06 23:12:32 BDT 2026,Sun Sep 06 23:12:32 BDT 2026,GET,https://tfctest-001-production.up.railway.app/checkout?_rsc=,200,OK,675,429,1041
3519,Sun Sep 06 23:12:32 BDT 2026,Sun Sep 06 23:12:32 BDT 2026,GET,https://tfctest-001-production.up.railway.app/login?_rsc=,200,OK,708,429,1038
3520,Sun Sep 06 23:12:32 BDT 2026,Sun Sep 06 23:12:33 BDT 2026,GET,https://tfctest-001-production.up.railway.app/products/2?_rsc=,200,OK,635,429,1105
3521,Sun Sep 06 23:12:32 BDT 2026,Sun Sep 06 23:12:33 BDT 2026,GET,https://tfctest-001-production.up.railway.app/products/1?_rsc=,200,OK,651,429,1105
3522,Sun Sep 06 23:12:33 BDT 2026,Sun Sep 06 23:12:33 BDT 2026,GET,https://tfctest-001-production.up.railway.app/products/10?_rsc=,200,OK,837,429,1106
3523,Sun Sep 06 23:12:33 BDT 2026,Sun Sep 06 23:12:33 BDT 2026,GET,https://tfctest-001-production.up.railway.app/checkout?_rsc=%40,200,OK,580,429,1041
3524,Sun Sep 06 23:12:33 BDT 2026,Sun Sep 06 23:12:34 BDT 2026,GET,https://tfctest-001-production.up.railway.app/?_rsc=%00,200,OK,628,428,984
3525,Sun Sep 06 23:12:33 BDT 2026,Sun Sep 06 23:12:33 BDT 2026,GET,https://tfctest-001-production.up.railway.app/products/3?_rsc=,200,OK,744,429,1105
3526,Sun Sep 06 23:12:33 BDT 2026,Sun Sep 06 23:12:34 BDT 2026,GET,https://tfctest-001-production.up.railway.app/login?_rsc=%40,200,OK,734,429,1038
3527,Sun Sep 06 23:12:34 BDT 2026,Sun Sep 06 23:12:34 BDT 2026,GET,https://tfctest-001-production.up.railway.app/products/2?_rsc=%40,200,OK,804,429,1105
3528,Sun Sep 06 23:12:33 BDT 2026,Sun Sep 06 23:12:34 BDT 2026,GET,https://tfctest-001-production.up.railway.app/orders?_rsc=,200,OK,782,429,2327
3529,Sun Sep 06 23:12:34 BDT 2026,Sun Sep 06 23:12:35 BDT 2026,GET,https://tfctest-001-production.up.railway.app/products/1?_rsc=%40,200,OK,700,429,1105
3530,Sun Sep 06 23:12:34 BDT 2026,Sun Sep 06 23:12:35 BDT 2026,GET,https://tfctest-001-production.up.railway.app/products/3?_rsc=%40,200,OK,625,429,1105
3531,Sun Sep 06 23:12:34 BDT 2026,Sun Sep 06 23:12:35 BDT 2026,GET,https://tfctest-001-production.up.railway.app/checkout?_rsc=%2B,200,OK,993,429,1041
3532,Sun Sep 06 23:12:34 BDT 2026,Sun Sep 06 23:12:35 BDT 2026,GET,https://tfctest-001-production.up.railway.app/?_rsc=%7C,200,OK,977,428,984
3533,Sun Sep 06 23:12:34 BDT 2026,Sun Sep 06 23:12:35 BDT 2026,GET,https://tfctest-001-production.up.railway.app/products/10?_rsc=%40,200,OK,1024,429,1106
3534,Sun Sep 06 23:12:34 BDT 2026,Sun Sep 06 23:12:35 BDT 2026,GET,https://tfctest-001-production.up.railway.app/login?_rsc=%2B,200,OK,893,429,1038
3535,Sun Sep 06 23:12:36 BDT 2026,Sun Sep 06 23:12:37 BDT 2026,GET,https://tfctest-001-production.up.railway.app/products/4?_rsc=tXyZJ52UQVBCVsD3,200,OK,1419,429,1105
3536,Sun Sep 06 23:12:35 BDT 2026,Sun Sep 06 23:12:36 BDT 2026,GET,https://tfctest-001-production.up.railway.app/products/2?_rsc=%2B,200,OK,812,429,1105
3537,Sun Sep 06 23:12:36 BDT 2026,Sun Sep 06 23:12:37 BDT 2026,GET,https://tfctest-001-production.up.railway.app/products/3?_rsc=%2B,200,OK,729,429,1105
3538,Sun Sep 06 23:12:36 BDT 2026,Sun Sep 06 23:12:37 BDT 2026,GET,https://tfctest-001-production.up.railway.app/checkout?_rsc=%00,200,OK,685,429,1041
3539,Sun Sep 06 23:12:36 BDT 2026,Sun Sep 06 23:12:37 BDT 2026,GET,https://tfctest-001-production.up.railway.app/products/10?_rsc=%2B,200,OK,641,429,1106
3540,Sun Sep 06 23:12:36 BDT 2026,Sun Sep 06 23:12:37 BDT 2026,GET,https://tfctest-001-production.up.railway.app/products/1?_rsc=%2B,200,OK,744,429,1105
3541,Sun Sep 06 23:12:36 BDT 2026,Sun Sep 06 23:12:37 BDT 2026,GET,https://tfctest-001-production.up.railway.app/login?_rsc=%00,200,OK,1270,429,1038
3542,Sun Sep 06 23:12:36 BDT 2026,Sun Sep 06 23:12:36 BDT 2026,GET,https://tfctest-001-production.up.railway.app/orders?_rsc=%40,200,OK,793,429,2327
3543,Sun Sep 06 23:12:37 BDT 2026,Sun Sep 06 23:12:38 BDT 2026,GET,https://tfctest-001-production.up.railway.app/products/4?=,200,OK,715,429,1119
3544,Sun Sep 06 23:12:38 BDT 2026,Sun Sep 06 23:12:38 BDT 2026,GET,https://tfctest-001-production.up.railway.app/products/2?_rsc=%00,200,OK,642,429,1105
3545,Sun Sep 06 23:12:38 BDT 2026,Sun Sep 06 23:12:38 BDT 2026,GET,https://tfctest-001-production.up.railway.app/products/3?_rsc=%00,200,OK,672,429,1105
3546,Sun Sep 06 23:12:38 BDT 2026,Sun Sep 06 23:12:38 BDT 2026,GET,https://tfctest-001-production.up.railway.app/checkout?_rsc=%7C,200,OK,593,429,1041
3547,Sun Sep 06 23:12:38 BDT 2026,Sun Sep 06 23:12:39 BDT 2026,GET,https://tfctest-001-production.up.railway.app/products/10?_rsc=%00,200,OK,661,429,1106
3548,Sun Sep 06 23:12:38 BDT 2026,Sun Sep 06 23:12:39 BDT 2026,GET,https://tfctest-001-production.up.railway.app/products/1?_rsc=%00,200,OK,770,429,1105
3549,Sun Sep 06 23:12:38 BDT 2026,Sun Sep 06 23:12:39 BDT 2026,GET,https://tfctest-001-production.up.railway.app/login?_rsc=%7C,200,OK,938,429,1038
3550,Sun Sep 06 23:12:40 BDT 2026,Sun Sep 06 23:12:40 BDT 2026,GET,https://tfctest-001-production.up.railway.app/products/5?_rsc=tXyZJ52UQVBCVsD3,200,OK,690,429,1105
3551,Sun Sep 06 23:12:39 BDT 2026,Sun Sep 06 23:12:40 BDT 2026,GET,https://tfctest-001-production.up.railway.app/products/3?_rsc=%7C,200,OK,796,429,1105
3552,Sun Sep 06 23:12:39 BDT 2026,Sun Sep 06 23:12:40 BDT 2026,GET,https://tfctest-001-production.up.railway.app/products/4?_rsc=,200,OK,871,429,1105
3553,Sun Sep 06 23:12:39 BDT 2026,Sun Sep 06 23:12:40 BDT 2026,GET,https://tfctest-001-production.up.railway.app/products/2?_rsc=%7C,200,OK,796,429,1105
3554,Sun Sep 06 23:12:40 BDT 2026,Sun Sep 06 23:12:41 BDT 2026,GET,https://tfctest-001-production.up.railway.app/products/6?_rsc=tXyZJ52UQVBCVsD3,200,OK,762,429,1105
3555,Sun Sep 06 23:12:40 BDT 2026,Sun Sep 06 23:12:40 BDT 2026,GET,https://tfctest-001-production.up.railway.app/products/10?_rsc=%7C,200,OK,726,429,1106
3556,Sun Sep 06 23:12:38 BDT 2026,Sun Sep 06 23:12:40 BDT 2026,GET,https://tfctest-001-production.up.railway.app/orders?_rsc=%2B,200,OK,1799,429,2327
3557,Sun Sep 06 23:12:40 BDT 2026,Sun Sep 06 23:12:41 BDT 2026,GET,https://tfctest-001-production.up.railway.app/products/5?=,200,OK,684,429,1119
3558,Sun Sep 06 23:12:40 BDT 2026,Sun Sep 06 23:12:41 BDT 2026,GET,https://tfctest-001-production.up.railway.app/products/1?_rsc=%7C,200,OK,723,429,1105
3559,Sun Sep 06 23:12:41 BDT 2026,Sun Sep 06 23:12:42 BDT 2026,GET,https://tfctest-001-production.up.railway.app/products/7?_rsc=feaeVVEpRlJm4x34,200,OK,1335,429,4778
3560,Sun Sep 06 23:12:42 BDT 2026,Sun Sep 06 23:12:43 BDT 2026,GET,https://tfctest-001-production.up.railway.app/user,404,Not Found,1133,435,271
3561,Sun Sep 06 23:12:42 BDT 2026,Sun Sep 06 23:12:43 BDT 2026,GET,https://tfctest-001-production.up.railway.app/products/9?_rsc=tXyZJ52UQVBCVsD3,200,OK,1149,429,1105
3562,Sun Sep 06 23:12:41 BDT 2026,Sun Sep 06 23:12:42 BDT 2026,GET,https://tfctest-001-production.up.railway.app/products/4?_rsc=%40,200,OK,904,429,1105
3563,Sun Sep 06 23:12:41 BDT 2026,Sun Sep 06 23:12:43 BDT 2026,GET,https://tfctest-001-production.up.railway.app/products/8?_rsc=tXyZJ52UQVBCVsD3,200,OK,2290,429,1105
3564,Sun Sep 06 23:12:43 BDT 2026,Sun Sep 06 23:12:44 BDT 2026,GET,https://tfctest-001-production.up.railway.app/user/f2628526-8df9-49ba-a7ba-de6f27472fb0?_rsc=WKViemS1y3HMVqqY,200,OK,1204,429,3898
3565,Sun Sep 06 23:12:42 BDT 2026,Sun Sep 06 23:12:43 BDT 2026,GET,https://tfctest-001-production.up.railway.app/orders?_rsc=%00,200,OK,1273,429,2327
3566,Sun Sep 06 23:12:42 BDT 2026,Sun Sep 06 23:12:43 BDT 2026,GET,https://tfctest-001-production.up.railway.app/products/7?=,200,OK,910,429,4792
3567,Sun Sep 06 23:12:42 BDT 2026,Sun Sep 06 23:12:44 BDT 2026,GET,https://tfctest-001-production.up.railway.app/products/5?_rsc=,200,OK,1896,429,1105
3568,Sun Sep 06 23:12:43 BDT 2026,Sun Sep 06 23:12:44 BDT 2026,GET,https://tfctest-001-production.up.railway.app/products/9?=,200,OK,1106,429,1119
3569,Sun Sep 06 23:12:41 BDT 2026,Sun Sep 06 23:12:43 BDT 2026,GET,https://tfctest-001-production.up.railway.app/products/6?=,200,OK,2494,429,1119
3570,Sun Sep 06 23:12:43 BDT 2026,Sun Sep 06 23:12:45 BDT 2026,GET,https://tfctest-001-production.up.railway.app/products/8?=,200,OK,1458,429,1119
3571,Sun Sep 06 23:12:43 BDT 2026,Sun Sep 06 23:12:45 BDT 2026,GET,https://tfctest-001-production.up.railway.app/products/4?_rsc=%2B,200,OK,1724,429,1105
3572,Sun Sep 06 23:12:45 BDT 2026,Sun Sep 06 23:12:46 BDT 2026,GET,https://tfctest-001-production.up.railway.app/products/5?_rsc=%40,200,OK,877,429,1105
3573,Sun Sep 06 23:12:44 BDT 2026,Sun Sep 06 23:12:46 BDT 2026,GET,https://tfctest-001-production.up.railway.app/user/f2628526-8df9-49ba-a7ba-de6f27472fb0?=,200,OK,1540,429,3912
3574,Sun Sep 06 23:12:45 BDT 2026,Sun Sep 06 23:12:46 BDT 2026,GET,https://tfctest-001-production.up.railway.app/products/7?_rsc=,200,OK,986,429,4778
3575,Sun Sep 06 23:12:45 BDT 2026,Sun Sep 06 23:12:46 BDT 2026,GET,https://tfctest-001-production.up.railway.app/products/9?_rsc=,200,OK,925,429,1105
3576,Sun Sep 06 23:12:45 BDT 2026,Sun Sep 06 23:12:46 BDT 2026,GET,https://tfctest-001-production.up.railway.app/products/8?_rsc=,200,OK,1040,429,1105
3577,Sun Sep 06 23:12:45 BDT 2026,Sun Sep 06 23:12:47 BDT 2026,GET,https://tfctest-001-production.up.railway.app/products/6?_rsc=,200,OK,1649,429,1105
3578,Sun Sep 06 23:12:45 BDT 2026,Sun Sep 06 23:12:46 BDT 2026,GET,https://tfctest-001-production.up.railway.app/orders?_rsc=%7C,200,OK,833,429,2327
3579,Sun Sep 06 23:12:46 BDT 2026,Sun Sep 06 23:12:47 BDT 2026,GET,https://tfctest-001-production.up.railway.app/products/4?_rsc=%00,200,OK,1836,429,1105
3580,Sun Sep 06 23:12:47 BDT 2026,Sun Sep 06 23:12:48 BDT 2026,GET,https://tfctest-001-production.up.railway.app/products/5?_rsc=%2B,200,OK,963,429,1105
3581,Sun Sep 06 23:12:47 BDT 2026,Sun Sep 06 23:12:48 BDT 2026,GET,https://tfctest-001-production.up.railway.app/user/f2628526-8df9-49ba-a7ba-de6f27472fb0?_rsc=,200,OK,963,429,3898
3582,Sun Sep 06 23:12:48 BDT 2026,Sun Sep 06 23:12:48 BDT 2026,GET,https://tfctest-001-production.up.railway.app/products/8?_rsc=%40,200,OK,725,429,1105
3583,Sun Sep 06 23:12:48 BDT 2026,Sun Sep 06 23:12:48 BDT 2026,GET,https://tfctest-001-production.up.railway.app/products/9?_rsc=%40,200,OK,850,429,1105
3584,Sun Sep 06 23:12:48 BDT 2026,Sun Sep 06 23:12:49 BDT 2026,GET,https://tfctest-001-production.up.railway.app/products/7?_rsc=%40,200,OK,995,429,4778
3585,Sun Sep 06 23:12:48 BDT 2026,Sun Sep 06 23:12:49 BDT 2026,GET,https://tfctest-001-production.up.railway.app/products/6?_rsc=%40,200,OK,1346,429,1105
3586,Sun Sep 06 23:12:48 BDT 2026,Sun Sep 06 23:12:49 BDT 2026,GET,https://tfctest-001-production.up.railway.app/products/4?_rsc=%7C,200,OK,1210,429,1105
3587,Sun Sep 06 23:12:49 BDT 2026,Sun Sep 06 23:12:50 BDT 2026,GET,https://tfctest-001-production.up.railway.app/products/5?_rsc=%00,200,OK,1101,429,1105
3588,Sun Sep 06 23:12:49 BDT 2026,Sun Sep 06 23:12:50 BDT 2026,GET,https://tfctest-001-production.up.railway.app/user/f2628526-8df9-49ba-a7ba-de6f27472fb0?_rsc=%40,200,OK,1004,429,3898
3589,Sun Sep 06 23:12:50 BDT 2026,Sun Sep 06 23:12:51 BDT 2026,GET,https://tfctest-001-production.up.railway.app/products/7?_rsc=%2B,200,OK,1156,429,4778
3590,Sun Sep 06 23:12:50 BDT 2026,Sun Sep 06 23:12:51 BDT 2026,GET,https://tfctest-001-production.up.railway.app/products/6?_rsc=%2B,200,OK,1234,429,1105
3591,Sun Sep 06 23:12:49 BDT 2026,Sun Sep 06 23:12:52 BDT 2026,GET,https://tfctest-001-production.up.railway.app/products/8?_rsc=%2B,200,OK,2418,429,1105
3592,Sun Sep 06 23:12:50 BDT 2026,Sun Sep 06 23:12:51 BDT 2026,GET,https://tfctest-001-production.up.railway.app/products/9?_rsc=%2B,200,OK,1898,429,1105
3593,Sun Sep 06 23:12:51 BDT 2026,Sun Sep 06 23:12:52 BDT 2026,GET,https://tfctest-001-production.up.railway.app/products/5?_rsc=%7C,200,OK,1272,429,1105
3594,Sun Sep 06 23:12:52 BDT 2026,Sun Sep 06 23:12:53 BDT 2026,GET,https://tfctest-001-production.up.railway.app/user/f2628526-8df9-49ba-a7ba-de6f27472fb0?_rsc=%2B,200,OK,980,429,3898
3595,Sun Sep 06 23:12:52 BDT 2026,Sun Sep 06 23:12:53 BDT 2026,GET,https://tfctest-001-production.up.railway.app/products/7?_rsc=%00,200,OK,826,429,4778
3596,Sun Sep 06 23:12:52 BDT 2026,Sun Sep 06 23:12:53 BDT 2026,GET,https://tfctest-001-production.up.railway.app/products/6?_rsc=%00,200,OK,810,429,1105
3597,Sun Sep 06 23:12:53 BDT 2026,Sun Sep 06 23:12:53 BDT 2026,GET,https://tfctest-001-production.up.railway.app/products/8?_rsc=%00,200,OK,732,429,1105
3598,Sun Sep 06 23:12:53 BDT 2026,Sun Sep 06 23:12:53 BDT 2026,GET,https://tfctest-001-production.up.railway.app/products/9?_rsc=%00,200,OK,792,429,1105
3599,Sun Sep 06 23:12:54 BDT 2026,Sun Sep 06 23:12:55 BDT 2026,GET,https://tfctest-001-production.up.railway.app/products/6?_rsc=%7C,200,OK,888,429,1105
3600,Sun Sep 06 23:12:54 BDT 2026,Sun Sep 06 23:12:56 BDT 2026,GET,https://tfctest-001-production.up.railway.app/products/9?_rsc=%7C,200,OK,1524,429,1105
3601,Sun Sep 06 23:12:54 BDT 2026,Sun Sep 06 23:12:57 BDT 2026,GET,https://tfctest-001-production.up.railway.app/products/8?_rsc=%7C,200,OK,2342,429,1105
3602,Sun Sep 06 23:12:54 BDT 2026,Sun Sep 06 23:12:55 BDT 2026,GET,https://tfctest-001-production.up.railway.app/products/7?_rsc=%7C,200,OK,919,429,4778
3603,Sun Sep 06 23:12:54 BDT 2026,Sun Sep 06 23:12:55 BDT 2026,GET,https://tfctest-001-production.up.railway.app/user/f2628526-8df9-49ba-a7ba-de6f27472fb0?_rsc=%00,200,OK,1141,429,3898
3604,Sun Sep 06 23:12:58 BDT 2026,Sun Sep 06 23:12:59 BDT 2026,GET,https://tfctest-001-production.up.railway.app/user/f2628526-8df9-49ba-a7ba-de6f27472fb0?_rsc=%7C,200,OK,681,429,3898
3605,Sun Sep 06 23:13:00 BDT 2026,Sun Sep 06 23:13:00 BDT 2026,GET,https://tfctest-001-production.up.railway.app/elmah.axd,404,Not Found,635,436,1095
3606,Sun Sep 06 23:13:00 BDT 2026,Sun Sep 06 23:13:00 BDT 2026,GET,https://tfctest-001-production.up.railway.app/trace.axd,404,Not Found,647,436,1095
3607,Sun Sep 06 23:13:00 BDT 2026,Sun Sep 06 23:13:00 BDT 2026,GET,https://tfctest-001-production.up.railway.app/trace.axd,404,Not Found,693,468,10994
3608,Sun Sep 06 23:13:00 BDT 2026,Sun Sep 06 23:13:01 BDT 2026,GET,https://tfctest-001-production.up.railway.app,200,OK,1056,534,30900
3609,Sun Sep 06 23:13:01 BDT 2026,Sun Sep 06 23:13:01 BDT 2026,GET,https://tfctest-001-production.up.railway.app/_next,404,Not Found,679,361,9
3610,Sun Sep 06 23:13:01 BDT 2026,Sun Sep 06 23:13:02 BDT 2026,GET,https://tfctest-001-production.up.railway.app/_next/static,404,Not Found,680,361,9
3611,Sun Sep 06 23:13:02 BDT 2026,Sun Sep 06 23:13:03 BDT 2026,GET,https://tfctest-001-production.up.railway.app/_next/trace.axd,404,Not Found,719,361,9
3612,Sun Sep 06 23:13:02 BDT 2026,Sun Sep 06 23:13:03 BDT 2026,GET,https://tfctest-001-production.up.railway.app/_next/static/chunks,404,Not Found,719,361,9
3613,Sun Sep 06 23:13:03 BDT 2026,Sun Sep 06 23:13:03 BDT 2026,GET,https://tfctest-001-production.up.railway.app/products,404,Not Found,673,435,271
3614,Sun Sep 06 23:13:03 BDT 2026,Sun Sep 06 23:13:03 BDT 2026,GET,https://tfctest-001-production.up.railway.app/_next/static/chunks/trace.axd,404,Not Found,704,361,9
3615,Sun Sep 06 23:13:03 BDT 2026,Sun Sep 06 23:13:03 BDT 2026,GET,https://tfctest-001-production.up.railway.app/_next/static/trace.axd,404,Not Found,704,361,9
3616,Sun Sep 06 23:13:03 BDT 2026,Sun Sep 06 23:13:04 BDT 2026,GET,https://tfctest-001-production.up.railway.app/products/trace.axd,307,Temporary Redirect,693,287,0
3617,Sun Sep 06 23:13:03 BDT 2026,Sun Sep 06 23:13:04 BDT 2026,GET,https://tfctest-001-production.up.railway.app/user,404,Not Found,755,435,271
3618,Sun Sep 06 23:13:04 BDT 2026,Sun Sep 06 23:13:05 BDT 2026,GET,https://tfctest-001-production.up.railway.app/user/trace.axd,307,Temporary Redirect,909,283,0
3619,Sun Sep 06 23:13:05 BDT 2026,Sun Sep 06 23:13:06 BDT 2026,GET,https://tfctest-001-production.up.railway.app/.htaccess,404,Not Found,1088,436,1095
3620,Sun Sep 06 23:13:05 BDT 2026,Sun Sep 06 23:13:07 BDT 2026,GET,https://tfctest-001-production.up.railway.app,200,OK,1503,534,30900
3621,Sun Sep 06 23:13:07 BDT 2026,Sun Sep 06 23:13:07 BDT 2026,GET,https://tfctest-001-production.up.railway.app/_next,404,Not Found,777,361,9
3622,Sun Sep 06 23:13:07 BDT 2026,Sun Sep 06 23:13:08 BDT 2026,GET,https://tfctest-001-production.up.railway.app/_next/static,404,Not Found,824,361,9
3623,Sun Sep 06 23:13:08 BDT 2026,Sun Sep 06 23:13:09 BDT 2026,GET,https://tfctest-001-production.up.railway.app/_next/.htaccess,404,Not Found,718,361,9
3624,Sun Sep 06 23:13:08 BDT 2026,Sun Sep 06 23:13:09 BDT 2026,GET,https://tfctest-001-production.up.railway.app/_next/static/chunks,404,Not Found,718,361,9
3625,Sun Sep 06 23:13:09 BDT 2026,Sun Sep 06 23:13:10 BDT 2026,GET,https://tfctest-001-production.up.railway.app/_next/static/chunks/.htaccess,404,Not Found,625,361,9
3626,Sun Sep 06 23:13:09 BDT 2026,Sun Sep 06 23:13:10 BDT 2026,GET,https://tfctest-001-production.up.railway.app/_next/static/.htaccess,404,Not Found,625,361,9
3627,Sun Sep 06 23:13:09 BDT 2026,Sun Sep 06 23:13:10 BDT 2026,GET,https://tfctest-001-production.up.railway.app/products,404,Not Found,781,435,271
3628,Sun Sep 06 23:13:10 BDT 2026,Sun Sep 06 23:13:10 BDT 2026,GET,https://tfctest-001-production.up.railway.app/products/.htaccess,307,Temporary Redirect,696,287,0
3629,Sun Sep 06 23:13:10 BDT 2026,Sun Sep 06 23:13:11 BDT 2026,GET,https://tfctest-001-production.up.railway.app/user,404,Not Found,790,435,271
3630,Sun Sep 06 23:13:11 BDT 2026,Sun Sep 06 23:13:12 BDT 2026,GET,https://tfctest-001-production.up.railway.app/user/.htaccess,307,Temporary Redirect,1903,283,0
3631,Sun Sep 06 23:13:12 BDT 2026,Sun Sep 06 23:13:13 BDT 2026,GET,https://tfctest-001-production.up.railway.app/.env,404,Not Found,674,436,1095
3632,Sun Sep 06 23:13:12 BDT 2026,Sun Sep 06 23:13:13 BDT 2026,GET,https://tfctest-001-production.up.railway.app,200,OK,1002,534,30900
3633,Sun Sep 06 23:13:13 BDT 2026,Sun Sep 06 23:13:14 BDT 2026,GET,https://tfctest-001-production.up.railway.app/_next,404,Not Found,658,361,9
3634,Sun Sep 06 23:13:14 BDT 2026,Sun Sep 06 23:13:15 BDT 2026,GET,https://tfctest-001-production.up.railway.app/_next/static,404,Not Found,690,361,9
3635,Sun Sep 06 23:13:15 BDT 2026,Sun Sep 06 23:13:16 BDT 2026,GET,https://tfctest-001-production.up.railway.app/_next/.env,404,Not Found,679,361,9
3636,Sun Sep 06 23:13:15 BDT 2026,Sun Sep 06 23:13:16 BDT 2026,GET,https://tfctest-001-production.up.railway.app/_next/static/chunks,404,Not Found,726,361,9
3637,Sun Sep 06 23:13:16 BDT 2026,Sun Sep 06 23:13:16 BDT 2026,GET,https://tfctest-001-production.up.railway.app/_next/static/chunks/.env,404,Not Found,641,361,9
3638,Sun Sep 06 23:13:16 BDT 2026,Sun Sep 06 23:13:16 BDT 2026,GET,https://tfctest-001-production.up.railway.app/_next/static/.env,404,Not Found,656,361,9
3639,Sun Sep 06 23:13:16 BDT 2026,Sun Sep 06 23:13:16 BDT 2026,GET,https://tfctest-001-production.up.railway.app/products,404,Not Found,644,435,271
3640,Sun Sep 06 23:13:16 BDT 2026,Sun Sep 06 23:13:17 BDT 2026,GET,https://tfctest-001-production.up.railway.app/user,404,Not Found,743,435,271
3641,Sun Sep 06 23:13:16 BDT 2026,Sun Sep 06 23:13:17 BDT 2026,GET,https://tfctest-001-production.up.railway.app/products/.env,307,Temporary Redirect,793,282,0
3642,Sun Sep 06 23:13:17 BDT 2026,Sun Sep 06 23:13:18 BDT 2026,GET,https://tfctest-001-production.up.railway.app/user/.env,307,Temporary Redirect,689,278,0
3643,Sun Sep 06 23:13:18 BDT 2026,Sun Sep 06 23:13:19 BDT 2026,GET,https://tfctest-001-production.up.railway.app/zap1184998850630458259,404,Not Found,665,436,1095
3644,Sun Sep 06 23:13:18 BDT 2026,Sun Sep 06 23:13:19 BDT 2026,GET,https://tfctest-001-production.up.railway.app/actuator/health,404,Not Found,665,436,1095
3645,Sun Sep 06 23:13:18 BDT 2026,Sun Sep 06 23:13:19 BDT 2026,GET,https://tfctest-001-production.up.railway.app,200,OK,991,534,30900
3646,Sun Sep 06 23:13:19 BDT 2026,Sun Sep 06 23:13:19 BDT 2026,GET,https://tfctest-001-production.up.railway.app/.zap9082374061637792180,404,Not Found,651,436,1095
3647,Sun Sep 06 23:13:19 BDT 2026,Sun Sep 06 23:13:20 BDT 2026,GET,https://tfctest-001-production.up.railway.app/actuator/health,404,Not Found,617,436,1095
3648,Sun Sep 06 23:13:19 BDT 2026,Sun Sep 06 23:13:20 BDT 2026,GET,https://tfctest-001-production.up.railway.app/_next,404,Not Found,629,361,9
3649,Sun Sep 06 23:13:19 BDT 2026,Sun Sep 06 23:13:20 BDT 2026,GET,https://tfctest-001-production.up.railway.app/lfm.php,404,Not Found,641,436,1095
3650,Sun Sep 06 23:13:20 BDT 2026,Sun Sep 06 23:13:20 BDT 2026,GET,https://tfctest-001-production.up.railway.app/_next/static,404,Not Found,707,361,9
3651,Sun Sep 06 23:13:20 BDT 2026,Sun Sep 06 23:13:21 BDT 2026,GET,https://tfctest-001-production.up.railway.app/.idea/WebServers.xml,404,Not Found,644,436,1095
3652,Sun Sep 06 23:13:20 BDT 2026,Sun Sep 06 23:13:21 BDT 2026,GET,https://tfctest-001-production.up.railway.app/_next/static/chunks,404,Not Found,598,361,9
3653,Sun Sep 06 23:13:21 BDT 2026,Sun Sep 06 23:13:21 BDT 2026,GET,https://tfctest-001-production.up.railway.app/config/databases.yml,404,Not Found,633,436,1095
3654,Sun Sep 06 23:13:21 BDT 2026,Sun Sep 06 23:13:22 BDT 2026,GET,https://tfctest-001-production.up.railway.app/products,404,Not Found,775,435,271
3655,Sun Sep 06 23:13:21 BDT 2026,Sun Sep 06 23:13:22 BDT 2026,GET,https://tfctest-001-production.up.railway.app/config/database.yml,404,Not Found,647,436,1095
3656,Sun Sep 06 23:13:22 BDT 2026,Sun Sep 06 23:13:23 BDT 2026,GET,https://tfctest-001-production.up.railway.app/user,404,Not Found,877,435,271
3657,Sun Sep 06 23:13:22 BDT 2026,Sun Sep 06 23:13:23 BDT 2026,GET,https://tfctest-001-production.up.railway.app/.git/config,404,Not Found,898,436,1095
3658,Sun Sep 06 23:13:23 BDT 2026,Sun Sep 06 23:13:23 BDT 2026,GET,https://tfctest-001-production.up.railway.app/.svn/entries,404,Not Found,606,436,1095
3659,Sun Sep 06 23:13:23 BDT 2026,Sun Sep 06 23:13:24 BDT 2026,GET,https://tfctest-001-production.up.railway.app/.svn/wc.db,404,Not Found,625,436,1095
3660,Sun Sep 06 23:13:24 BDT 2026,Sun Sep 06 23:13:25 BDT 2026,GET,https://tfctest-001-production.up.railway.app/CVS/root,404,Not Found,616,436,1095
3661,Sun Sep 06 23:13:25 BDT 2026,Sun Sep 06 23:13:26 BDT 2026,GET,https://tfctest-001-production.up.railway.app/server-status,404,Not Found,885,436,1095
3662,Sun Sep 06 23:13:26 BDT 2026,Sun Sep 06 23:13:26 BDT 2026,GET,https://tfctest-001-production.up.railway.app/core,404,Not Found,623,436,1095
3663,Sun Sep 06 23:13:26 BDT 2026,Sun Sep 06 23:13:27 BDT 2026,GET,https://tfctest-001-production.up.railway.app/sftp-config.json,404,Not Found,645,436,1095
3664,Sun Sep 06 23:13:27 BDT 2026,Sun Sep 06 23:13:27 BDT 2026,GET,https://tfctest-001-production.up.railway.app/WS_FTP.ini,404,Not Found,553,436,1095
3665,Sun Sep 06 23:13:27 BDT 2026,Sun Sep 06 23:13:28 BDT 2026,GET,https://tfctest-001-production.up.railway.app/ws_ftp.ini,404,Not Found,603,436,1095
3666,Sun Sep 06 23:13:28 BDT 2026,Sun Sep 06 23:13:29 BDT 2026,GET,https://tfctest-001-production.up.railway.app/WS_FTP.INI,404,Not Found,645,436,1095
3667,Sun Sep 06 23:13:29 BDT 2026,Sun Sep 06 23:13:29 BDT 2026,GET,https://tfctest-001-production.up.railway.app/filezilla.xml,404,Not Found,601,436,1095
3668,Sun Sep 06 23:13:29 BDT 2026,Sun Sep 06 23:13:30 BDT 2026,GET,https://tfctest-001-production.up.railway.app/sitemanager.xml,404,Not Found,621,436,1095
3669,Sun Sep 06 23:13:30 BDT 2026,Sun Sep 06 23:13:30 BDT 2026,GET,https://tfctest-001-production.up.railway.app/FileZilla.xml,404,Not Found,636,436,1095
3670,Sun Sep 06 23:13:30 BDT 2026,Sun Sep 06 23:13:31 BDT 2026,GET,https://tfctest-001-production.up.railway.app/winscp.ini,404,Not Found,594,436,1095
3671,Sun Sep 06 23:13:31 BDT 2026,Sun Sep 06 23:13:32 BDT 2026,GET,https://tfctest-001-production.up.railway.app/WinSCP.ini,404,Not Found,630,436,1095
3672,Sun Sep 06 23:13:32 BDT 2026,Sun Sep 06 23:13:32 BDT 2026,GET,https://tfctest-001-production.up.railway.app/.DS_Store,404,Not Found,583,436,1095
3673,Sun Sep 06 23:13:32 BDT 2026,Sun Sep 06 23:13:33 BDT 2026,GET,https://tfctest-001-production.up.railway.app/.php_cs.cache,404,Not Found,594,436,1095
3674,Sun Sep 06 23:13:33 BDT 2026,Sun Sep 06 23:13:33 BDT 2026,GET,https://tfctest-001-production.up.railway.app/DEADJOE,404,Not Found,591,436,1095
3675,Sun Sep 06 23:13:33 BDT 2026,Sun Sep 06 23:13:34 BDT 2026,GET,https://tfctest-001-production.up.railway.app/sites/default/private/files/backup_migrate/scheduled/test.txt,404,Not Found,568,436,1095
3676,Sun Sep 06 23:13:34 BDT 2026,Sun Sep 06 23:13:35 BDT 2026,GET,https://tfctest-001-production.up.railway.app/app/etc/local.xml,404,Not Found,581,436,1095
3677,Sun Sep 06 23:13:35 BDT 2026,Sun Sep 06 23:13:35 BDT 2026,GET,https://tfctest-001-production.up.railway.app/server.key,404,Not Found,585,436,1095
3678,Sun Sep 06 23:13:35 BDT 2026,Sun Sep 06 23:13:36 BDT 2026,GET,https://tfctest-001-production.up.railway.app/privatekey.key,404,Not Found,582,436,1095
3679,Sun Sep 06 23:13:36 BDT 2026,Sun Sep 06 23:13:36 BDT 2026,GET,https://tfctest-001-production.up.railway.app/myserver.key,404,Not Found,574,436,1095
3680,Sun Sep 06 23:13:36 BDT 2026,Sun Sep 06 23:13:37 BDT 2026,GET,https://tfctest-001-production.up.railway.app/key.pem,404,Not Found,604,436,1095
3681,Sun Sep 06 23:13:37 BDT 2026,Sun Sep 06 23:13:38 BDT 2026,GET,https://tfctest-001-production.up.railway.app/id_rsa,404,Not Found,600,436,1095
3682,Sun Sep 06 23:13:38 BDT 2026,Sun Sep 06 23:13:38 BDT 2026,GET,https://tfctest-001-production.up.railway.app/id_dsa,404,Not Found,594,436,1095
3683,Sun Sep 06 23:13:38 BDT 2026,Sun Sep 06 23:13:39 BDT 2026,GET,https://tfctest-001-production.up.railway.app/.ssh/id_rsa,404,Not Found,568,436,1095
3684,Sun Sep 06 23:13:39 BDT 2026,Sun Sep 06 23:13:39 BDT 2026,GET,https://tfctest-001-production.up.railway.app/.ssh/id_dsa,404,Not Found,599,436,1095
3685,Sun Sep 06 23:13:39 BDT 2026,Sun Sep 06 23:13:40 BDT 2026,GET,https://tfctest-001-production.up.railway.app/adminer.php,404,Not Found,602,436,1095
3686,Sun Sep 06 23:13:40 BDT 2026,Sun Sep 06 23:13:41 BDT 2026,GET,https://tfctest-001-production.up.railway.app/vb_test.php,404,Not Found,610,436,1095
3687,Sun Sep 06 23:13:41 BDT 2026,Sun Sep 06 23:13:41 BDT 2026,GET,https://tfctest-001-production.up.railway.app/CHANGELOG.txt,404,Not Found,563,436,1095
3688,Sun Sep 06 23:13:41 BDT 2026,Sun Sep 06 23:13:42 BDT 2026,GET,https://tfctest-001-production.up.railway.app/sites/default/files/.ht.sqlite,404,Not Found,617,436,1095
3689,Sun Sep 06 23:13:42 BDT 2026,Sun Sep 06 23:13:42 BDT 2026,GET,https://tfctest-001-production.up.railway.app/composer.json,404,Not Found,587,436,1095
3690,Sun Sep 06 23:13:42 BDT 2026,Sun Sep 06 23:13:43 BDT 2026,GET,https://tfctest-001-production.up.railway.app/composer.lock,404,Not Found,623,436,1095
3691,Sun Sep 06 23:13:43 BDT 2026,Sun Sep 06 23:13:44 BDT 2026,GET,https://tfctest-001-production.up.railway.app/vim_settings.xml,404,Not Found,569,436,1095
3692,Sun Sep 06 23:13:44 BDT 2026,Sun Sep 06 23:13:44 BDT 2026,GET,https://tfctest-001-production.up.railway.app/server-info,404,Not Found,584,436,1095
3693,Sun Sep 06 23:13:44 BDT 2026,Sun Sep 06 23:13:45 BDT 2026,GET,https://tfctest-001-production.up.railway.app/phpinfo.php,404,Not Found,740,436,1095
3694,Sun Sep 06 23:13:45 BDT 2026,Sun Sep 06 23:13:45 BDT 2026,GET,https://tfctest-001-production.up.railway.app/info.php,404,Not Found,568,436,1095
3695,Sun Sep 06 23:13:45 BDT 2026,Sun Sep 06 23:13:46 BDT 2026,GET,https://tfctest-001-production.up.railway.app/i.php,404,Not Found,549,436,1095
3696,Sun Sep 06 23:13:46 BDT 2026,Sun Sep 06 23:13:47 BDT 2026,GET,https://tfctest-001-production.up.railway.app/test.php,404,Not Found,630,436,1095
3697,Sun Sep 06 23:13:47 BDT 2026,Sun Sep 06 23:13:47 BDT 2026,GET,https://tfctest-001-production.up.railway.app/_wpeprivate/config.json,404,Not Found,730,436,1095
3698,Sun Sep 06 23:13:47 BDT 2026,Sun Sep 06 23:13:48 BDT 2026,GET,https://tfctest-001-production.up.railway.app/_framework/blazor.boot.json,404,Not Found,657,436,1095
3699,Sun Sep 06 23:13:48 BDT 2026,Sun Sep 06 23:13:49 BDT 2026,GET,https://tfctest-001-production.up.railway.app/.hg,404,Not Found,579,436,1095
3700,Sun Sep 06 23:13:49 BDT 2026,Sun Sep 06 23:13:49 BDT 2026,GET,https://tfctest-001-production.up.railway.app/.bzr,404,Not Found,845,436,1095
3701,Sun Sep 06 23:13:51 BDT 2026,Sun Sep 06 23:13:51 BDT 2026,GET,https://tfctest-001-production.up.railway.app/._darcs,404,Not Found,598,436,1095
3702,Sun Sep 06 23:13:51 BDT 2026,Sun Sep 06 23:13:52 BDT 2026,GET,https://tfctest-001-production.up.railway.app/BitKeeper,404,Not Found,627,436,1095
3703,Sun Sep 06 23:13:52 BDT 2026,Sun Sep 06 23:13:53 BDT 2026,GET,https://tfctest-001-production.up.railway.app,200,OK,1130,534,30900
3704,Sun Sep 06 23:13:52 BDT 2026,Sun Sep 06 23:13:53 BDT 2026,GET,https://tfctest-001-production.up.railway.app/?_rsc=%3C,200,OK,1067,428,984
3705,Sun Sep 06 23:13:53 BDT 2026,Sun Sep 06 23:13:54 BDT 2026,GET,https://tfctest-001-production.up.railway.app/_next,404,Not Found,819,361,9
3706,Sun Sep 06 23:13:54 BDT 2026,Sun Sep 06 23:13:55 BDT 2026,GET,https://tfctest-001-production.up.railway.app/_next/static,404,Not Found,580,361,9
3707,Sun Sep 06 23:13:54 BDT 2026,Sun Sep 06 23:13:54 BDT 2026,GET,https://tfctest-001-production.up.railway.app/?_rsc=%3Cxsl%3Avalue-of+select%3D%22system-property%28%27xsl%3Avendor%27%29%22%2F%3E,200,OK,582,428,984
3708,Sun Sep 06 23:13:55 BDT 2026,Sun Sep 06 23:13:55 BDT 2026,GET,https://tfctest-001-production.up.railway.app/_next/static/chunks,404,Not Found,609,361,9
3709,Sun Sep 06 23:13:55 BDT 2026,Sun Sep 06 23:13:56 BDT 2026,GET,https://tfctest-001-production.up.railway.app/products,404,Not Found,687,435,271
3710,Sun Sep 06 23:13:55 BDT 2026,Sun Sep 06 23:13:56 BDT 2026,GET,https://tfctest-001-production.up.railway.app/checkout?_rsc=%3C,200,OK,578,429,1041
3711,Sun Sep 06 23:13:55 BDT 2026,Sun Sep 06 23:13:56 BDT 2026,GET,https://tfctest-001-production.up.railway.app/?_rsc=system-property%28%27xsl%3Avendor%27%29%2F%3E,200,OK,851,428,984
3712,Sun Sep 06 23:13:55 BDT 2026,Sun Sep 06 23:13:56 BDT 2026,GET,https://tfctest-001-production.up.railway.app/login?_rsc=%3C,200,OK,593,429,1038
3713,Sun Sep 06 23:13:56 BDT 2026,Sun Sep 06 23:13:57 BDT 2026,GET,https://tfctest-001-production.up.railway.app/products/2?_rsc=%3C,200,OK,1263,429,1105
3714,Sun Sep 06 23:13:55 BDT 2026,Sun Sep 06 23:13:56 BDT 2026,GET,https://tfctest-001-production.up.railway.app/orders?_rsc=%3C,200,OK,671,429,2327
3715,Sun Sep 06 23:13:56 BDT 2026,Sun Sep 06 23:13:57 BDT 2026,GET,https://tfctest-001-production.up.railway.app/products/3?_rsc=%3C,200,OK,1341,429,1105
3716,Sun Sep 06 23:13:57 BDT 2026,Sun Sep 06 23:13:58 BDT 2026,GET,https://tfctest-001-production.up.railway.app/checkout?_rsc=%3Cxsl%3Avalue-of+select%3D%22system-property%28%27xsl%3Avendor%27%29%22%2F%3E,200,OK,617,429,1041
3717,Sun Sep 06 23:13:57 BDT 2026,Sun Sep 06 23:13:58 BDT 2026,GET,https://tfctest-001-production.up.railway.app/login?_rsc=%3Cxsl%3Avalue-of+select%3D%22system-property%28%27xsl%3Avendor%27%29%22%2F%3E,200,OK,580,429,1038
3718,Sun Sep 06 23:13:57 BDT 2026,Sun Sep 06 23:13:58 BDT 2026,GET,https://tfctest-001-production.up.railway.app/?_rsc=%22%2F%3E%3Cxsl%3Avalue-of+select%3D%22system-property%28%27xsl%3Avendor%27%29%22%2F%3E%3C%21--,200,OK,585,428,984
3719,Sun Sep 06 23:13:56 BDT 2026,Sun Sep 06 23:13:58 BDT 2026,GET,https://tfctest-001-production.up.railway.app/products/1?_rsc=%3C,200,OK,2177,429,1105
3720,Sun Sep 06 23:13:56 BDT 2026,Sun Sep 06 23:13:59 BDT 2026,GET,https://tfctest-001-production.up.railway.app/products/10?_rsc=%3C,200,OK,2730,429,1106
3721,Sun Sep 06 23:13:58 BDT 2026,Sun Sep 06 23:13:59 BDT 2026,GET,https://tfctest-001-production.up.railway.app/products/2?_rsc=%3Cxsl%3Avalue-of+select%3D%22system-property%28%27xsl%3Avendor%27%29%22%2F%3E,200,OK,796,429,1105
3722,Sun Sep 06 23:13:58 BDT 2026,Sun Sep 06 23:13:59 BDT 2026,GET,https://tfctest-001-production.up.railway.app/products/3?_rsc=%3Cxsl%3Avalue-of+select%3D%22system-property%28%27xsl%3Avendor%27%29%22%2F%3E,200,OK,792,429,1105
3723,Sun Sep 06 23:13:59 BDT 2026,Sun Sep 06 23:13:59 BDT 2026,GET,https://tfctest-001-production.up.railway.app/login?_rsc=system-property%28%27xsl%3Avendor%27%29%2F%3E,200,OK,787,429,1038
3724,Sun Sep 06 23:13:58 BDT 2026,Sun Sep 06 23:13:59 BDT 2026,GET,https://tfctest-001-production.up.railway.app/checkout?_rsc=system-property%28%27xsl%3Avendor%27%29%2F%3E,200,OK,734,429,1041
3725,Sun Sep 06 23:13:59 BDT 2026,Sun Sep 06 23:14:00 BDT 2026,GET,https://tfctest-001-production.up.railway.app/?_rsc=%3Cxsl%3Avalue-of+select%3D%22system-property%28%27xsl%3Avendor%27%29%22%2F%3E%3C%21--,200,OK,761,428,984
3726,Sun Sep 06 23:13:59 BDT 2026,Sun Sep 06 23:14:00 BDT 2026,GET,https://tfctest-001-production.up.railway.app/products/1?_rsc=%3Cxsl%3Avalue-of+select%3D%22system-property%28%27xsl%3Avendor%27%29%22%2F%3E,200,OK,753,429,1105
3727,Sun Sep 06 23:13:58 BDT 2026,Sun Sep 06 23:13:59 BDT 2026,GET,https://tfctest-001-production.up.railway.app/orders?_rsc=%3Cxsl%3Avalue-of+select%3D%22system-property%28%27xsl%3Avendor%27%29%22%2F%3E,200,OK,749,429,2327
3728,Sun Sep 06 23:14:00 BDT 2026,Sun Sep 06 23:14:00 BDT 2026,GET,https://tfctest-001-production.up.railway.app/products/10?_rsc=%3Cxsl%3Avalue-of+select%3D%22system-property%28%27xsl%3Avendor%27%29%22%2F%3E,200,OK,708,429,1106
3729,Sun Sep 06 23:14:00 BDT 2026,Sun Sep 06 23:14:01 BDT 2026,GET,https://tfctest-001-production.up.railway.app/login?_rsc=%22%2F%3E%3Cxsl%3Avalue-of+select%3D%22system-property%28%27xsl%3Avendor%27%29%22%2F%3E%3C%21--,200,OK,1075,429,1038
3730,Sun Sep 06 23:14:00 BDT 2026,Sun Sep 06 23:14:01 BDT 2026,GET,https://tfctest-001-production.up.railway.app/checkout?_rsc=%22%2F%3E%3Cxsl%3Avalue-of+select%3D%22system-property%28%27xsl%3Avendor%27%29%22%2F%3E%3C%21--,200,OK,1059,429,1041
3731,Sun Sep 06 23:14:00 BDT 2026,Sun Sep 06 23:14:01 BDT 2026,GET,https://tfctest-001-production.up.railway.app/?_rsc=%3Cxsl%3Avalue-of+select%3D%22document%28%27http%3A%2F%2Ftfctest-001-production.up.railway.app%3A22%27%29%22%2F%3E,200,OK,1018,428,984
3732,Sun Sep 06 23:14:00 BDT 2026,Sun Sep 06 23:14:00 BDT 2026,GET,https://tfctest-001-production.up.railway.app/products/2?_rsc=system-property%28%27xsl%3Avendor%27%29%2F%3E,200,OK,678,429,1105
3733,Sun Sep 06 23:14:00 BDT 2026,Sun Sep 06 23:14:01 BDT 2026,GET,https://tfctest-001-production.up.railway.app/products/3?_rsc=system-property%28%27xsl%3Avendor%27%29%2F%3E,200,OK,875,429,1105
3734,Sun Sep 06 23:14:01 BDT 2026,Sun Sep 06 23:14:02 BDT 2026,GET,https://tfctest-001-production.up.railway.app/products/1?_rsc=system-property%28%27xsl%3Avendor%27%29%2F%3E,200,OK,841,429,1105
3735,Sun Sep 06 23:14:01 BDT 2026,Sun Sep 06 23:14:02 BDT 2026,GET,https://tfctest-001-production.up.railway.app/orders?_rsc=system-property%28%27xsl%3Avendor%27%29%2F%3E,200,OK,1407,429,2327
3736,Sun Sep 06 23:14:02 BDT 2026,Sun Sep 06 23:14:03 BDT 2026,GET,https://tfctest-001-production.up.railway.app/login?_rsc=%3Cxsl%3Avalue-of+select%3D%22system-property%28%27xsl%3Avendor%27%29%22%2F%3E%3C%21--,200,OK,811,429,1038
3737,Sun Sep 06 23:14:01 BDT 2026,Sun Sep 06 23:14:03 BDT 2026,GET,https://tfctest-001-production.up.railway.app/products/10?_rsc=system-property%28%27xsl%3Avendor%27%29%2F%3E,200,OK,1743,429,1106
3738,Sun Sep 06 23:14:02 BDT 2026,Sun Sep 06 23:14:03 BDT 2026,GET,https://tfctest-001-production.up.railway.app/?_rsc=%3Cxsl%3Avariable+name%3D%22rtobject%22+select%3D%22runtime%3AgetRuntime%28%29%22%2F%3E%0A%3Cxsl%3Avariable+name%3D%22process%22+select%3D%22runtime%3Aexec%28%24rtobject%2C%27erroneous_command%27%29%22%2F%3E%0A%3Cxsl%3Avariable+name%3D%22waiting%22+select%3D%22process%3AwaitFor%28%24process%29%22%2F%3E%0A%3Cxsl%3Avalue-of+select%3D%22%24process%22%2F%3E,200,OK,736,428,984
3739,Sun Sep 06 23:14:02 BDT 2026,Sun Sep 06 23:14:03 BDT 2026,GET,https://tfctest-001-production.up.railway.app/checkout?_rsc=%3Cxsl%3Avalue-of+select%3D%22system-property%28%27xsl%3Avendor%27%29%22%2F%3E%3C%21--,200,OK,736,429,1041
3740,Sun Sep 06 23:14:02 BDT 2026,Sun Sep 06 23:14:03 BDT 2026,GET,https://tfctest-001-production.up.railway.app/products/2?_rsc=%22%2F%3E%3Cxsl%3Avalue-of+select%3D%22system-property%28%27xsl%3Avendor%27%29%22%2F%3E%3C%21--,200,OK,736,429,1105
3741,Sun Sep 06 23:14:02 BDT 2026,Sun Sep 06 23:14:03 BDT 2026,GET,https://tfctest-001-production.up.railway.app/products/3?_rsc=%22%2F%3E%3Cxsl%3Avalue-of+select%3D%22system-property%28%27xsl%3Avendor%27%29%22%2F%3E%3C%21--,200,OK,658,429,1105
3742,Sun Sep 06 23:14:04 BDT 2026,Sun Sep 06 23:14:05 BDT 2026,GET,https://tfctest-001-production.up.railway.app/login?_rsc=%3Cxsl%3Avalue-of+select%3D%22document%28%27http%3A%2F%2Ftfctest-001-production.up.railway.app%3A22%27%29%22%2F%3E,200,OK,1111,429,1038
3743,Sun Sep 06 23:14:04 BDT 2026,Sun Sep 06 23:14:05 BDT 2026,GET,https://tfctest-001-production.up.railway.app/?_rsc=%3Cxsl%3Avalue-of+select%3D%22php%3Afunction%28%27exec%27%2C%27erroneous_command+2%3E%26amp%3B1%27%29%22%2F%3E,200,OK,1044,428,984
3744,Sun Sep 06 23:14:04 BDT 2026,Sun Sep 06 23:14:05 BDT 2026,GET,https://tfctest-001-production.up.railway.app/orders?_rsc=%22%2F%3E%3Cxsl%3Avalue-of+select%3D%22system-property%28%27xsl%3Avendor%27%29%22%2F%3E%3C%21--,200,OK,1419,429,2327
3745,Sun Sep 06 23:14:05 BDT 2026,Sun Sep 06 23:14:06 BDT 2026,GET,https://tfctest-001-production.up.railway.app/checkout?_rsc=%3Cxsl%3Avalue-of+select%3D%22document%28%27http%3A%2F%2Ftfctest-001-production.up.railway.app%3A22%27%29%22%2F%3E,200,OK,833,429,1041
3746,Sun Sep 06 23:14:05 BDT 2026,Sun Sep 06 23:14:06 BDT 2026,GET,https://tfctest-001-production.up.railway.app/products/2?_rsc=%3Cxsl%3Avalue-of+select%3D%22system-property%28%27xsl%3Avendor%27%29%22%2F%3E%3C%21--,200,OK,825,429,1105
3747,Sun Sep 06 23:14:05 BDT 2026,Sun Sep 06 23:14:06 BDT 2026,GET,https://tfctest-001-production.up.railway.app/products/3?_rsc=%3Cxsl%3Avalue-of+select%3D%22system-property%28%27xsl%3Avendor%27%29%22%2F%3E%3C%21--,200,OK,824,429,1105
3748,Sun Sep 06 23:14:03 BDT 2026,Sun Sep 06 23:14:04 BDT 2026,GET,https://tfctest-001-production.up.railway.app/products/1?_rsc=%22%2F%3E%3Cxsl%3Avalue-of+select%3D%22system-property%28%27xsl%3Avendor%27%29%22%2F%3E%3C%21--,200,OK,979,429,1105
3749,Sun Sep 06 23:14:04 BDT 2026,Sun Sep 06 23:14:07 BDT 2026,GET,https://tfctest-001-production.up.railway.app/products/10?_rsc=%22%2F%3E%3Cxsl%3Avalue-of+select%3D%22system-property%28%27xsl%3Avendor%27%29%22%2F%3E%3C%21--,200,OK,2732,429,1106
3750,Sun Sep 06 23:14:06 BDT 2026,Sun Sep 06 23:14:07 BDT 2026,GET,https://tfctest-001-production.up.railway.app/products/4?_rsc=%3C,200,OK,1110,429,1105
3751,Sun Sep 06 23:14:06 BDT 2026,Sun Sep 06 23:14:07 BDT 2026,GET,https://tfctest-001-production.up.railway.app/login?_rsc=%3Cxsl%3Avariable+name%3D%22rtobject%22+select%3D%22runtime%3AgetRuntime%28%29%22%2F%3E%0A%3Cxsl%3Avariable+name%3D%22process%22+select%3D%22runtime%3Aexec%28%24rtobject%2C%27erroneous_command%27%29%22%2F%3E%0A%3Cxsl%3Avariable+name%3D%22waiting%22+select%3D%22process%3AwaitFor%28%24process%29%22%2F%3E%0A%3Cxsl%3Avalue-of+select%3D%22%24process%22%2F%3E,200,OK,1266,429,1038
3752,Sun Sep 06 23:14:07 BDT 2026,Sun Sep 06 23:14:07 BDT 2026,GET,https://tfctest-001-production.up.railway.app/checkout?_rsc=%3Cxsl%3Avariable+name%3D%22rtobject%22+select%3D%22runtime%3AgetRuntime%28%29%22%2F%3E%0A%3Cxsl%3Avariable+name%3D%22process%22+select%3D%22runtime%3Aexec%28%24rtobject%2C%27erroneous_command%27%29%22%2F%3E%0A%3Cxsl%3Avariable+name%3D%22waiting%22+select%3D%22process%3AwaitFor%28%24process%29%22%2F%3E%0A%3Cxsl%3Avalue-of+select%3D%22%24process%22%2F%3E,200,OK,743,429,1041
3753,Sun Sep 06 23:14:07 BDT 2026,Sun Sep 06 23:14:08 BDT 2026,GET,https://tfctest-001-production.up.railway.app/products/2?_rsc=%3Cxsl%3Avalue-of+select%3D%22document%28%27http%3A%2F%2Ftfctest-001-production.up.railway.app%3A22%27%29%22%2F%3E,200,OK,728,429,1105
3754,Sun Sep 06 23:14:07 BDT 2026,Sun Sep 06 23:14:08 BDT 2026,GET,https://tfctest-001-production.up.railway.app/products/1?_rsc=%3Cxsl%3Avalue-of+select%3D%22system-property%28%27xsl%3Avendor%27%29%22%2F%3E%3C%21--,200,OK,1441,429,1105
3755,Sun Sep 06 23:14:07 BDT 2026,Sun Sep 06 23:14:08 BDT 2026,GET,https://tfctest-001-production.up.railway.app/products/3?_rsc=%3Cxsl%3Avalue-of+select%3D%22document%28%27http%3A%2F%2Ftfctest-001-production.up.railway.app%3A22%27%29%22%2F%3E,200,OK,879,429,1105
3756,Sun Sep 06 23:14:08 BDT 2026,Sun Sep 06 23:14:09 BDT 2026,GET,https://tfctest-001-production.up.railway.app/login?_rsc=%3Cxsl%3Avalue-of+select%3D%22php%3Afunction%28%27exec%27%2C%27erroneous_command+2%3E%26amp%3B1%27%29%22%2F%3E,200,OK,570,429,1038
3757,Sun Sep 06 23:14:07 BDT 2026,Sun Sep 06 23:14:07 BDT 2026,GET,https://tfctest-001-production.up.railway.app/orders?_rsc=%3Cxsl%3Avalue-of+select%3D%22system-property%28%27xsl%3Avendor%27%29%22%2F%3E%3C%21--,200,OK,779,429,2327
3758,Sun Sep 06 23:14:08 BDT 2026,Sun Sep 06 23:14:09 BDT 2026,GET,https://tfctest-001-production.up.railway.app/products/4?_rsc=%3Cxsl%3Avalue-of+select%3D%22system-property%28%27xsl%3Avendor%27%29%22%2F%3E,200,OK,680,429,1105
3759,Sun Sep 06 23:14:09 BDT 2026,Sun Sep 06 23:14:09 BDT 2026,GET,https://tfctest-001-production.up.railway.app/checkout?_rsc=%3Cxsl%3Avalue-of+select%3D%22php%3Afunction%28%27exec%27%2C%27erroneous_command+2%3E%26amp%3B1%27%29%22%2F%3E,200,OK,758,429,1041
3760,Sun Sep 06 23:14:09 BDT 2026,Sun Sep 06 23:14:09 BDT 2026,GET,https://tfctest-001-production.up.railway.app/products/2?_rsc=%3Cxsl%3Avariable+name%3D%22rtobject%22+select%3D%22runtime%3AgetRuntime%28%29%22%2F%3E%0A%3Cxsl%3Avariable+name%3D%22process%22+select%3D%22runtime%3Aexec%28%24rtobject%2C%27erroneous_command%27%29%22%2F%3E%0A%3Cxsl%3Avariable+name%3D%22waiting%22+select%3D%22process%3AwaitFor%28%24process%29%22%2F%3E%0A%3Cxsl%3Avalue-of+select%3D%22%24process%22%2F%3E,200,OK,699,429,1105
3761,Sun Sep 06 23:14:08 BDT 2026,Sun Sep 06 23:14:10 BDT 2026,GET,https://tfctest-001-production.up.railway.app/products/10?_rsc=%3Cxsl%3Avalue-of+select%3D%22system-property%28%27xsl%3Avendor%27%29%22%2F%3E%3C%21--,200,OK,2004,429,1106
3762,Sun Sep 06 23:14:09 BDT 2026,Sun Sep 06 23:14:10 BDT 2026,GET,https://tfctest-001-production.up.railway.app/products/3?_rsc=%3Cxsl%3Avariable+name%3D%22rtobject%22+select%3D%22runtime%3AgetRuntime%28%29%22%2F%3E%0A%3Cxsl%3Avariable+name%3D%22process%22+select%3D%22runtime%3Aexec%28%24rtobject%2C%27erroneous_command%27%29%22%2F%3E%0A%3Cxsl%3Avariable+name%3D%22waiting%22+select%3D%22process%3AwaitFor%28%24process%29%22%2F%3E%0A%3Cxsl%3Avalue-of+select%3D%22%24process%22%2F%3E,200,OK,828,429,1105
3763,Sun Sep 06 23:14:09 BDT 2026,Sun Sep 06 23:14:10 BDT 2026,GET,https://tfctest-001-production.up.railway.app/products/1?_rsc=%3Cxsl%3Avalue-of+select%3D%22document%28%27http%3A%2F%2Ftfctest-001-production.up.railway.app%3A22%27%29%22%2F%3E,200,OK,913,429,1105
3764,Sun Sep 06 23:14:10 BDT 2026,Sun Sep 06 23:14:11 BDT 2026,GET,https://tfctest-001-production.up.railway.app/products/5?_rsc=%3C,200,OK,1266,429,1105
3765,Sun Sep 06 23:14:10 BDT 2026,Sun Sep 06 23:14:11 BDT 2026,GET,https://tfctest-001-production.up.railway.app/orders?_rsc=%3Cxsl%3Avalue-of+select%3D%22document%28%27http%3A%2F%2Ftfctest-001-production.up.railway.app%3A22%27%29%22%2F%3E,200,OK,1312,429,2327
3766,Sun Sep 06 23:14:10 BDT 2026,Sun Sep 06 23:14:11 BDT 2026,GET,https://tfctest-001-production.up.railway.app/products/2?_rsc=%3Cxsl%3Avalue-of+select%3D%22php%3Afunction%28%27exec%27%2C%27erroneous_command+2%3E%26amp%3B1%27%29%22%2F%3E,200,OK,1200,429,1105
3767,Sun Sep 06 23:14:11 BDT 2026,Sun Sep 06 23:14:12 BDT 2026,GET,https://tfctest-001-production.up.railway.app/products/3?_rsc=%3Cxsl%3Avalue-of+select%3D%22php%3Afunction%28%27exec%27%2C%27erroneous_command+2%3E%26amp%3B1%27%29%22%2F%3E,200,OK,956,429,1105
3768,Sun Sep 06 23:14:10 BDT 2026,Sun Sep 06 23:14:12 BDT 2026,GET,https://tfctest-001-production.up.railway.app/products/4?_rsc=system-property%28%27xsl%3Avendor%27%29%2F%3E,200,OK,1528,429,1105
3769,Sun Sep 06 23:14:10 BDT 2026,Sun Sep 06 23:14:13 BDT 2026,GET,https://tfctest-001-production.up.railway.app/products/6?_rsc=%3C,200,OK,2258,429,1105
3770,Sun Sep 06 23:14:12 BDT 2026,Sun Sep 06 23:14:13 BDT 2026,GET,https://tfctest-001-production.up.railway.app/products/5?_rsc=%3Cxsl%3Avalue-of+select%3D%22system-property%28%27xsl%3Avendor%27%29%22%2F%3E,200,OK,1116,429,1105
3771,Sun Sep 06 23:14:10 BDT 2026,Sun Sep 06 23:14:13 BDT 2026,GET,https://tfctest-001-production.up.railway.app/products/10?_rsc=%3Cxsl%3Avalue-of+select%3D%22document%28%27http%3A%2F%2Ftfctest-001-production.up.railway.app%3A22%27%29%22%2F%3E,200,OK,2164,429,1106
3772,Sun Sep 06 23:14:12 BDT 2026,Sun Sep 06 23:14:13 BDT 2026,GET,https://tfctest-001-production.up.railway.app/orders?_rsc=%3Cxsl%3Avariable+name%3D%22rtobject%22+select%3D%22runtime%3AgetRuntime%28%29%22%2F%3E%0A%3Cxsl%3Avariable+name%3D%22process%22+select%3D%22runtime%3Aexec%28%24rtobject%2C%27erroneous_command%27%29%22%2F%3E%0A%3Cxsl%3Avariable+name%3D%22waiting%22+select%3D%22process%3AwaitFor%28%24process%29%22%2F%3E%0A%3Cxsl%3Avalue-of+select%3D%22%24process%22%2F%3E,200,OK,789,429,2327
3773,Sun Sep 06 23:14:12 BDT 2026,Sun Sep 06 23:14:14 BDT 2026,GET,https://tfctest-001-production.up.railway.app/products/1?_rsc=%3Cxsl%3Avariable+name%3D%22rtobject%22+select%3D%22runtime%3AgetRuntime%28%29%22%2F%3E%0A%3Cxsl%3Avariable+name%3D%22process%22+select%3D%22runtime%3Aexec%28%24rtobject%2C%27erroneous_command%27%29%22%2F%3E%0A%3Cxsl%3Avariable+name%3D%22waiting%22+select%3D%22process%3AwaitFor%28%24process%29%22%2F%3E%0A%3Cxsl%3Avalue-of+select%3D%22%24process%22%2F%3E,200,OK,2781,429,1105
3774,Sun Sep 06 23:14:14 BDT 2026,Sun Sep 06 23:14:15 BDT 2026,GET,https://tfctest-001-production.up.railway.app/products/4?_rsc=%22%2F%3E%3Cxsl%3Avalue-of+select%3D%22system-property%28%27xsl%3Avendor%27%29%22%2F%3E%3C%21--,200,OK,1032,429,1105
3775,Sun Sep 06 23:14:13 BDT 2026,Sun Sep 06 23:14:14 BDT 2026,GET,https://tfctest-001-production.up.railway.app/products/7?_rsc=%3C,200,OK,1267,429,4778
3776,Sun Sep 06 23:14:13 BDT 2026,Sun Sep 06 23:14:14 BDT 2026,GET,https://tfctest-001-production.up.railway.app/products/8?_rsc=%3C,200,OK,1123,429,1105
3777,Sun Sep 06 23:14:14 BDT 2026,Sun Sep 06 23:14:15 BDT 2026,GET,https://tfctest-001-production.up.railway.app/products/5?_rsc=system-property%28%27xsl%3Avendor%27%29%2F%3E,200,OK,880,429,1105
3778,Sun Sep 06 23:14:14 BDT 2026,Sun Sep 06 23:14:16 BDT 2026,GET,https://tfctest-001-production.up.railway.app/products/10?_rsc=%3Cxsl%3Avariable+name%3D%22rtobject%22+select%3D%22runtime%3AgetRuntime%28%29%22%2F%3E%0A%3Cxsl%3Avariable+name%3D%22process%22+select%3D%22runtime%3Aexec%28%24rtobject%2C%27erroneous_command%27%29%22%2F%3E%0A%3Cxsl%3Avariable+name%3D%22waiting%22+select%3D%22process%3AwaitFor%28%24process%29%22%2F%3E%0A%3Cxsl%3Avalue-of+select%3D%22%24process%22%2F%3E,200,OK,1278,429,1106
3779,Sun Sep 06 23:14:14 BDT 2026,Sun Sep 06 23:14:15 BDT 2026,GET,https://tfctest-001-production.up.railway.app/products/6?_rsc=%3Cxsl%3Avalue-of+select%3D%22system-property%28%27xsl%3Avendor%27%29%22%2F%3E,200,OK,715,429,1105
3780,Sun Sep 06 23:14:15 BDT 2026,Sun Sep 06 23:14:16 BDT 2026,GET,https://tfctest-001-production.up.railway.app/products/1?_rsc=%3Cxsl%3Avalue-of+select%3D%22php%3Afunction%28%27exec%27%2C%27erroneous_command+2%3E%26amp%3B1%27%29%22%2F%3E,200,OK,1124,429,1105
3781,Sun Sep 06 23:14:16 BDT 2026,Sun Sep 06 23:14:16 BDT 2026,GET,https://tfctest-001-production.up.railway.app/products/4?_rsc=%3Cxsl%3Avalue-of+select%3D%22system-property%28%27xsl%3Avendor%27%29%22%2F%3E%3C%21--,200,OK,787,429,1105
3782,Sun Sep 06 23:14:15 BDT 2026,Sun Sep 06 23:14:16 BDT 2026,GET,https://tfctest-001-production.up.railway.app/orders?_rsc=%3Cxsl%3Avalue-of+select%3D%22php%3Afunction%28%27exec%27%2C%27erroneous_command+2%3E%26amp%3B1%27%29%22%2F%3E,200,OK,1186,429,2327
3783,Sun Sep 06 23:14:16 BDT 2026,Sun Sep 06 23:14:17 BDT 2026,GET,https://tfctest-001-production.up.railway.app/products/8?_rsc=%3Cxsl%3Avalue-of+select%3D%22system-property%28%27xsl%3Avendor%27%29%22%2F%3E,200,OK,934,429,1105
3784,Sun Sep 06 23:14:16 BDT 2026,Sun Sep 06 23:14:17 BDT 2026,GET,https://tfctest-001-production.up.railway.app/products/7?_rsc=%3Cxsl%3Avalue-of+select%3D%22system-property%28%27xsl%3Avendor%27%29%22%2F%3E,200,OK,965,429,4778
3785,Sun Sep 06 23:14:17 BDT 2026,Sun Sep 06 23:14:18 BDT 2026,GET,https://tfctest-001-production.up.railway.app/user,404,Not Found,832,435,271
3786,Sun Sep 06 23:14:16 BDT 2026,Sun Sep 06 23:14:17 BDT 2026,GET,https://tfctest-001-production.up.railway.app/products/5?_rsc=%22%2F%3E%3Cxsl%3Avalue-of+select%3D%22system-property%28%27xsl%3Avendor%27%29%22%2F%3E%3C%21--,200,OK,1023,429,1105
3787,Sun Sep 06 23:14:17 BDT 2026,Sun Sep 06 23:14:18 BDT 2026,GET,https://tfctest-001-production.up.railway.app/products/6?_rsc=system-property%28%27xsl%3Avendor%27%29%2F%3E,200,OK,986,429,1105
3788,Sun Sep 06 23:14:17 BDT 2026,Sun Sep 06 23:14:18 BDT 2026,GET,https://tfctest-001-production.up.railway.app/products/10?_rsc=%3Cxsl%3Avalue-of+select%3D%22php%3Afunction%28%27exec%27%2C%27erroneous_command+2%3E%26amp%3B1%27%29%22%2F%3E,200,OK,1048,429,1106
3789,Sun Sep 06 23:14:17 BDT 2026,Sun Sep 06 23:14:18 BDT 2026,GET,https://tfctest-001-production.up.railway.app/products/9?_rsc=%3C,200,OK,894,429,1105
3790,Sun Sep 06 23:14:17 BDT 2026,Sun Sep 06 23:14:18 BDT 2026,GET,https://tfctest-001-production.up.railway.app/products/4?_rsc=%3Cxsl%3Avalue-of+select%3D%22document%28%27http%3A%2F%2Ftfctest-001-production.up.railway.app%3A22%27%29%22%2F%3E,200,OK,978,429,1105
3791,Sun Sep 06 23:14:18 BDT 2026,Sun Sep 06 23:14:19 BDT 2026,GET,https://tfctest-001-production.up.railway.app/products/8?_rsc=system-property%28%27xsl%3Avendor%27%29%2F%3E,200,OK,932,429,1105
3792,Sun Sep 06 23:14:18 BDT 2026,Sun Sep 06 23:14:19 BDT 2026,GET,https://tfctest-001-production.up.railway.app/products/7?_rsc=system-property%28%27xsl%3Avendor%27%29%2F%3E,200,OK,760,429,4778
3793,Sun Sep 06 23:14:18 BDT 2026,Sun Sep 06 23:14:19 BDT 2026,GET,https://tfctest-001-production.up.railway.app/user/f2628526-8df9-49ba-a7ba-de6f27472fb0?_rsc=%3C,200,OK,853,429,3898
3794,Sun Sep 06 23:14:18 BDT 2026,Sun Sep 06 23:14:19 BDT 2026,GET,https://tfctest-001-production.up.railway.app/products/5?_rsc=%3Cxsl%3Avalue-of+select%3D%22system-property%28%27xsl%3Avendor%27%29%22%2F%3E%3C%21--,200,OK,947,429,1105
3795,Sun Sep 06 23:14:19 BDT 2026,Sun Sep 06 23:14:20 BDT 2026,GET,https://tfctest-001-production.up.railway.app/products/6?_rsc=%22%2F%3E%3Cxsl%3Avalue-of+select%3D%22system-property%28%27xsl%3Avendor%27%29%22%2F%3E%3C%21--,200,OK,763,429,1105
3796,Sun Sep 06 23:14:19 BDT 2026,Sun Sep 06 23:14:20 BDT 2026,GET,https://tfctest-001-production.up.railway.app/products/9?_rsc=%3Cxsl%3Avalue-of+select%3D%22system-property%28%27xsl%3Avendor%27%29%22%2F%3E,200,OK,770,429,1105
3797,Sun Sep 06 23:14:19 BDT 2026,Sun Sep 06 23:14:20 BDT 2026,GET,https://tfctest-001-production.up.railway.app/products/4?_rsc=%3Cxsl%3Avariable+name%3D%22rtobject%22+select%3D%22runtime%3AgetRuntime%28%29%22%2F%3E%0A%3Cxsl%3Avariable+name%3D%22process%22+select%3D%22runtime%3Aexec%28%24rtobject%2C%27erroneous_command%27%29%22%2F%3E%0A%3Cxsl%3Avariable+name%3D%22waiting%22+select%3D%22process%3AwaitFor%28%24process%29%22%2F%3E%0A%3Cxsl%3Avalue-of+select%3D%22%24process%22%2F%3E,200,OK,801,429,1105
3798,Sun Sep 06 23:14:20 BDT 2026,Sun Sep 06 23:14:21 BDT 2026,GET,https://tfctest-001-production.up.railway.app/products/8?_rsc=%22%2F%3E%3Cxsl%3Avalue-of+select%3D%22system-property%28%27xsl%3Avendor%27%29%22%2F%3E%3C%21--,200,OK,1095,429,1105
3799,Sun Sep 06 23:14:21 BDT 2026,Sun Sep 06 23:14:22 BDT 2026,GET,https://tfctest-001-production.up.railway.app/products/9?_rsc=system-property%28%27xsl%3Avendor%27%29%2F%3E,200,OK,870,429,1105
3800,Sun Sep 06 23:14:21 BDT 2026,Sun Sep 06 23:14:21 BDT 2026,GET,https://tfctest-001-production.up.railway.app/products/6?_rsc=%3Cxsl%3Avalue-of+select%3D%22system-property%28%27xsl%3Avendor%27%29%22%2F%3E%3C%21--,200,OK,792,429,1105
3801,Sun Sep 06 23:14:21 BDT 2026,Sun Sep 06 23:14:22 BDT 2026,GET,https://tfctest-001-production.up.railway.app/products/4?_rsc=%3Cxsl%3Avalue-of+select%3D%22php%3Afunction%28%27exec%27%2C%27erroneous_command+2%3E%26amp%3B1%27%29%22%2F%3E,200,OK,1051,429,1105
3802,Sun Sep 06 23:14:20 BDT 2026,Sun Sep 06 23:14:21 BDT 2026,GET,https://tfctest-001-production.up.railway.app/user/f2628526-8df9-49ba-a7ba-de6f27472fb0?_rsc=%3Cxsl%3Avalue-of+select%3D%22system-property%28%27xsl%3Avendor%27%29%22%2F%3E,200,OK,1179,429,3898
3803,Sun Sep 06 23:14:20 BDT 2026,Sun Sep 06 23:14:21 BDT 2026,GET,https://tfctest-001-production.up.railway.app/products/5?_rsc=%3Cxsl%3Avalue-of+select%3D%22document%28%27http%3A%2F%2Ftfctest-001-production.up.railway.app%3A22%27%29%22%2F%3E,200,OK,1036,429,1105
3804,Sun Sep 06 23:14:20 BDT 2026,Sun Sep 06 23:14:22 BDT 2026,GET,https://tfctest-001-production.up.railway.app/products/7?_rsc=%22%2F%3E%3Cxsl%3Avalue-of+select%3D%22system-property%28%27xsl%3Avendor%27%29%22%2F%3E%3C%21--,200,OK,2505,429,4778
3805,Sun Sep 06 23:14:22 BDT 2026,Sun Sep 06 23:14:23 BDT 2026,GET,https://tfctest-001-production.up.railway.app/products/8?_rsc=%3Cxsl%3Avalue-of+select%3D%22system-property%28%27xsl%3Avendor%27%29%22%2F%3E%3C%21--,200,OK,1150,429,1105
3806,Sun Sep 06 23:14:23 BDT 2026,Sun Sep 06 23:14:24 BDT 2026,GET,https://tfctest-001-production.up.railway.app/products/6?_rsc=%3Cxsl%3Avalue-of+select%3D%22document%28%27http%3A%2F%2Ftfctest-001-production.up.railway.app%3A22%27%29%22%2F%3E,200,OK,847,429,1105
3807,Sun Sep 06 23:14:23 BDT 2026,Sun Sep 06 23:14:24 BDT 2026,GET,https://tfctest-001-production.up.railway.app/products/5?_rsc=%3Cxsl%3Avariable+name%3D%22rtobject%22+select%3D%22runtime%3AgetRuntime%28%29%22%2F%3E%0A%3Cxsl%3Avariable+name%3D%22process%22+select%3D%22runtime%3Aexec%28%24rtobject%2C%27erroneous_command%27%29%22%2F%3E%0A%3Cxsl%3Avariable+name%3D%22waiting%22+select%3D%22process%3AwaitFor%28%24process%29%22%2F%3E%0A%3Cxsl%3Avalue-of+select%3D%22%24process%22%2F%3E,200,OK,1078,429,1105
3808,Sun Sep 06 23:14:23 BDT 2026,Sun Sep 06 23:14:24 BDT 2026,GET,https://tfctest-001-production.up.railway.app/products/9?_rsc=%22%2F%3E%3Cxsl%3Avalue-of+select%3D%22system-property%28%27xsl%3Avendor%27%29%22%2F%3E%3C%21--,200,OK,910,429,1105
3809,Sun Sep 06 23:14:23 BDT 2026,Sun Sep 06 23:14:24 BDT 2026,GET,https://tfctest-001-production.up.railway.app/user/f2628526-8df9-49ba-a7ba-de6f27472fb0?_rsc=system-property%28%27xsl%3Avendor%27%29%2F%3E,200,OK,1328,429,3898
3810,Sun Sep 06 23:14:24 BDT 2026,Sun Sep 06 23:14:25 BDT 2026,GET,https://tfctest-001-production.up.railway.app/products/8?_rsc=%3Cxsl%3Avalue-of+select%3D%22document%28%27http%3A%2F%2Ftfctest-001-production.up.railway.app%3A22%27%29%22%2F%3E,200,OK,1782,429,1105
3811,Sun Sep 06 23:14:23 BDT 2026,Sun Sep 06 23:14:25 BDT 2026,GET,https://tfctest-001-production.up.railway.app/products/7?_rsc=%3Cxsl%3Avalue-of+select%3D%22system-property%28%27xsl%3Avendor%27%29%22%2F%3E%3C%21--,200,OK,1815,429,4778
3812,Sun Sep 06 23:14:25 BDT 2026,Sun Sep 06 23:14:26 BDT 2026,GET,https://tfctest-001-production.up.railway.app/products/6?_rsc=%3Cxsl%3Avariable+name%3D%22rtobject%22+select%3D%22runtime%3AgetRuntime%28%29%22%2F%3E%0A%3Cxsl%3Avariable+name%3D%22process%22+select%3D%22runtime%3Aexec%28%24rtobject%2C%27erroneous_command%27%29%22%2F%3E%0A%3Cxsl%3Avariable+name%3D%22waiting%22+select%3D%22process%3AwaitFor%28%24process%29%22%2F%3E%0A%3Cxsl%3Avalue-of+select%3D%22%24process%22%2F%3E,200,OK,848,429,1105
3813,Sun Sep 06 23:14:25 BDT 2026,Sun Sep 06 23:14:26 BDT 2026,GET,https://tfctest-001-production.up.railway.app/products/5?_rsc=%3Cxsl%3Avalue-of+select%3D%22php%3Afunction%28%27exec%27%2C%27erroneous_command+2%3E%26amp%3B1%27%29%22%2F%3E,200,OK,770,429,1105
3814,Sun Sep 06 23:14:25 BDT 2026,Sun Sep 06 23:14:27 BDT 2026,GET,https://tfctest-001-production.up.railway.app/products/9?_rsc=%3Cxsl%3Avalue-of+select%3D%22system-property%28%27xsl%3Avendor%27%29%22%2F%3E%3C%21--,200,OK,1234,429,1105
3815,Sun Sep 06 23:14:26 BDT 2026,Sun Sep 06 23:14:27 BDT 2026,GET,https://tfctest-001-production.up.railway.app/user/f2628526-8df9-49ba-a7ba-de6f27472fb0?_rsc=%22%2F%3E%3Cxsl%3Avalue-of+select%3D%22system-property%28%27xsl%3Avendor%27%29%22%2F%3E%3C%21--,200,OK,1156,429,3898
3816,Sun Sep 06 23:14:26 BDT 2026,Sun Sep 06 23:14:27 BDT 2026,GET,https://tfctest-001-production.up.railway.app/products/8?_rsc=%3Cxsl%3Avariable+name%3D%22rtobject%22+select%3D%22runtime%3AgetRuntime%28%29%22%2F%3E%0A%3Cxsl%3Avariable+name%3D%22process%22+select%3D%22runtime%3Aexec%28%24rtobject%2C%27erroneous_command%27%29%22%2F%3E%0A%3Cxsl%3Avariable+name%3D%22waiting%22+select%3D%22process%3AwaitFor%28%24process%29%22%2F%3E%0A%3Cxsl%3Avalue-of+select%3D%22%24process%22%2F%3E,200,OK,1032,429,1105
3817,Sun Sep 06 23:14:26 BDT 2026,Sun Sep 06 23:14:27 BDT 2026,GET,https://tfctest-001-production.up.railway.app/products/7?_rsc=%3Cxsl%3Avalue-of+select%3D%22document%28%27http%3A%2F%2Ftfctest-001-production.up.railway.app%3A22%27%29%22%2F%3E,200,OK,1032,429,4778
3818,Sun Sep 06 23:14:28 BDT 2026,Sun Sep 06 23:14:29 BDT 2026,GET,https://tfctest-001-production.up.railway.app/products/9?_rsc=%3Cxsl%3Avalue-of+select%3D%22document%28%27http%3A%2F%2Ftfctest-001-production.up.railway.app%3A22%27%29%22%2F%3E,200,OK,1093,429,1105
3819,Sun Sep 06 23:14:27 BDT 2026,Sun Sep 06 23:14:28 BDT 2026,GET,https://tfctest-001-production.up.railway.app/products/6?_rsc=%3Cxsl%3Avalue-of+select%3D%22php%3Afunction%28%27exec%27%2C%27erroneous_command+2%3E%26amp%3B1%27%29%22%2F%3E,200,OK,877,429,1105
3820,Sun Sep 06 23:14:29 BDT 2026,Sun Sep 06 23:14:30 BDT 2026,GET,https://tfctest-001-production.up.railway.app/products/7?_rsc=%3Cxsl%3Avariable+name%3D%22rtobject%22+select%3D%22runtime%3AgetRuntime%28%29%22%2F%3E%0A%3Cxsl%3Avariable+name%3D%22process%22+select%3D%22runtime%3Aexec%28%24rtobject%2C%27erroneous_command%27%29%22%2F%3E%0A%3Cxsl%3Avariable+name%3D%22waiting%22+select%3D%22process%3AwaitFor%28%24process%29%22%2F%3E%0A%3Cxsl%3Avalue-of+select%3D%22%24process%22%2F%3E,200,OK,895,429,4778
3821,Sun Sep 06 23:14:28 BDT 2026,Sun Sep 06 23:14:30 BDT 2026,GET,https://tfctest-001-production.up.railway.app/products/8?_rsc=%3Cxsl%3Avalue-of+select%3D%22php%3Afunction%28%27exec%27%2C%27erroneous_command+2%3E%26amp%3B1%27%29%22%2F%3E,200,OK,1583,429,1105
3822,Sun Sep 06 23:14:28 BDT 2026,Sun Sep 06 23:14:30 BDT 2026,GET,https://tfctest-001-production.up.railway.app/user/f2628526-8df9-49ba-a7ba-de6f27472fb0?_rsc=%3Cxsl%3Avalue-of+select%3D%22system-property%28%27xsl%3Avendor%27%29%22%2F%3E%3C%21--,200,OK,2191,429,3898
3823,Sun Sep 06 23:14:30 BDT 2026,Sun Sep 06 23:14:31 BDT 2026,GET,https://tfctest-001-production.up.railway.app/products/9?_rsc=%3Cxsl%3Avariable+name%3D%22rtobject%22+select%3D%22runtime%3AgetRuntime%28%29%22%2F%3E%0A%3Cxsl%3Avariable+name%3D%22process%22+select%3D%22runtime%3Aexec%28%24rtobject%2C%27erroneous_command%27%29%22%2F%3E%0A%3Cxsl%3Avariable+name%3D%22waiting%22+select%3D%22process%3AwaitFor%28%24process%29%22%2F%3E%0A%3Cxsl%3Avalue-of+select%3D%22%24process%22%2F%3E,200,OK,1271,429,1105
3824,Sun Sep 06 23:14:31 BDT 2026,Sun Sep 06 23:14:32 BDT 2026,GET,https://tfctest-001-production.up.railway.app/products/7?_rsc=%3Cxsl%3Avalue-of+select%3D%22php%3Afunction%28%27exec%27%2C%27erroneous_command+2%3E%26amp%3B1%27%29%22%2F%3E,200,OK,777,429,4778
3825,Sun Sep 06 23:14:31 BDT 2026,Sun Sep 06 23:14:32 BDT 2026,GET,https://tfctest-001-production.up.railway.app/user/f2628526-8df9-49ba-a7ba-de6f27472fb0?_rsc=%3Cxsl%3Avalue-of+select%3D%22document%28%27http%3A%2F%2Ftfctest-001-production.up.railway.app%3A22%27%29%22%2F%3E,200,OK,730,429,3898
3826,Sun Sep 06 23:14:32 BDT 2026,Sun Sep 06 23:14:32 BDT 2026,GET,https://tfctest-001-production.up.railway.app/products/9?_rsc=%3Cxsl%3Avalue-of+select%3D%22php%3Afunction%28%27exec%27%2C%27erroneous_command+2%3E%26amp%3B1%27%29%22%2F%3E,200,OK,734,429,1105
3827,Sun Sep 06 23:14:33 BDT 2026,Sun Sep 06 23:14:34 BDT 2026,GET,https://tfctest-001-production.up.railway.app/user/f2628526-8df9-49ba-a7ba-de6f27472fb0?_rsc=%3Cxsl%3Avariable+name%3D%22rtobject%22+select%3D%22runtime%3AgetRuntime%28%29%22%2F%3E%0A%3Cxsl%3Avariable+name%3D%22process%22+select%3D%22runtime%3Aexec%28%24rtobject%2C%27erroneous_command%27%29%22%2F%3E%0A%3Cxsl%3Avariable+name%3D%22waiting%22+select%3D%22process%3AwaitFor%28%24process%29%22%2F%3E%0A%3Cxsl%3Avalue-of+select%3D%22%24process%22%2F%3E,200,OK,680,429,3898
3828,Sun Sep 06 23:14:35 BDT 2026,Sun Sep 06 23:14:35 BDT 2026,GET,https://tfctest-001-production.up.railway.app/user/f2628526-8df9-49ba-a7ba-de6f27472fb0?_rsc=%3Cxsl%3Avalue-of+select%3D%22php%3Afunction%28%27exec%27%2C%27erroneous_command+2%3E%26amp%3B1%27%29%22%2F%3E,200,OK,680,429,3898
3829,Sun Sep 06 23:14:36 BDT 2026,Sun Sep 06 23:14:36 BDT 2026,GET,http://tfctest-001-production.up.railway.app/?_rsc=tXyZJ52UQVBCVsD3,301,Moved Permanently,203,212,0
3830,Sun Sep 06 23:14:36 BDT 2026,Sun Sep 06 23:14:36 BDT 2026,GET,http://tfctest-001-production.up.railway.app/,301,Moved Permanently,218,190,0
3831,Sun Sep 06 23:14:36 BDT 2026,Sun Sep 06 23:14:37 BDT 2026,GET,https://tfctest-001-production.up.railway.app,200,OK,943,534,30900
3832,Sun Sep 06 23:14:37 BDT 2026,Sun Sep 06 23:14:37 BDT 2026,GET,http://tfctest-001-production.up.railway.app,301,Moved Permanently,94,190,0
3833,Sun Sep 06 23:14:37 BDT 2026,Sun Sep 06 23:14:38 BDT 2026,GET,https://tfctest-001-production.up.railway.app/_next,404,Not Found,582,361,9
3834,Sun Sep 06 23:14:38 BDT 2026,Sun Sep 06 23:14:38 BDT 2026,GET,https://tfctest-001-production.up.railway.app/_next/static,404,Not Found,578,361,9
3835,Sun Sep 06 23:14:38 BDT 2026,Sun Sep 06 23:14:39 BDT 2026,GET,https://tfctest-001-production.up.railway.app/_next/static/chunks,404,Not Found,572,361,9
3836,Sun Sep 06 23:14:39 BDT 2026,Sun Sep 06 23:14:39 BDT 2026,GET,http://tfctest-001-production.up.railway.app/_next/static/chunks/0a5-2ukdkoc3b.js,301,Moved Permanently,125,226,0
3837,Sun Sep 06 23:14:39 BDT 2026,Sun Sep 06 23:14:39 BDT 2026,GET,http://tfctest-001-production.up.railway.app/_next/static/chunks/0c2m5sa044kgm.js,301,Moved Permanently,188,226,0
3838,Sun Sep 06 23:14:39 BDT 2026,Sun Sep 06 23:14:39 BDT 2026,GET,http://tfctest-001-production.up.railway.app/_next/static/chunks/0lbww56aoo77h.js,301,Moved Permanently,212,226,0
3839,Sun Sep 06 23:14:39 BDT 2026,Sun Sep 06 23:14:39 BDT 2026,GET,http://tfctest-001-production.up.railway.app/_next/static/chunks/22hkep6-doxxi.js,301,Moved Permanently,196,226,0
3840,Sun Sep 06 23:14:39 BDT 2026,Sun Sep 06 23:14:39 BDT 2026,GET,http://tfctest-001-production.up.railway.app/_next/static/chunks/0tvvldkh77bbm.js,301,Moved Permanently,266,226,0
3841,Sun Sep 06 23:14:39 BDT 2026,Sun Sep 06 23:14:39 BDT 2026,GET,http://tfctest-001-production.up.railway.app/_next/static/chunks/0kodok19bfv-z.css,301,Moved Permanently,280,227,0
3842,Sun Sep 06 23:14:39 BDT 2026,Sun Sep 06 23:14:39 BDT 2026,GET,http://tfctest-001-production.up.railway.app/_next/static/chunks/1-rnkiotheyr-.js,301,Moved Permanently,329,226,0
3843,Sun Sep 06 23:14:39 BDT 2026,Sun Sep 06 23:14:39 BDT 2026,GET,http://tfctest-001-production.up.railway.app/_next/static/chunks/04mv_fcnqlctk.js,301,Moved Permanently,314,226,0
3844,Sun Sep 06 23:14:39 BDT 2026,Sun Sep 06 23:14:39 BDT 2026,GET,http://tfctest-001-production.up.railway.app/_next/static/chunks/3byuobrkyz9bj.js,301,Moved Permanently,136,226,0
3845,Sun Sep 06 23:14:39 BDT 2026,Sun Sep 06 23:14:39 BDT 2026,GET,http://tfctest-001-production.up.railway.app/_next/static/chunks/2mmpezlrfmbu5.js,301,Moved Permanently,167,226,0
3846,Sun Sep 06 23:14:39 BDT 2026,Sun Sep 06 23:14:39 BDT 2026,GET,http://tfctest-001-production.up.railway.app/_next/static/chunks/310vm2bl3xxpt.js,301,Moved Permanently,149,226,0
3847,Sun Sep 06 23:14:39 BDT 2026,Sun Sep 06 23:14:39 BDT 2026,GET,http://tfctest-001-production.up.railway.app/_next/static/chunks/2kf_-s-7rti4r.js,301,Moved Permanently,152,226,0
3848,Sun Sep 06 23:14:39 BDT 2026,Sun Sep 06 23:14:39 BDT 2026,GET,http://tfctest-001-production.up.railway.app/_next/static/chunks/turbopack-0n_bhld6oxte9.js,301,Moved Permanently,110,236,0
3849,Sun Sep 06 23:14:39 BDT 2026,Sun Sep 06 23:14:39 BDT 2026,GET,http://tfctest-001-production.up.railway.app/checkout?_rsc=tXyZJ52UQVBCVsD3,301,Moved Permanently,110,220,0
3850,Sun Sep 06 23:14:39 BDT 2026,Sun Sep 06 23:14:39 BDT 2026,GET,http://tfctest-001-production.up.railway.app/login?_rsc=tXyZJ52UQVBCVsD3,301,Moved Permanently,110,217,0
3851,Sun Sep 06 23:14:39 BDT 2026,Sun Sep 06 23:14:39 BDT 2026,GET,http://tfctest-001-production.up.railway.app/orders?_rsc=SPszGvbV_Rbt3KNT,301,Moved Permanently,188,218,0
3852,Sun Sep 06 23:14:39 BDT 2026,Sun Sep 06 23:14:39 BDT 2026,GET,http://tfctest-001-production.up.railway.app/_next/static/chunks/3voe6zs_a01kl.js,301,Moved Permanently,188,226,0
3853,Sun Sep 06 23:14:39 BDT 2026,Sun Sep 06 23:14:40 BDT 2026,GET,http://tfctest-001-production.up.railway.app/_next/static/chunks/3xlv20160_xqf.js,301,Moved Permanently,195,226,0
3854,Sun Sep 06 23:14:39 BDT 2026,Sun Sep 06 23:14:40 BDT 2026,GET,https://tfctest-001-production.up.railway.app/products,404,Not Found,625,435,271
3855,Sun Sep 06 23:14:40 BDT 2026,Sun Sep 06 23:14:40 BDT 2026,GET,http://tfctest-001-production.up.railway.app/products/1?_rsc=tXyZJ52UQVBCVsD3,301,Moved Permanently,175,222,0
3856,Sun Sep 06 23:14:40 BDT 2026,Sun Sep 06 23:14:40 BDT 2026,GET,http://tfctest-001-production.up.railway.app/products/10?_rsc=tXyZJ52UQVBCVsD3,301,Moved Permanently,253,223,0
3857,Sun Sep 06 23:14:40 BDT 2026,Sun Sep 06 23:14:40 BDT 2026,GET,http://tfctest-001-production.up.railway.app/products/2?_rsc=tXyZJ52UQVBCVsD3,301,Moved Permanently,269,222,0
3858,Sun Sep 06 23:14:40 BDT 2026,Sun Sep 06 23:14:40 BDT 2026,GET,http://tfctest-001-production.up.railway.app/products/3?_rsc=tXyZJ52UQVBCVsD3,301,Moved Permanently,279,222,0
3859,Sun Sep 06 23:14:40 BDT 2026,Sun Sep 06 23:14:40 BDT 2026,GET,http://tfctest-001-production.up.railway.app/products/5?_rsc=tXyZJ52UQVBCVsD3,301,Moved Permanently,353,222,0
3860,Sun Sep 06 23:14:40 BDT 2026,Sun Sep 06 23:14:40 BDT 2026,GET,http://tfctest-001-production.up.railway.app/products/8?_rsc=tXyZJ52UQVBCVsD3,301,Moved Permanently,346,222,0
3861,Sun Sep 06 23:14:40 BDT 2026,Sun Sep 06 23:14:41 BDT 2026,GET,http://tfctest-001-production.up.railway.app/products/9?_rsc=tXyZJ52UQVBCVsD3,301,Moved Permanently,356,222,0
3862,Sun Sep 06 23:14:40 BDT 2026,Sun Sep 06 23:14:41 BDT 2026,GET,http://tfctest-001-production.up.railway.app/products/4?_rsc=tXyZJ52UQVBCVsD3,301,Moved Permanently,836,222,0
3863,Sun Sep 06 23:14:40 BDT 2026,Sun Sep 06 23:14:41 BDT 2026,GET,http://tfctest-001-production.up.railway.app/products/6?_rsc=tXyZJ52UQVBCVsD3,301,Moved Permanently,1184,222,0
3864,Sun Sep 06 23:14:40 BDT 2026,Sun Sep 06 23:14:41 BDT 2026,GET,http://tfctest-001-production.up.railway.app/products/7?_rsc=feaeVVEpRlJm4x34,301,Moved Permanently,1199,222,0
3865,Sun Sep 06 23:14:40 BDT 2026,Sun Sep 06 23:14:41 BDT 2026,GET,https://tfctest-001-production.up.railway.app/user,404,Not Found,927,435,271
3866,Sun Sep 06 23:14:41 BDT 2026,Sun Sep 06 23:14:41 BDT 2026,GET,http://tfctest-001-production.up.railway.app/user/f2628526-8df9-49ba-a7ba-de6f27472fb0?_rsc=WKViemS1y3HMVqqY,301,Moved Permanently,172,253,0
3867,Sun Sep 06 23:14:41 BDT 2026,Sun Sep 06 23:14:42 BDT 2026,GET,https://tfctest-001-production.up.railway.app,200,OK,994,534,30900
3868,Sun Sep 06 23:14:42 BDT 2026,Sun Sep 06 23:14:43 BDT 2026,GET,https://tfctest-001-production.up.railway.app/_next,404,Not Found,625,361,9
3869,Sun Sep 06 23:14:43 BDT 2026,Sun Sep 06 23:14:44 BDT 2026,GET,https://tfctest-001-production.up.railway.app/_next/static,404,Not Found,615,361,9
3870,Sun Sep 06 23:14:44 BDT 2026,Sun Sep 06 23:14:44 BDT 2026,GET,https://tfctest-001-production.up.railway.app/_next/static/chunks,404,Not Found,609,361,9
3871,Sun Sep 06 23:14:44 BDT 2026,Sun Sep 06 23:14:45 BDT 2026,GET,https://tfctest-001-production.up.railway.app/products,404,Not Found,563,435,271
3872,Sun Sep 06 23:14:45 BDT 2026,Sun Sep 06 23:14:46 BDT 2026,GET,https://tfctest-001-production.up.railway.app/user,404,Not Found,678,435,271
3873,Sun Sep 06 23:14:46 BDT 2026,Sun Sep 06 23:14:46 BDT 2026,GET,https://tfctest-001-production.up.railway.app/?_rsc=tXyZJ52UQVBCVsD3,200,OK,567,428,984
3875,Sun Sep 06 23:14:46 BDT 2026,Sun Sep 06 23:14:47 BDT 2026,GET,https://tfctest-001-production.up.railway.app/,200,OK,1024,534,30900
3876,Sun Sep 06 23:14:46 BDT 2026,Sun Sep 06 23:14:47 BDT 2026,GET,https://tfctest-001-production.up.railway.app/?_rsc=tXyZJ52UQVBCVsD3,200,OK,587,428,984
3878,Sun Sep 06 23:14:46 BDT 2026,Sun Sep 06 23:14:47 BDT 2026,GET,https://tfctest-001-production.up.railway.app,200,OK,1403,534,30900
3879,Sun Sep 06 23:14:47 BDT 2026,Sun Sep 06 23:14:48 BDT 2026,GET,https://tfctest-001-production.up.railway.app/?_rsc=tXyZJ52UQVBCVsD3,200,OK,800,428,984
3881,Sun Sep 06 23:14:47 BDT 2026,Sun Sep 06 23:14:48 BDT 2026,GET,https://tfctest-001-production.up.railway.app/,200,OK,1105,534,30900
3882,Sun Sep 06 23:14:47 BDT 2026,Sun Sep 06 23:14:48 BDT 2026,GET,https://tfctest-001-production.up.railway.app/_next,404,Not Found,788,361,9
3883,Sun Sep 06 23:14:47 BDT 2026,Sun Sep 06 23:14:48 BDT 2026,GET,https://tfctest-001-production.up.railway.app,200,OK,1098,534,30900
3884,Sun Sep 06 23:14:48 BDT 2026,Sun Sep 06 23:14:48 BDT 2026,GET,https://tfctest-001-production.up.railway.app/_next/static,404,Not Found,613,361,9
3885,Sun Sep 06 23:14:48 BDT 2026,Sun Sep 06 23:14:48 BDT 2026,GET,https://tfctest-001-production.up.railway.app/_next,404,Not Found,613,361,9
3886,Sun Sep 06 23:14:48 BDT 2026,Sun Sep 06 23:14:48 BDT 2026,GET,https://tfctest-001-production.up.railway.app/?_rsc=tXyZJ52UQVBCVsD3,200,OK,800,428,984
3888,Sun Sep 06 23:14:48 BDT 2026,Sun Sep 06 23:14:49 BDT 2026,GET,https://tfctest-001-production.up.railway.app/,200,OK,1052,534,30900
3889,Sun Sep 06 23:14:48 BDT 2026,Sun Sep 06 23:14:49 BDT 2026,GET,https://tfctest-001-production.up.railway.app,200,OK,930,534,30900
3890,Sun Sep 06 23:14:48 BDT 2026,Sun Sep 06 23:14:49 BDT 2026,GET,https://tfctest-001-production.up.railway.app/_next/static,404,Not Found,598,361,9
3891,Sun Sep 06 23:14:48 BDT 2026,Sun Sep 06 23:14:49 BDT 2026,GET,https://tfctest-001-production.up.railway.app/?_rsc=tXyZJ52UQVBCVsD3,200,OK,614,428,984
3892,Sun Sep 06 23:14:48 BDT 2026,Sun Sep 06 23:14:49 BDT 2026,GET,https://tfctest-001-production.up.railway.app/_next,404,Not Found,677,361,9
3893,Sun Sep 06 23:14:48 BDT 2026,Sun Sep 06 23:14:49 BDT 2026,GET,https://tfctest-001-production.up.railway.app/_next/static/chunks,404,Not Found,677,361,9
3895,Sun Sep 06 23:14:49 BDT 2026,Sun Sep 06 23:14:50 BDT 2026,GET,https://tfctest-001-production.up.railway.app/_next/static,404,Not Found,651,361,9
3896,Sun Sep 06 23:14:49 BDT 2026,Sun Sep 06 23:14:50 BDT 2026,GET,https://tfctest-001-production.up.railway.app/,200,OK,964,534,30900
3897,Sun Sep 06 23:14:49 BDT 2026,Sun Sep 06 23:14:50 BDT 2026,GET,https://tfctest-001-production.up.railway.app/_next,404,Not Found,727,361,9
3898,Sun Sep 06 23:14:49 BDT 2026,Sun Sep 06 23:14:50 BDT 2026,GET,https://tfctest-001-production.up.railway.app/_next/static/chunks/0a5-2ukdkoc3b.js,200,OK,757,444,2714
3899,Sun Sep 06 23:14:49 BDT 2026,Sun Sep 06 23:14:50 BDT 2026,GET,https://tfctest-001-production.up.railway.app/?_rsc=tXyZJ52UQVBCVsD3,200,OK,743,428,984
3901,Sun Sep 06 23:14:49 BDT 2026,Sun Sep 06 23:14:50 BDT 2026,GET,https://tfctest-001-production.up.railway.app/_next/static/chunks,404,Not Found,739,361,9
3902,Sun Sep 06 23:14:49 BDT 2026,Sun Sep 06 23:14:50 BDT 2026,GET,https://tfctest-001-production.up.railway.app,200,OK,961,534,30900
3903,Sun Sep 06 23:14:50 BDT 2026,Sun Sep 06 23:14:50 BDT 2026,GET,https://tfctest-001-production.up.railway.app/_next/static,404,Not Found,646,361,9
3904,Sun Sep 06 23:14:49 BDT 2026,Sun Sep 06 23:14:50 BDT 2026,GET,https://tfctest-001-production.up.railway.app/_next/static/chunks/04mv_fcnqlctk.js,200,OK,1238,448,252199
3905,Sun Sep 06 23:14:50 BDT 2026,Sun Sep 06 23:14:51 BDT 2026,GET,https://tfctest-001-production.up.railway.app/_next/static/chunks/0a5-2ukdkoc3b.js,200,OK,621,444,2714
3906,Sun Sep 06 23:14:50 BDT 2026,Sun Sep 06 23:14:51 BDT 2026,GET,https://tfctest-001-production.up.railway.app/_next,404,Not Found,645,361,9
3907,Sun Sep 06 23:14:50 BDT 2026,Sun Sep 06 23:14:51 BDT 2026,GET,https://tfctest-001-production.up.railway.app/?_rsc=tXyZJ52UQVBCVsD3,200,OK,626,428,984
3909,Sun Sep 06 23:14:50 BDT 2026,Sun Sep 06 23:14:51 BDT 2026,GET,https://tfctest-001-production.up.railway.app/_next/static/chunks,404,Not Found,621,361,9
3910,Sun Sep 06 23:14:50 BDT 2026,Sun Sep 06 23:14:51 BDT 2026,GET,https://tfctest-001-production.up.railway.app/,200,OK,972,534,30900
3911,Sun Sep 06 23:14:50 BDT 2026,Sun Sep 06 23:14:51 BDT 2026,GET,https://tfctest-001-production.up.railway.app/_next/static,404,Not Found,729,361,9
3912,Sun Sep 06 23:14:50 BDT 2026,Sun Sep 06 23:14:51 BDT 2026,GET,https://tfctest-001-production.up.railway.app,200,OK,1042,534,30900
3913,Sun Sep 06 23:14:51 BDT 2026,Sun Sep 06 23:14:51 BDT 2026,GET,https://tfctest-001-production.up.railway.app/_next,404,Not Found,702,361,9
3914,Sun Sep 06 23:14:51 BDT 2026,Sun Sep 06 23:14:51 BDT 2026,GET,https://tfctest-001-production.up.railway.app/_next/static/chunks/0a5-2ukdkoc3b.js,200,OK,731,444,2714
3915,Sun Sep 06 23:14:51 BDT 2026,Sun Sep 06 23:14:51 BDT 2026,GET,https://tfctest-001-production.up.railway.app/_next/static/chunks,404,Not Found,763,361,9
3916,Sun Sep 06 23:14:51 BDT 2026,Sun Sep 06 23:14:51 BDT 2026,GET,https://tfctest-001-production.up.railway.app/?_rsc=tXyZJ52UQVBCVsD3,200,OK,759,428,867
3918,Sun Sep 06 23:14:50 BDT 2026,Sun Sep 06 23:14:51 BDT 2026,GET,https://tfctest-001-production.up.railway.app/_next/static/chunks/04mv_fcnqlctk.js,200,OK,1008,448,252199
3919,Sun Sep 06 23:14:51 BDT 2026,Sun Sep 06 23:14:52 BDT 2026,GET,https://tfctest-001-production.up.railway.app/,200,OK,936,534,30900
3920,Sun Sep 06 23:14:51 BDT 2026,Sun Sep 06 23:14:52 BDT 2026,GET,https://tfctest-001-production.up.railway.app/_next/static,404,Not Found,621,361,9
3921,Sun Sep 06 23:14:51 BDT 2026,Sun Sep 06 23:14:52 BDT 2026,GET,https://tfctest-001-production.up.railway.app/_next,404,Not Found,639,361,9
3922,Sun Sep 06 23:14:51 BDT 2026,Sun Sep 06 23:14:52 BDT 2026,GET,https://tfctest-001-production.up.railway.app/?_rsc=tXyZJ52UQVBCVsD3,200,OK,597,428,984
3923,Sun Sep 06 23:14:51 BDT 2026,Sun Sep 06 23:14:52 BDT 2026,GET,https://tfctest-001-production.up.railway.app/_next/static/chunks,404,Not Found,597,361,9
3925,Sun Sep 06 23:14:51 BDT 2026,Sun Sep 06 23:14:52 BDT 2026,GET,https://tfctest-001-production.up.railway.app/_next/static/chunks/0a5-2ukdkoc3b.js,200,OK,623,444,2714
3926,Sun Sep 06 23:14:51 BDT 2026,Sun Sep 06 23:14:52 BDT 2026,GET,https://tfctest-001-production.up.railway.app,200,OK,915,534,30900
3927,Sun Sep 06 23:14:52 BDT 2026,Sun Sep 06 23:14:52 BDT 2026,GET,https://tfctest-001-production.up.railway.app/_next/static,404,Not Found,590,361,9
3928,Sun Sep 06 23:14:52 BDT 2026,Sun Sep 06 23:14:52 BDT 2026,GET,https://tfctest-001-production.up.railway.app/_next,404,Not Found,549,361,9
3929,Sun Sep 06 23:14:52 BDT 2026,Sun Sep 06 23:14:53 BDT 2026,GET,https://tfctest-001-production.up.railway.app/_next/static/chunks/04mv_fcnqlctk.js,200,OK,1049,448,252199
3930,Sun Sep 06 23:14:52 BDT 2026,Sun Sep 06 23:14:53 BDT 2026,GET,https://tfctest-001-production.up.railway.app/_next/static/chunks,404,Not Found,586,361,9
3931,Sun Sep 06 23:14:52 BDT 2026,Sun Sep 06 23:14:53 BDT 2026,GET,https://tfctest-001-production.up.railway.app/,200,OK,975,534,30900
3932,Sun Sep 06 23:14:52 BDT 2026,Sun Sep 06 23:14:53 BDT 2026,GET,https://tfctest-001-production.up.railway.app/_next/static/chunks/0a5-2ukdkoc3b.js,200,OK,610,444,2714
3933,Sun Sep 06 23:14:52 BDT 2026,Sun Sep 06 23:14:53 BDT 2026,GET,https://tfctest-001-production.up.railway.app/?_rsc=tXyZJ52UQVBCVsD3,200,OK,607,428,984
3935,Sun Sep 06 23:14:52 BDT 2026,Sun Sep 06 23:14:53 BDT 2026,GET,https://tfctest-001-production.up.railway.app/_next/static,404,Not Found,663,361,9
3936,Sun Sep 06 23:14:52 BDT 2026,Sun Sep 06 23:14:53 BDT 2026,GET,https://tfctest-001-production.up.railway.app/_next,404,Not Found,586,361,9
3937,Sun Sep 06 23:14:52 BDT 2026,Sun Sep 06 23:14:53 BDT 2026,GET,https://tfctest-001-production.up.railway.app,200,OK,933,534,30900
3938,Sun Sep 06 23:14:53 BDT 2026,Sun Sep 06 23:14:53 BDT 2026,GET,https://tfctest-001-production.up.railway.app/_next/static/chunks,404,Not Found,624,361,9
3939,Sun Sep 06 23:14:53 BDT 2026,Sun Sep 06 23:14:53 BDT 2026,GET,https://tfctest-001-production.up.railway.app/_next/static/chunks/0a5-2ukdkoc3b.js,200,OK,669,444,2714
3940,Sun Sep 06 23:14:53 BDT 2026,Sun Sep 06 23:14:53 BDT 2026,GET,https://tfctest-001-production.up.railway.app/?_rsc=tXyZJ52UQVBCVsD3,200,OK,691,428,984
3942,Sun Sep 06 23:14:53 BDT 2026,Sun Sep 06 23:14:54 BDT 2026,GET,https://tfctest-001-production.up.railway.app/_next/static,404,Not Found,617,361,9
3943,Sun Sep 06 23:14:53 BDT 2026,Sun Sep 06 23:14:54 BDT 2026,GET,https://tfctest-001-production.up.railway.app/_next/static/chunks/04mv_fcnqlctk.js,200,OK,1061,448,252199
3944,Sun Sep 06 23:14:53 BDT 2026,Sun Sep 06 23:14:54 BDT 2026,GET,https://tfctest-001-production.up.railway.app/_next,404,Not Found,720,361,9
3945,Sun Sep 06 23:14:53 BDT 2026,Sun Sep 06 23:14:54 BDT 2026,GET,https://tfctest-001-production.up.railway.app/,200,OK,1142,534,30637
3947,Sun Sep 06 23:14:53 BDT 2026,Sun Sep 06 23:14:54 BDT 2026,GET,https://tfctest-001-production.up.railway.app/_next/static/chunks,404,Not Found,632,361,9
3948,Sun Sep 06 23:14:53 BDT 2026,Sun Sep 06 23:14:54 BDT 2026,GET,https://tfctest-001-production.up.railway.app/?_rsc=tXyZJ52UQVBCVsD3,200,OK,665,428,984
3950,Sun Sep 06 23:14:53 BDT 2026,Sun Sep 06 23:14:54 BDT 2026,GET,https://tfctest-001-production.up.railway.app,200,OK,914,534,30900
3951,Sun Sep 06 23:14:53 BDT 2026,Sun Sep 06 23:14:54 BDT 2026,GET,https://tfctest-001-production.up.railway.app/_next/static/chunks/0a5-2ukdkoc3b.js,200,OK,681,444,2714
3952,Sun Sep 06 23:14:54 BDT 2026,Sun Sep 06 23:14:54 BDT 2026,GET,https://tfctest-001-production.up.railway.app/_next/static,404,Not Found,651,361,9
3953,Sun Sep 06 23:14:54 BDT 2026,Sun Sep 06 23:14:54 BDT 2026,GET,https://tfctest-001-production.up.railway.app/_next,404,Not Found,564,361,9
3954,Sun Sep 06 23:14:54 BDT 2026,Sun Sep 06 23:14:55 BDT 2026,GET,https://tfctest-001-production.up.railway.app/_next/static/chunks,404,Not Found,737,361,9
3955,Sun Sep 06 23:14:54 BDT 2026,Sun Sep 06 23:14:55 BDT 2026,GET,https://tfctest-001-production.up.railway.app/_next/static/chunks/0a5-2ukdkoc3b.js,200,OK,562,444,2714
3956,Sun Sep 06 23:14:54 BDT 2026,Sun Sep 06 23:14:55 BDT 2026,GET,https://tfctest-001-production.up.railway.app/,200,OK,932,534,30900
3957,Sun Sep 06 23:14:54 BDT 2026,Sun Sep 06 23:14:55 BDT 2026,GET,https://tfctest-001-production.up.railway.app/_next/static/chunks/0c2m5sa044kgm.js,200,OK,719,444,1135
3958,Sun Sep 06 23:14:54 BDT 2026,Sun Sep 06 23:14:55 BDT 2026,GET,https://tfctest-001-production.up.railway.app/_next/static/chunks/04mv_fcnqlctk.js,200,OK,1167,448,252199
3959,Sun Sep 06 23:14:54 BDT 2026,Sun Sep 06 23:14:55 BDT 2026,GET,https://tfctest-001-production.up.railway.app/_next/static,404,Not Found,652,361,9
3960,Sun Sep 06 23:14:54 BDT 2026,Sun Sep 06 23:14:55 BDT 2026,GET,https://tfctest-001-production.up.railway.app/_next,404,Not Found,573,361,9
3961,Sun Sep 06 23:14:54 BDT 2026,Sun Sep 06 23:14:55 BDT 2026,GET,https://tfctest-001-production.up.railway.app,200,OK,903,534,30637
3963,Sun Sep 06 23:14:55 BDT 2026,Sun Sep 06 23:14:55 BDT 2026,GET,https://tfctest-001-production.up.railway.app/_next/static/chunks,404,Not Found,751,361,9
3964,Sun Sep 06 23:14:55 BDT 2026,Sun Sep 06 23:14:55 BDT 2026,GET,https://tfctest-001-production.up.railway.app/_next/static/chunks/0a5-2ukdkoc3b.js,200,OK,692,444,2714
3965,Sun Sep 06 23:14:55 BDT 2026,Sun Sep 06 23:14:56 BDT 2026,GET,https://tfctest-001-production.up.railway.app/_next/static/chunks/0c2m5sa044kgm.js,200,OK,867,444,1135
3966,Sun Sep 06 23:14:55 BDT 2026,Sun Sep 06 23:14:56 BDT 2026,GET,https://tfctest-001-production.up.railway.app/_next/static,404,Not Found,800,361,9
3967,Sun Sep 06 23:14:55 BDT 2026,Sun Sep 06 23:14:56 BDT 2026,GET,https://tfctest-001-production.up.railway.app/_next,404,Not Found,800,361,9
3968,Sun Sep 06 23:14:55 BDT 2026,Sun Sep 06 23:14:56 BDT 2026,GET,https://tfctest-001-production.up.railway.app/,200,OK,1005,534,30900
3969,Sun Sep 06 23:14:55 BDT 2026,Sun Sep 06 23:14:56 BDT 2026,GET,https://tfctest-001-production.up.railway.app/_next/static/chunks/04mv_fcnqlctk.js,200,OK,1087,448,252199
3970,Sun Sep 06 23:14:55 BDT 2026,Sun Sep 06 23:14:56 BDT 2026,GET,https://tfctest-001-production.up.railway.app/_next/static/chunks,404,Not Found,562,361,9
3971,Sun Sep 06 23:14:55 BDT 2026,Sun Sep 06 23:14:56 BDT 2026,GET,https://tfctest-001-production.up.railway.app/_next/static/chunks/0a5-2ukdkoc3b.js,200,OK,771,444,2714
3972,Sun Sep 06 23:14:55 BDT 2026,Sun Sep 06 23:14:56 BDT 2026,GET,https://tfctest-001-production.up.railway.app,200,OK,1250,534,30900
3973,Sun Sep 06 23:14:56 BDT 2026,Sun Sep 06 23:14:56 BDT 2026,GET,https://tfctest-001-production.up.railway.app/_next/static/chunks/0c2m5sa044kgm.js,200,OK,684,444,1135
3974,Sun Sep 06 23:14:56 BDT 2026,Sun Sep 06 23:14:57 BDT 2026,GET,https://tfctest-001-production.up.railway.app/_next/static,404,Not Found,763,361,9
3975,Sun Sep 06 23:14:56 BDT 2026,Sun Sep 06 23:14:57 BDT 2026,GET,https://tfctest-001-production.up.railway.app/_next/static/chunks/0kodok19bfv-z.css,200,OK,825,432,19211
3976,Sun Sep 06 23:14:56 BDT 2026,Sun Sep 06 23:14:57 BDT 2026,GET,https://tfctest-001-production.up.railway.app/_next/static/chunks,404,Not Found,694,361,9
3977,Sun Sep 06 23:14:56 BDT 2026,Sun Sep 06 23:14:57 BDT 2026,GET,https://tfctest-001-production.up.railway.app/,200,OK,1308,534,30900
3978,Sun Sep 06 23:14:56 BDT 2026,Sun Sep 06 23:14:57 BDT 2026,GET,https://tfctest-001-production.up.railway.app/_next/static/chunks/0a5-2ukdkoc3b.js,200,OK,927,444,2714
3979,Sun Sep 06 23:14:56 BDT 2026,Sun Sep 06 23:14:57 BDT 2026,GET,https://tfctest-001-production.up.railway.app/_next/static/chunks/0c2m5sa044kgm.js,200,OK,777,444,1135
3980,Sun Sep 06 23:14:57 BDT 2026,Sun Sep 06 23:14:58 BDT 2026,GET,https://tfctest-001-production.up.railway.app/_next/static/chunks/0lbww56aoo77h.js,200,OK,1032,444,1273
3981,Sun Sep 06 23:14:57 BDT 2026,Sun Sep 06 23:14:58 BDT 2026,GET,https://tfctest-001-production.up.railway.app/_next/static/chunks,404,Not Found,907,361,9
3982,Sun Sep 06 23:14:56 BDT 2026,Sun Sep 06 23:14:58 BDT 2026,GET,https://tfctest-001-production.up.railway.app/_next/static/chunks/04mv_fcnqlctk.js,200,OK,1816,448,252199
3983,Sun Sep 06 23:14:57 BDT 2026,Sun Sep 06 23:14:58 BDT 2026,GET,https://tfctest-001-production.up.railway.app/_next/static/chunks/0kodok19bfv-z.css,200,OK,1088,432,19211
3984,Sun Sep 06 23:14:56 BDT 2026,Sun Sep 06 23:14:58 BDT 2026,GET,https://tfctest-001-production.up.railway.app,200,OK,1514,534,30900
3985,Sun Sep 06 23:14:58 BDT 2026,Sun Sep 06 23:14:58 BDT 2026,GET,https://tfctest-001-production.up.railway.app/_next/static/chunks/0lbww56aoo77h.js,200,OK,698,444,1273
3986,Sun Sep 06 23:14:57 BDT 2026,Sun Sep 06 23:14:58 BDT 2026,GET,https://tfctest-001-production.up.railway.app/_next/static/chunks/0a5-2ukdkoc3b.js,200,OK,1120,444,2714
3987,Sun Sep 06 23:14:58 BDT 2026,Sun Sep 06 23:14:58 BDT 2026,GET,https://tfctest-001-production.up.railway.app/_next/static/chunks/0tvvldkh77bbm.js,200,OK,629,443,784
3988,Sun Sep 06 23:14:57 BDT 2026,Sun Sep 06 23:14:59 BDT 2026,GET,https://tfctest-001-production.up.railway.app/,200,OK,1419,534,30900
3989,Sun Sep 06 23:14:58 BDT 2026,Sun Sep 06 23:14:59 BDT 2026,GET,https://tfctest-001-production.up.railway.app,200,OK,1371,534,30900
3990,Sun Sep 06 23:14:58 BDT 2026,Sun Sep 06 23:14:59 BDT 2026,GET,https://tfctest-001-production.up.railway.app/_next/static/chunks/0kodok19bfv-z.css,200,OK,1388,432,19211
3991,Sun Sep 06 23:14:58 BDT 2026,Sun Sep 06 23:14:59 BDT 2026,GET,https://tfctest-001-production.up.railway.app/_next/static/chunks/0tvvldkh77bbm.js,200,OK,966,443,784
3992,Sun Sep 06 23:14:58 BDT 2026,Sun Sep 06 23:15:00 BDT 2026,GET,https://tfctest-001-production.up.railway.app/_next/static/chunks/04mv_fcnqlctk.js,200,OK,1956,448,252199
3993,Sun Sep 06 23:14:57 BDT 2026,Sun Sep 06 23:15:00 BDT 2026,GET,https://tfctest-001-production.up.railway.app/_next/static/chunks/0c2m5sa044kgm.js,200,OK,3045,444,1135
3994,Sun Sep 06 23:14:59 BDT 2026,Sun Sep 06 23:15:00 BDT 2026,GET,https://tfctest-001-production.up.railway.app/_next/static/chunks/0kodok19bfv-z.css,200,OK,998,432,19211
3995,Sun Sep 06 23:14:59 BDT 2026,Sun Sep 06 23:15:00 BDT 2026,GET,https://tfctest-001-production.up.railway.app/_next/static/chunks/0tvvldkh77bbm.js,200,OK,482,443,784
3996,Sun Sep 06 23:14:58 BDT 2026,Sun Sep 06 23:15:00 BDT 2026,GET,https://tfctest-001-production.up.railway.app/_next/static/chunks/1-rnkiotheyr-.js,200,OK,1429,444,3138
3997,Sun Sep 06 23:14:58 BDT 2026,Sun Sep 06 23:15:00 BDT 2026,GET,https://tfctest-001-production.up.railway.app/_next/static/chunks/0lbww56aoo77h.js,200,OK,1485,444,1273
3998,Sun Sep 06 23:14:59 BDT 2026,Sun Sep 06 23:15:00 BDT 2026,GET,https://tfctest-001-production.up.railway.app/_next/static/chunks/22hkep6-doxxi.js,200,OK,1144,446,28615
3999,Sun Sep 06 23:14:59 BDT 2026,Sun Sep 06 23:15:00 BDT 2026,GET,https://tfctest-001-production.up.railway.app,200,OK,1207,534,30900
4000,Sun Sep 06 23:15:00 BDT 2026,Sun Sep 06 23:15:01 BDT 2026,GET,https://tfctest-001-production.up.railway.app/_next/static/chunks/0tvvldkh77bbm.js,200,OK,719,443,784
4001,Sun Sep 06 23:15:00 BDT 2026,Sun Sep 06 23:15:01 BDT 2026,GET,https://tfctest-001-production.up.railway.app/_next/static/chunks/0kodok19bfv-z.css,200,OK,1212,432,19211
4002,Sun Sep 06 23:15:00 BDT 2026,Sun Sep 06 23:15:02 BDT 2026,GET,https://tfctest-001-production.up.railway.app/_next/static/chunks/1-rnkiotheyr-.js,200,OK,1222,444,3138
4003,Sun Sep 06 23:15:00 BDT 2026,Sun Sep 06 23:15:02 BDT 2026,GET,https://tfctest-001-production.up.railway.app/_next/static/chunks/2kf_-s-7rti4r.js,200,OK,1160,443,905
4004,Sun Sep 06 23:15:00 BDT 2026,Sun Sep 06 23:15:02 BDT 2026,GET,https://tfctest-001-production.up.railway.app/_next/static/chunks/0lbww56aoo77h.js,200,OK,1649,444,1273
4005,Sun Sep 06 23:15:02 BDT 2026,Sun Sep 06 23:15:02 BDT 2026,GET,https://tfctest-001-production.up.railway.app/_next/static/chunks/2kf_-s-7rti4r.js,200,OK,304,443,905
4006,Sun Sep 06 23:15:00 BDT 2026,Sun Sep 06 23:15:02 BDT 2026,GET,https://tfctest-001-production.up.railway.app/_next/static/chunks/22hkep6-doxxi.js,200,OK,1709,446,28615
4007,Sun Sep 06 23:15:01 BDT 2026,Sun Sep 06 23:15:02 BDT 2026,GET,https://tfctest-001-production.up.railway.app/_next/static/chunks/0kodok19bfv-z.css,200,OK,766,432,19211
4008,Sun Sep 06 23:15:02 BDT 2026,Sun Sep 06 23:15:02 BDT 2026,GET,https://tfctest-001-production.up.railway.app/_next/static/chunks/1-rnkiotheyr-.js,200,OK,751,444,3138
4009,Sun Sep 06 23:15:02 BDT 2026,Sun Sep 06 23:15:02 BDT 2026,GET,https://tfctest-001-production.up.railway.app/_next/static/chunks/2kf_-s-7rti4r.js,200,OK,379,443,905
4010,Sun Sep 06 23:15:00 BDT 2026,Sun Sep 06 23:15:02 BDT 2026,GET,https://tfctest-001-production.up.railway.app/_next/static/chunks/0c2m5sa044kgm.js,200,OK,2062,444,1135
4011,Sun Sep 06 23:15:01 BDT 2026,Sun Sep 06 23:15:02 BDT 2026,GET,https://tfctest-001-production.up.railway.app/_next/static/chunks/0tvvldkh77bbm.js,200,OK,1387,443,784
4012,Sun Sep 06 23:15:02 BDT 2026,Sun Sep 06 23:15:03 BDT 2026,GET,https://tfctest-001-production.up.railway.app/_next/static/chunks/2kf_-s-7rti4r.js,200,OK,249,443,905
4013,Sun Sep 06 23:15:02 BDT 2026,Sun Sep 06 23:15:03 BDT 2026,GET,https://tfctest-001-production.up.railway.app/_next/static/chunks/0lbww56aoo77h.js,200,OK,956,444,1273
4014,Sun Sep 06 23:15:00 BDT 2026,Sun Sep 06 23:15:03 BDT 2026,GET,https://tfctest-001-production.up.railway.app/_next/static/chunks/04mv_fcnqlctk.js,200,OK,2627,448,252199
4015,Sun Sep 06 23:15:02 BDT 2026,Sun Sep 06 23:15:03 BDT 2026,GET,https://tfctest-001-production.up.railway.app/_next/static/chunks/0tvvldkh77bbm.js,200,OK,564,443,784
4016,Sun Sep 06 23:15:03 BDT 2026,Sun Sep 06 23:15:03 BDT 2026,GET,https://tfctest-001-production.up.railway.app/_next/static/chunks/2kf_-s-7rti4r.js,200,OK,439,443,905
4017,Sun Sep 06 23:15:02 BDT 2026,Sun Sep 06 23:15:03 BDT 2026,GET,https://tfctest-001-production.up.railway.app/_next/static/chunks/22hkep6-doxxi.js,200,OK,1088,446,28615
4018,Sun Sep 06 23:15:02 BDT 2026,Sun Sep 06 23:15:04 BDT 2026,GET,https://tfctest-001-production.up.railway.app/_next/static/chunks/0kodok19bfv-z.css,200,OK,1525,432,19211
4019,Sun Sep 06 23:15:02 BDT 2026,Sun Sep 06 23:15:04 BDT 2026,GET,https://tfctest-001-production.up.railway.app/_next/static/chunks/1-rnkiotheyr-.js,200,OK,1687,444,3138
4020,Sun Sep 06 23:15:03 BDT 2026,Sun Sep 06 23:15:04 BDT 2026,GET,https://tfctest-001-production.up.railway.app/_next/static/chunks/0lbww56aoo77h.js,200,OK,1068,444,1273
4021,Sun Sep 06 23:15:03 BDT 2026,Sun Sep 06 23:15:04 BDT 2026,GET,https://tfctest-001-production.up.railway.app/_next/static/chunks/2kf_-s-7rti4r.js,200,OK,902,443,905
4022,Sun Sep 06 23:15:04 BDT 2026,Sun Sep 06 23:15:04 BDT 2026,GET,https://tfctest-001-production.up.railway.app/_next/static/chunks/2kf_-s-7rti4r.js,200,OK,384,443,905
4023,Sun Sep 06 23:15:03 BDT 2026,Sun Sep 06 23:15:05 BDT 2026,GET,https://tfctest-001-production.up.railway.app/_next/static/chunks/22hkep6-doxxi.js,200,OK,1369,446,28615
4024,Sun Sep 06 23:15:02 BDT 2026,Sun Sep 06 23:15:05 BDT 2026,GET,https://tfctest-001-production.up.railway.app/_next/static/chunks/0c2m5sa044kgm.js,200,OK,2200,444,1135
4025,Sun Sep 06 23:15:04 BDT 2026,Sun Sep 06 23:15:05 BDT 2026,GET,https://tfctest-001-production.up.railway.app/_next/static/chunks/0kodok19bfv-z.css,200,OK,840,432,19211
4026,Sun Sep 06 23:15:04 BDT 2026,Sun Sep 06 23:15:05 BDT 2026,GET,https://tfctest-001-production.up.railway.app/_next/static/chunks/0lbww56aoo77h.js,200,OK,670,444,1273
4027,Sun Sep 06 23:15:04 BDT 2026,Sun Sep 06 23:15:05 BDT 2026,GET,https://tfctest-001-production.up.railway.app/_next/static/chunks/2kf_-s-7rti4r.js,200,OK,364,443,905
4028,Sun Sep 06 23:15:03 BDT 2026,Sun Sep 06 23:15:05 BDT 2026,GET,https://tfctest-001-production.up.railway.app/_next/static/chunks/0tvvldkh77bbm.js,200,OK,1682,443,784
4029,Sun Sep 06 23:15:04 BDT 2026,Sun Sep 06 23:15:05 BDT 2026,GET,https://tfctest-001-production.up.railway.app/_next/static/chunks/1-rnkiotheyr-.js,200,OK,842,444,3138
4030,Sun Sep 06 23:15:05 BDT 2026,Sun Sep 06 23:15:05 BDT 2026,GET,https://tfctest-001-production.up.railway.app/_next/static/chunks/2kf_-s-7rti4r.js,200,OK,269,443,905
4031,Sun Sep 06 23:15:05 BDT 2026,Sun Sep 06 23:15:05 BDT 2026,GET,https://tfctest-001-production.up.railway.app/_next/static/chunks/0tvvldkh77bbm.js,200,OK,426,443,784
4032,Sun Sep 06 23:15:05 BDT 2026,Sun Sep 06 23:15:06 BDT 2026,GET,https://tfctest-001-production.up.railway.app/_next/static/chunks/0c2m5sa044kgm.js,200,OK,1038,444,1135
4033,Sun Sep 06 23:15:05 BDT 2026,Sun Sep 06 23:15:06 BDT 2026,GET,https://tfctest-001-production.up.railway.app/_next/static/chunks/2kf_-s-7rti4r.js,200,OK,663,443,905
4034,Sun Sep 06 23:15:05 BDT 2026,Sun Sep 06 23:15:06 BDT 2026,GET,https://tfctest-001-production.up.railway.app/_next/static/chunks/22hkep6-doxxi.js,200,OK,1216,446,28615
4035,Sun Sep 06 23:15:05 BDT 2026,Sun Sep 06 23:15:06 BDT 2026,GET,https://tfctest-001-production.up.railway.app/_next/static/chunks/0kodok19bfv-z.css,200,OK,1091,432,19211
4036,Sun Sep 06 23:15:05 BDT 2026,Sun Sep 06 23:15:06 BDT 2026,GET,https://tfctest-001-production.up.railway.app/_next/static/chunks/0lbww56aoo77h.js,200,OK,1150,444,1273
4037,Sun Sep 06 23:15:06 BDT 2026,Sun Sep 06 23:15:06 BDT 2026,GET,https://tfctest-001-production.up.railway.app/_next/static/chunks/2kf_-s-7rti4r.js,200,OK,299,443,905
4038,Sun Sep 06 23:15:03 BDT 2026,Sun Sep 06 23:15:06 BDT 2026,GET,https://tfctest-001-production.up.railway.app/_next/static/chunks/04mv_fcnqlctk.js,200,OK,3231,448,252199
4039,Sun Sep 06 23:15:06 BDT 2026,Sun Sep 06 23:15:06 BDT 2026,GET,https://tfctest-001-production.up.railway.app/_next/static/chunks/0c2m5sa044kgm.js,200,OK,809,444,1135
4040,Sun Sep 06 23:15:05 BDT 2026,Sun Sep 06 23:15:07 BDT 2026,GET,https://tfctest-001-production.up.railway.app/_next/static/chunks/1-rnkiotheyr-.js,200,OK,1677,444,3138
4041,Sun Sep 06 23:15:06 BDT 2026,Sun Sep 06 23:15:07 BDT 2026,GET,https://tfctest-001-production.up.railway.app/_next/static/chunks/0lbww56aoo77h.js,200,OK,886,444,1273
4042,Sun Sep 06 23:15:06 BDT 2026,Sun Sep 06 23:15:07 BDT 2026,GET,https://tfctest-001-production.up.railway.app/_next/static/chunks/22hkep6-doxxi.js,200,OK,976,446,28615
4043,Sun Sep 06 23:15:06 BDT 2026,Sun Sep 06 23:15:07 BDT 2026,GET,https://tfctest-001-production.up.railway.app/_next/static/chunks/0kodok19bfv-z.css,200,OK,1030,432,19211
4044,Sun Sep 06 23:15:06 BDT 2026,Sun Sep 06 23:15:07 BDT 2026,GET,https://tfctest-001-production.up.railway.app/_next/static/chunks/2kf_-s-7rti4r.js,200,OK,935,443,905
4045,Sun Sep 06 23:15:05 BDT 2026,Sun Sep 06 23:15:07 BDT 2026,GET,https://tfctest-001-production.up.railway.app/_next/static/chunks/0tvvldkh77bbm.js,200,OK,2104,443,784
4046,Sun Sep 06 23:15:06 BDT 2026,Sun Sep 06 23:15:07 BDT 2026,GET,https://tfctest-001-production.up.railway.app/_next/static/chunks/0c2m5sa044kgm.js,200,OK,900,444,1135
4047,Sun Sep 06 23:15:07 BDT 2026,Sun Sep 06 23:15:07 BDT 2026,GET,https://tfctest-001-production.up.railway.app/_next/static/chunks/1-rnkiotheyr-.js,200,OK,864,444,3138
4048,Sun Sep 06 23:15:06 BDT 2026,Sun Sep 06 23:15:08 BDT 2026,GET,https://tfctest-001-production.up.railway.app/_next/static/chunks/04mv_fcnqlctk.js,200,OK,1431,448,252199
4049,Sun Sep 06 23:15:07 BDT 2026,Sun Sep 06 23:15:08 BDT 2026,GET,https://tfctest-001-production.up.railway.app/_next/static/chunks/0lbww56aoo77h.js,200,OK,1081,444,1273
4050,Sun Sep 06 23:15:07 BDT 2026,Sun Sep 06 23:15:08 BDT 2026,GET,https://tfctest-001-production.up.railway.app/_next/static/chunks/0tvvldkh77bbm.js,200,OK,556,443,784
4051,Sun Sep 06 23:15:07 BDT 2026,Sun Sep 06 23:15:08 BDT 2026,GET,https://tfctest-001-production.up.railway.app/_next/static/chunks/0kodok19bfv-z.css,200,OK,1246,432,19211
4052,Sun Sep 06 23:15:07 BDT 2026,Sun Sep 06 23:15:08 BDT 2026,GET,https://tfctest-001-production.up.railway.app/_next/static/chunks/22hkep6-doxxi.js,200,OK,1343,446,28615
4053,Sun Sep 06 23:15:07 BDT 2026,Sun Sep 06 23:15:08 BDT 2026,GET,https://tfctest-001-production.up.railway.app/_next/static/chunks/2mmpezlrfmbu5.js,200,OK,1119,446,34718
4054,Sun Sep 06 23:15:07 BDT 2026,Sun Sep 06 23:15:09 BDT 2026,GET,https://tfctest-001-production.up.railway.app/_next/static/chunks/0c2m5sa044kgm.js,200,OK,1178,444,1135
4055,Sun Sep 06 23:15:08 BDT 2026,Sun Sep 06 23:15:09 BDT 2026,GET,https://tfctest-001-production.up.railway.app/_next/static/chunks/0lbww56aoo77h.js,200,OK,1070,444,1273
4056,Sun Sep 06 23:15:08 BDT 2026,Sun Sep 06 23:15:09 BDT 2026,GET,https://tfctest-001-production.up.railway.app/_next/static/chunks/04mv_fcnqlctk.js,200,OK,1351,448,252199
4057,Sun Sep 06 23:15:08 BDT 2026,Sun Sep 06 23:15:09 BDT 2026,GET,https://tfctest-001-production.up.railway.app/_next/static/chunks/0kodok19bfv-z.css,200,OK,946,432,19211
4058,Sun Sep 06 23:15:08 BDT 2026,Sun Sep 06 23:15:09 BDT 2026,GET,https://tfctest-001-production.up.railway.app/_next/static/chunks/2mmpezlrfmbu5.js,200,OK,989,446,34718
4059,Sun Sep 06 23:15:07 BDT 2026,Sun Sep 06 23:15:09 BDT 2026,GET,https://tfctest-001-production.up.railway.app/_next/static/chunks/1-rnkiotheyr-.js,200,OK,1808,444,3138
4060,Sun Sep 06 23:15:08 BDT 2026,Sun Sep 06 23:15:09 BDT 2026,GET,https://tfctest-001-production.up.railway.app/_next/static/chunks/22hkep6-doxxi.js,200,OK,1234,446,28615
4061,Sun Sep 06 23:15:09 BDT 2026,Sun Sep 06 23:15:10 BDT 2026,GET,https://tfctest-001-production.up.railway.app/_next/static/chunks/0lbww56aoo77h.js,200,OK,672,444,1273
4062,Sun Sep 06 23:15:09 BDT 2026,Sun Sep 06 23:15:10 BDT 2026,GET,https://tfctest-001-production.up.railway.app/_next/static/chunks/1-rnkiotheyr-.js,200,OK,813,444,3138
4063,Sun Sep 06 23:15:09 BDT 2026,Sun Sep 06 23:15:10 BDT 2026,GET,https://tfctest-001-production.up.railway.app/_next/static/chunks/0c2m5sa044kgm.js,200,OK,1617,444,1135
4064,Sun Sep 06 23:15:09 BDT 2026,Sun Sep 06 23:15:10 BDT 2026,GET,https://tfctest-001-production.up.railway.app/_next/static/chunks/310vm2bl3xxpt.js,200,OK,1040,445,5364
4065,Sun Sep 06 23:15:08 BDT 2026,Sun Sep 06 23:15:10 BDT 2026,GET,https://tfctest-001-production.up.railway.app/_next/static/chunks/0tvvldkh77bbm.js,200,OK,2372,443,784
4066,Sun Sep 06 23:15:09 BDT 2026,Sun Sep 06 23:15:10 BDT 2026,GET,https://tfctest-001-production.up.railway.app/_next/static/chunks/2mmpezlrfmbu5.js,200,OK,1058,446,34718
4067,Sun Sep 06 23:15:09 BDT 2026,Sun Sep 06 23:15:11 BDT 2026,GET,https://tfctest-001-production.up.railway.app/_next/static/chunks/22hkep6-doxxi.js,200,OK,1068,446,28615
4068,Sun Sep 06 23:15:09 BDT 2026,Sun Sep 06 23:15:11 BDT 2026,GET,https://tfctest-001-production.up.railway.app/_next/static/chunks/3byuobrkyz9bj.js,200,OK,1830,448,229156
4069,Sun Sep 06 23:15:10 BDT 2026,Sun Sep 06 23:15:11 BDT 2026,GET,https://tfctest-001-production.up.railway.app/_next/static/chunks/1-rnkiotheyr-.js,200,OK,857,444,3138
4070,Sun Sep 06 23:15:10 BDT 2026,Sun Sep 06 23:15:11 BDT 2026,GET,https://tfctest-001-production.up.railway.app/_next/static/chunks/310vm2bl3xxpt.js,200,OK,1092,445,5364
4071,Sun Sep 06 23:15:10 BDT 2026,Sun Sep 06 23:15:12 BDT 2026,GET,https://tfctest-001-production.up.railway.app/_next/static/chunks/2mmpezlrfmbu5.js,200,OK,1628,446,34718
4072,Sun Sep 06 23:15:11 BDT 2026,Sun Sep 06 23:15:12 BDT 2026,GET,https://tfctest-001-production.up.railway.app/_next/static/chunks/22hkep6-doxxi.js,200,OK,1387,446,28615
4073,Sun Sep 06 23:15:10 BDT 2026,Sun Sep 06 23:15:12 BDT 2026,GET,https://tfctest-001-production.up.railway.app/_next/static/chunks/3xlv20160_xqf.js,200,OK,1859,448,115258
4074,Sun Sep 06 23:15:10 BDT 2026,Sun Sep 06 23:15:12 BDT 2026,GET,https://tfctest-001-production.up.railway.app/_next/static/chunks/3voe6zs_a01kl.js,200,OK,2494,448,159930
4075,Sun Sep 06 23:15:11 BDT 2026,Sun Sep 06 23:15:12 BDT 2026,GET,https://tfctest-001-production.up.railway.app/_next/static/chunks/310vm2bl3xxpt.js,200,OK,971,445,5364
4076,Sun Sep 06 23:15:11 BDT 2026,Sun Sep 06 23:15:13 BDT 2026,GET,https://tfctest-001-production.up.railway.app/_next/static/chunks/3byuobrkyz9bj.js,200,OK,1818,448,229156
4077,Sun Sep 06 23:15:11 BDT 2026,Sun Sep 06 23:15:13 BDT 2026,GET,https://tfctest-001-production.up.railway.app/_next/static/chunks/1-rnkiotheyr-.js,200,OK,1849,444,3138
4078,Sun Sep 06 23:15:12 BDT 2026,Sun Sep 06 23:15:13 BDT 2026,GET,https://tfctest-001-production.up.railway.app/_next/static/chunks/2mmpezlrfmbu5.js,200,OK,947,446,34718
4079,Sun Sep 06 23:15:12 BDT 2026,Sun Sep 06 23:15:13 BDT 2026,GET,https://tfctest-001-production.up.railway.app/_next/static/chunks/22hkep6-doxxi.js,200,OK,931,446,28615
4080,Sun Sep 06 23:15:12 BDT 2026,Sun Sep 06 23:15:13 BDT 2026,GET,https://tfctest-001-production.up.railway.app/_next/static/chunks/310vm2bl3xxpt.js,200,OK,729,445,5364
4081,Sun Sep 06 23:15:13 BDT 2026,Sun Sep 06 23:15:14 BDT 2026,GET,https://tfctest-001-production.up.railway.app/_next/static/chunks/3byuobrkyz9bj.js,200,OK,1319,448,229156
4082,Sun Sep 06 23:15:13 BDT 2026,Sun Sep 06 23:15:14 BDT 2026,GET,https://tfctest-001-production.up.railway.app/_next/static/chunks/22hkep6-doxxi.js,200,OK,1028,446,28615
4083,Sun Sep 06 23:15:13 BDT 2026,Sun Sep 06 23:15:14 BDT 2026,GET,https://tfctest-001-production.up.railway.app/_next/static/chunks/1-rnkiotheyr-.js,200,OK,772,444,3138
4084,Sun Sep 06 23:15:10 BDT 2026,Sun Sep 06 23:15:14 BDT 2026,GET,https://tfctest-001-production.up.railway.app/_next/static/chunks/0tvvldkh77bbm.js,200,OK,3347,443,784
4085,Sun Sep 06 23:15:12 BDT 2026,Sun Sep 06 23:15:13 BDT 2026,GET,https://tfctest-001-production.up.railway.app/_next/static/chunks/3voe6zs_a01kl.js,200,OK,1153,448,159930
4086,Sun Sep 06 23:15:12 BDT 2026,Sun Sep 06 23:15:13 BDT 2026,GET,https://tfctest-001-production.up.railway.app/_next/static/chunks/3xlv20160_xqf.js,200,OK,1130,448,115258
4087,Sun Sep 06 23:15:13 BDT 2026,Sun Sep 06 23:15:15 BDT 2026,GET,https://tfctest-001-production.up.railway.app/_next/static/chunks/2mmpezlrfmbu5.js,200,OK,1965,446,34718
4088,Sun Sep 06 23:15:15 BDT 2026,Sun Sep 06 23:15:15 BDT 2026,GET,https://tfctest-001-production.up.railway.app/_next/static/chunks/310vm2bl3xxpt.js,200,OK,401,445,5364
4089,Sun Sep 06 23:15:15 BDT 2026,Sun Sep 06 23:15:16 BDT 2026,GET,https://tfctest-001-production.up.railway.app/_next/static/chunks/turbopack-0n_bhld6oxte9.js,200,OK,595,445,9721
4090,Sun Sep 06 23:15:15 BDT 2026,Sun Sep 06 23:15:16 BDT 2026,GET,https://tfctest-001-production.up.railway.app/favicon.ico,404,Not Found,665,361,9
4091,Sun Sep 06 23:15:15 BDT 2026,Sun Sep 06 23:15:16 BDT 2026,GET,https://tfctest-001-production.up.railway.app/checkout?_rsc=tXyZJ52UQVBCVsD3,200,OK,680,429,1041
4093,Sun Sep 06 23:15:15 BDT 2026,Sun Sep 06 23:15:16 BDT 2026,GET,https://tfctest-001-production.up.railway.app/_next/static/chunks/2mmpezlrfmbu5.js,200,OK,775,446,34718
4094,Sun Sep 06 23:15:15 BDT 2026,Sun Sep 06 23:15:16 BDT 2026,GET,https://tfctest-001-production.up.railway.app/_next/static/chunks/3xlv20160_xqf.js,200,OK,963,448,115258
4095,Sun Sep 06 23:15:15 BDT 2026,Sun Sep 06 23:15:16 BDT 2026,GET,https://tfctest-001-production.up.railway.app/_next/static/chunks/310vm2bl3xxpt.js,200,OK,593,445,5364
4096,Sun Sep 06 23:15:15 BDT 2026,Sun Sep 06 23:15:16 BDT 2026,GET,https://tfctest-001-production.up.railway.app/_next/static/chunks/3voe6zs_a01kl.js,200,OK,1055,448,159930
4097,Sun Sep 06 23:15:15 BDT 2026,Sun Sep 06 23:15:16 BDT 2026,GET,https://tfctest-001-production.up.railway.app/_next/static/chunks/3byuobrkyz9bj.js,200,OK,1149,448,229156
4098,Sun Sep 06 23:15:16 BDT 2026,Sun Sep 06 23:15:16 BDT 2026,GET,https://tfctest-001-production.up.railway.app/_next/static/chunks/turbopack-0n_bhld6oxte9.js,200,OK,637,445,9721
4099,Sun Sep 06 23:15:16 BDT 2026,Sun Sep 06 23:15:16 BDT 2026,GET,https://tfctest-001-production.up.railway.app/favicon.ico,404,Not Found,786,361,9
4100,Sun Sep 06 23:15:16 BDT 2026,Sun Sep 06 23:15:16 BDT 2026,GET,https://tfctest-001-production.up.railway.app/checkout?_rsc=tXyZJ52UQVBCVsD3,200,OK,755,429,1041
4102,Sun Sep 06 23:15:16 BDT 2026,Sun Sep 06 23:15:16 BDT 2026,GET,https://tfctest-001-production.up.railway.app/_next/static/chunks/310vm2bl3xxpt.js,200,OK,634,445,5364
4103,Sun Sep 06 23:15:16 BDT 2026,Sun Sep 06 23:15:17 BDT 2026,GET,https://tfctest-001-production.up.railway.app/_next/static/chunks/2mmpezlrfmbu5.js,200,OK,884,446,34718
4104,Sun Sep 06 23:15:16 BDT 2026,Sun Sep 06 23:15:17 BDT 2026,GET,https://tfctest-001-production.up.railway.app/_next/static/chunks/3voe6zs_a01kl.js,200,OK,1097,448,159930
4105,Sun Sep 06 23:15:16 BDT 2026,Sun Sep 06 23:15:17 BDT 2026,GET,https://tfctest-001-production.up.railway.app/_next/static/chunks/3xlv20160_xqf.js,200,OK,1174,448,115258
4106,Sun Sep 06 23:15:16 BDT 2026,Sun Sep 06 23:15:17 BDT 2026,GET,https://tfctest-001-production.up.railway.app/_next/static/chunks/turbopack-0n_bhld6oxte9.js,200,OK,872,445,9721
4107,Sun Sep 06 23:15:16 BDT 2026,Sun Sep 06 23:15:17 BDT 2026,GET,https://tfctest-001-production.up.railway.app/_next/static/chunks/3byuobrkyz9bj.js,200,OK,1185,448,229156
4108,Sun Sep 06 23:15:16 BDT 2026,Sun Sep 06 23:15:17 BDT 2026,GET,https://tfctest-001-production.up.railway.app/checkout?_rsc=tXyZJ52UQVBCVsD3,200,OK,694,429,1041
4110,Sun Sep 06 23:15:16 BDT 2026,Sun Sep 06 23:15:17 BDT 2026,GET,https://tfctest-001-production.up.railway.app/_next/static/chunks/310vm2bl3xxpt.js,200,OK,770,445,5364
4111,Sun Sep 06 23:15:17 BDT 2026,Sun Sep 06 23:15:17 BDT 2026,GET,https://tfctest-001-production.up.railway.app/_next/static/chunks/2mmpezlrfmbu5.js,200,OK,801,446,34718
4112,Sun Sep 06 23:15:16 BDT 2026,Sun Sep 06 23:15:18 BDT 2026,GET,https://tfctest-001-production.up.railway.app/favicon.ico,404,Not Found,1239,361,9
4113,Sun Sep 06 23:15:17 BDT 2026,Sun Sep 06 23:15:18 BDT 2026,GET,https://tfctest-001-production.up.railway.app/_next/static/chunks/turbopack-0n_bhld6oxte9.js,200,OK,866,445,9721
4114,Sun Sep 06 23:15:17 BDT 2026,Sun Sep 06 23:15:18 BDT 2026,GET,https://tfctest-001-production.up.railway.app/checkout?_rsc=tXyZJ52UQVBCVsD3,200,OK,802,429,1041
4115,Sun Sep 06 23:15:17 BDT 2026,Sun Sep 06 23:15:18 BDT 2026,GET,https://tfctest-001-production.up.railway.app/_next/static/chunks/310vm2bl3xxpt.js,200,OK,708,445,5364
4116,Sun Sep 06 23:15:17 BDT 2026,Sun Sep 06 23:15:18 BDT 2026,GET,https://tfctest-001-production.up.railway.app/_next/static/chunks/3xlv20160_xqf.js,200,OK,1161,448,115258
4118,Sun Sep 06 23:15:17 BDT 2026,Sun Sep 06 23:15:18 BDT 2026,GET,https://tfctest-001-production.up.railway.app/_next/static/chunks/3voe6zs_a01kl.js,200,OK,1227,448,159930
4119,Sun Sep 06 23:15:17 BDT 2026,Sun Sep 06 23:15:18 BDT 2026,GET,https://tfctest-001-production.up.railway.app/_next/static/chunks/2mmpezlrfmbu5.js,200,OK,820,446,34718
4120,Sun Sep 06 23:15:18 BDT 2026,Sun Sep 06 23:15:18 BDT 2026,GET,https://tfctest-001-production.up.railway.app/favicon.ico,404,Not Found,679,361,9
4121,Sun Sep 06 23:15:17 BDT 2026,Sun Sep 06 23:15:18 BDT 2026,GET,https://tfctest-001-production.up.railway.app/_next/static/chunks/3byuobrkyz9bj.js,200,OK,1242,448,229156
4122,Sun Sep 06 23:15:18 BDT 2026,Sun Sep 06 23:15:19 BDT 2026,GET,https://tfctest-001-production.up.railway.app/_next/static/chunks/turbopack-0n_bhld6oxte9.js,200,OK,674,445,9721
4123,Sun Sep 06 23:15:18 BDT 2026,Sun Sep 06 23:15:19 BDT 2026,GET,https://tfctest-001-production.up.railway.app/_next/static/chunks/310vm2bl3xxpt.js,200,OK,591,445,5364
4124,Sun Sep 06 23:15:18 BDT 2026,Sun Sep 06 23:15:19 BDT 2026,GET,https://tfctest-001-production.up.railway.app/checkout?_rsc=tXyZJ52UQVBCVsD3,200,OK,836,429,1041
4126,Sun Sep 06 23:15:18 BDT 2026,Sun Sep 06 23:15:19 BDT 2026,GET,https://tfctest-001-production.up.railway.app/favicon.ico,404,Not Found,710,361,9
4127,Sun Sep 06 23:15:18 BDT 2026,Sun Sep 06 23:15:19 BDT 2026,GET,https://tfctest-001-production.up.railway.app/_next/static/chunks/2mmpezlrfmbu5.js,200,OK,867,446,34718
4128,Sun Sep 06 23:15:18 BDT 2026,Sun Sep 06 23:15:19 BDT 2026,GET,https://tfctest-001-production.up.railway.app/_next/static/chunks/3xlv20160_xqf.js,200,OK,1054,448,115258
4129,Sun Sep 06 23:15:19 BDT 2026,Sun Sep 06 23:15:19 BDT 2026,GET,https://tfctest-001-production.up.railway.app/_next/static/chunks/turbopack-0n_bhld6oxte9.js,200,OK,775,445,9721
4130,Sun Sep 06 23:15:18 BDT 2026,Sun Sep 06 23:15:19 BDT 2026,GET,https://tfctest-001-production.up.railway.app/_next/static/chunks/3voe6zs_a01kl.js,200,OK,1244,448,159930
4131,Sun Sep 06 23:15:19 BDT 2026,Sun Sep 06 23:15:19 BDT 2026,GET,https://tfctest-001-production.up.railway.app/_next/static/chunks/310vm2bl3xxpt.js,200,OK,797,445,5364
4132,Sun Sep 06 23:15:19 BDT 2026,Sun Sep 06 23:15:20 BDT 2026,GET,https://tfctest-001-production.up.railway.app/checkout?_rsc=tXyZJ52UQVBCVsD3,200,OK,644,429,1041
4133,Sun Sep 06 23:15:18 BDT 2026,Sun Sep 06 23:15:20 BDT 2026,GET,https://tfctest-001-production.up.railway.app/_next/static/chunks/3byuobrkyz9bj.js,200,OK,1198,448,229156
4135,Sun Sep 06 23:15:19 BDT 2026,Sun Sep 06 23:15:20 BDT 2026,GET,https://tfctest-001-production.up.railway.app/favicon.ico,404,Not Found,591,361,9
4136,Sun Sep 06 23:15:19 BDT 2026,Sun Sep 06 23:15:20 BDT 2026,GET,https://tfctest-001-production.up.railway.app/_next/static/chunks/2mmpezlrfmbu5.js,200,OK,885,446,34718
4137,Sun Sep 06 23:15:19 BDT 2026,Sun Sep 06 23:15:20 BDT 2026,GET,https://tfctest-001-production.up.railway.app/_next/static/chunks/turbopack-0n_bhld6oxte9.js,200,OK,803,445,9721
4138,Sun Sep 06 23:15:19 BDT 2026,Sun Sep 06 23:15:20 BDT 2026,GET,https://tfctest-001-production.up.railway.app/_next/static/chunks/310vm2bl3xxpt.js,200,OK,756,445,5364
4139,Sun Sep 06 23:15:19 BDT 2026,Sun Sep 06 23:15:20 BDT 2026,GET,https://tfctest-001-production.up.railway.app/_next/static/chunks/3xlv20160_xqf.js,200,OK,1087,448,115258
4140,Sun Sep 06 23:15:20 BDT 2026,Sun Sep 06 23:15:20 BDT 2026,GET,https://tfctest-001-production.up.railway.app/checkout?_rsc=tXyZJ52UQVBCVsD3,200,OK,822,429,1041
4142,Sun Sep 06 23:15:20 BDT 2026,Sun Sep 06 23:15:20 BDT 2026,GET,https://tfctest-001-production.up.railway.app/favicon.ico,404,Not Found,763,361,9
4143,Sun Sep 06 23:15:19 BDT 2026,Sun Sep 06 23:15:21 BDT 2026,GET,https://tfctest-001-production.up.railway.app/_next/static/chunks/3voe6zs_a01kl.js,200,OK,1273,448,159930
4144,Sun Sep 06 23:15:20 BDT 2026,Sun Sep 06 23:15:21 BDT 2026,GET,https://tfctest-001-production.up.railway.app/products,404,Not Found,739,435,271
4145,Sun Sep 06 23:15:20 BDT 2026,Sun Sep 06 23:15:21 BDT 2026,GET,https://tfctest-001-production.up.railway.app/_next/static/chunks/3byuobrkyz9bj.js,200,OK,1440,448,229156
4146,Sun Sep 06 23:15:20 BDT 2026,Sun Sep 06 23:15:21 BDT 2026,GET,https://tfctest-001-production.up.railway.app/_next/static/chunks/turbopack-0n_bhld6oxte9.js,200,OK,880,445,9721
4147,Sun Sep 06 23:15:20 BDT 2026,Sun Sep 06 23:15:21 BDT 2026,GET,https://tfctest-001-production.up.railway.app/login?_rsc=tXyZJ52UQVBCVsD3,200,OK,1007,429,1038
4149,Sun Sep 06 23:15:20 BDT 2026,Sun Sep 06 23:15:21 BDT 2026,GET,https://tfctest-001-production.up.railway.app/checkout?_rsc=tXyZJ52UQVBCVsD3,200,OK,1004,428,924
4151,Sun Sep 06 23:15:20 BDT 2026,Sun Sep 06 23:15:22 BDT 2026,GET,https://tfctest-001-production.up.railway.app/favicon.ico,404,Not Found,1139,361,9
4152,Sun Sep 06 23:15:21 BDT 2026,Sun Sep 06 23:15:22 BDT 2026,GET,https://tfctest-001-production.up.railway.app/_next/static/chunks/turbopack-0n_bhld6oxte9.js,200,OK,711,445,9721
4153,Sun Sep 06 23:15:21 BDT 2026,Sun Sep 06 23:15:22 BDT 2026,GET,https://tfctest-001-production.up.railway.app/login?_rsc=tXyZJ52UQVBCVsD3,200,OK,791,429,1038
4155,Sun Sep 06 23:15:20 BDT 2026,Sun Sep 06 23:15:22 BDT 2026,GET,https://tfctest-001-production.up.railway.app/_next/static/chunks/3xlv20160_xqf.js,200,OK,1700,448,115258
4156,Sun Sep 06 23:15:21 BDT 2026,Sun Sep 06 23:15:22 BDT 2026,GET,https://tfctest-001-production.up.railway.app/checkout?_rsc=tXyZJ52UQVBCVsD3,200,OK,850,429,1041
4157,Sun Sep 06 23:15:21 BDT 2026,Sun Sep 06 23:15:22 BDT 2026,GET,https://tfctest-001-production.up.railway.app/_next/static/chunks/3voe6zs_a01kl.js,200,OK,1645,448,159930
4158,Sun Sep 06 23:15:22 BDT 2026,Sun Sep 06 23:15:22 BDT 2026,GET,https://tfctest-001-production.up.railway.app/favicon.ico,404,Not Found,676,361,9
4160,Sun Sep 06 23:15:21 BDT 2026,Sun Sep 06 23:15:22 BDT 2026,GET,https://tfctest-001-production.up.railway.app/_next/static/chunks/3byuobrkyz9bj.js,200,OK,1395,448,229156
4161,Sun Sep 06 23:15:20 BDT 2026,Sun Sep 06 23:15:22 BDT 2026,GET,https://tfctest-001-production.up.railway.app/orders?_rsc=SPszGvbV_Rbt3KNT,200,OK,2192,429,2327
4163,Sun Sep 06 23:15:22 BDT 2026,Sun Sep 06 23:15:23 BDT 2026,GET,https://tfctest-001-production.up.railway.app/_next/static/chunks/turbopack-0n_bhld6oxte9.js,200,OK,765,445,9721
4164,Sun Sep 06 23:15:22 BDT 2026,Sun Sep 06 23:15:23 BDT 2026,GET,https://tfctest-001-production.up.railway.app/login?_rsc=tXyZJ52UQVBCVsD3,200,OK,701,429,1038
4166,Sun Sep 06 23:15:22 BDT 2026,Sun Sep 06 23:15:23 BDT 2026,GET,https://tfctest-001-production.up.railway.app/favicon.ico,404,Not Found,543,361,9
4167,Sun Sep 06 23:15:22 BDT 2026,Sun Sep 06 23:15:23 BDT 2026,GET,https://tfctest-001-production.up.railway.app/checkout?_rsc=tXyZJ52UQVBCVsD3,200,OK,574,429,1041
4168,Sun Sep 06 23:15:22 BDT 2026,Sun Sep 06 23:15:23 BDT 2026,GET,https://tfctest-001-production.up.railway.app/_next/static/chunks/3xlv20160_xqf.js,200,OK,997,448,115258
4170,Sun Sep 06 23:15:23 BDT 2026,Sun Sep 06 23:15:23 BDT 2026,GET,https://tfctest-001-production.up.railway.app/_next/static/chunks/turbopack-0n_bhld6oxte9.js,200,OK,721,445,9721
4171,Sun Sep 06 23:15:23 BDT 2026,Sun Sep 06 23:15:23 BDT 2026,GET,https://tfctest-001-production.up.railway.app/login?_rsc=tXyZJ52UQVBCVsD3,200,OK,690,429,1038
4173,Sun Sep 06 23:15:22 BDT 2026,Sun Sep 06 23:15:23 BDT 2026,GET,https://tfctest-001-production.up.railway.app/_next/static/chunks/3voe6zs_a01kl.js,200,OK,997,448,159930
4174,Sun Sep 06 23:15:23 BDT 2026,Sun Sep 06 23:15:24 BDT 2026,GET,https://tfctest-001-production.up.railway.app/favicon.ico,404,Not Found,626,361,9
4175,Sun Sep 06 23:15:22 BDT 2026,Sun Sep 06 23:15:24 BDT 2026,GET,https://tfctest-001-production.up.railway.app/_next/static/chunks/3byuobrkyz9bj.js,200,OK,1104,448,229156
4176,Sun Sep 06 23:15:22 BDT 2026,Sun Sep 06 23:15:24 BDT 2026,GET,https://tfctest-001-production.up.railway.app/orders?_rsc=SPszGvbV_Rbt3KNT,200,OK,1170,429,2327
4178,Sun Sep 06 23:15:23 BDT 2026,Sun Sep 06 23:15:24 BDT 2026,GET,https://tfctest-001-production.up.railway.app/checkout?_rsc=tXyZJ52UQVBCVsD3,200,OK,649,429,1041
4180,Sun Sep 06 23:15:23 BDT 2026,Sun Sep 06 23:15:24 BDT 2026,GET,https://tfctest-001-production.up.railway.app/_next/static/chunks/turbopack-0n_bhld6oxte9.js,200,OK,638,445,9721
4181,Sun Sep 06 23:15:23 BDT 2026,Sun Sep 06 23:15:24 BDT 2026,GET,https://tfctest-001-production.up.railway.app/login?_rsc=tXyZJ52UQVBCVsD3,200,OK,602,429,1038
4183,Sun Sep 06 23:15:23 BDT 2026,Sun Sep 06 23:15:24 BDT 2026,GET,https://tfctest-001-production.up.railway.app/_next/static/chunks/3xlv20160_xqf.js,200,OK,1114,448,115258
4184,Sun Sep 06 23:15:24 BDT 2026,Sun Sep 06 23:15:24 BDT 2026,GET,https://tfctest-001-production.up.railway.app/favicon.ico,404,Not Found,782,361,9
4185,Sun Sep 06 23:15:24 BDT 2026,Sun Sep 06 23:15:24 BDT 2026,GET,https://tfctest-001-production.up.railway.app/checkout?_rsc=tXyZJ52UQVBCVsD3,200,OK,758,429,1041
4187,Sun Sep 06 23:15:23 BDT 2026,Sun Sep 06 23:15:25 BDT 2026,GET,https://tfctest-001-production.up.railway.app/_next/static/chunks/3voe6zs_a01kl.js,200,OK,1257,448,159930
4188,Sun Sep 06 23:15:24 BDT 2026,Sun Sep 06 23:15:25 BDT 2026,GET,https://tfctest-001-production.up.railway.app/orders?_rsc=SPszGvbV_Rbt3KNT,200,OK,1185,429,2327
4189,Sun Sep 06 23:15:24 BDT 2026,Sun Sep 06 23:15:25 BDT 2026,GET,https://tfctest-001-production.up.railway.app/login?_rsc=tXyZJ52UQVBCVsD3,200,OK,860,429,1038
4192,Sun Sep 06 23:15:24 BDT 2026,Sun Sep 06 23:15:25 BDT 2026,GET,https://tfctest-001-production.up.railway.app/products,404,Not Found,1089,435,271
4193,Sun Sep 06 23:15:24 BDT 2026,Sun Sep 06 23:15:25 BDT 2026,GET,https://tfctest-001-production.up.railway.app/_next/static/chunks/3byuobrkyz9bj.js,200,OK,1391,448,229156
4194,Sun Sep 06 23:15:25 BDT 2026,Sun Sep 06 23:15:25 BDT 2026,GET,https://tfctest-001-production.up.railway.app/products/1?_rsc=tXyZJ52UQVBCVsD3,200,OK,619,429,1105
4196,Sun Sep 06 23:15:24 BDT 2026,Sun Sep 06 23:15:25 BDT 2026,GET,https://tfctest-001-production.up.railway.app/_next/static/chunks/3xlv20160_xqf.js,200,OK,1237,448,115258
4197,Sun Sep 06 23:15:25 BDT 2026,Sun Sep 06 23:15:25 BDT 2026,GET,https://tfctest-001-production.up.railway.app/products/10?_rsc=tXyZJ52UQVBCVsD3,200,OK,844,429,1106
4199,Sun Sep 06 23:15:25 BDT 2026,Sun Sep 06 23:15:26 BDT 2026,GET,https://tfctest-001-production.up.railway.app/login?_rsc=tXyZJ52UQVBCVsD3,200,OK,830,429,1038
4201,Sun Sep 06 23:15:25 BDT 2026,Sun Sep 06 23:15:26 BDT 2026,GET,https://tfctest-001-production.up.railway.app/products,404,Not Found,720,435,271
4202,Sun Sep 06 23:15:25 BDT 2026,Sun Sep 06 23:15:26 BDT 2026,GET,https://tfctest-001-production.up.railway.app/_next/static/chunks/3voe6zs_a01kl.js,200,OK,1264,448,159930
4203,Sun Sep 06 23:15:25 BDT 2026,Sun Sep 06 23:15:26 BDT 2026,GET,https://tfctest-001-production.up.railway.app/products/1?_rsc=tXyZJ52UQVBCVsD3,200,OK,763,429,1105
4205,Sun Sep 06 23:15:25 BDT 2026,Sun Sep 06 23:15:26 BDT 2026,GET,https://tfctest-001-production.up.railway.app/orders?_rsc=SPszGvbV_Rbt3KNT,200,OK,1221,429,2327
4207,Sun Sep 06 23:15:25 BDT 2026,Sun Sep 06 23:15:26 BDT 2026,GET,https://tfctest-001-production.up.railway.app/products/10?_rsc=tXyZJ52UQVBCVsD3,200,OK,870,429,1106
4209,Sun Sep 06 23:15:26 BDT 2026,Sun Sep 06 23:15:26 BDT 2026,GET,https://tfctest-001-production.up.railway.app/products,404,Not Found,621,435,271
4210,Sun Sep 06 23:15:25 BDT 2026,Sun Sep 06 23:15:26 BDT 2026,GET,https://tfctest-001-production.up.railway.app/_next/static/chunks/3byuobrkyz9bj.js,200,OK,1270,448,229156
4211,Sun Sep 06 23:15:26 BDT 2026,Sun Sep 06 23:15:26 BDT 2026,GET,https://tfctest-001-production.up.railway.app/login?_rsc=tXyZJ52UQVBCVsD3,200,OK,684,428,921
4213,Sun Sep 06 23:15:25 BDT 2026,Sun Sep 06 23:15:27 BDT 2026,GET,https://tfctest-001-production.up.railway.app/_next/static/chunks/3xlv20160_xqf.js,200,OK,1179,448,115258
4214,Sun Sep 06 23:15:26 BDT 2026,Sun Sep 06 23:15:28 BDT 2026,GET,https://tfctest-001-production.up.railway.app/orders?_rsc=SPszGvbV_Rbt3KNT,200,OK,1653,429,2327
4215,Sun Sep 06 23:15:26 BDT 2026,Sun Sep 06 23:15:28 BDT 2026,GET,https://tfctest-001-production.up.railway.app/_next/static/chunks/3voe6zs_a01kl.js,200,OK,1805,448,159930
4216,Sun Sep 06 23:15:26 BDT 2026,Sun Sep 06 23:15:28 BDT 2026,GET,https://tfctest-001-production.up.railway.app/products/10?_rsc=tXyZJ52UQVBCVsD3,200,OK,1474,429,1106
4217,Sun Sep 06 23:15:26 BDT 2026,Sun Sep 06 23:15:28 BDT 2026,GET,https://tfctest-001-production.up.railway.app/login?_rsc=tXyZJ52UQVBCVsD3,200,OK,1370,429,1038
4218,Sun Sep 06 23:15:26 BDT 2026,Sun Sep 06 23:15:28 BDT 2026,GET,https://tfctest-001-production.up.railway.app/products,404,Not Found,1370,435,271
4222,Sun Sep 06 23:15:26 BDT 2026,Sun Sep 06 23:15:28 BDT 2026,GET,https://tfctest-001-production.up.railway.app/products/2?_rsc=tXyZJ52UQVBCVsD3,200,OK,1457,429,1105
4224,Sun Sep 06 23:15:26 BDT 2026,Sun Sep 06 23:15:28 BDT 2026,GET,https://tfctest-001-production.up.railway.app/products/1?_rsc=tXyZJ52UQVBCVsD3,200,OK,2227,429,1105
4226,Sun Sep 06 23:15:27 BDT 2026,Sun Sep 06 23:15:28 BDT 2026,GET,https://tfctest-001-production.up.railway.app/products/3?_rsc=tXyZJ52UQVBCVsD3,200,OK,1830,429,1105
4228,Sun Sep 06 23:15:28 BDT 2026,Sun Sep 06 23:15:29 BDT 2026,GET,https://tfctest-001-production.up.railway.app/products,404,Not Found,879,435,271
4229,Sun Sep 06 23:15:28 BDT 2026,Sun Sep 06 23:15:29 BDT 2026,GET,https://tfctest-001-production.up.railway.app/products/2?_rsc=tXyZJ52UQVBCVsD3,200,OK,1447,429,1105
4231,Sun Sep 06 23:15:28 BDT 2026,Sun Sep 06 23:15:29 BDT 2026,GET,https://tfctest-001-production.up.railway.app/orders?_rsc=SPszGvbV_Rbt3KNT,200,OK,1557,429,2327
4232,Sun Sep 06 23:15:28 BDT 2026,Sun Sep 06 23:15:29 BDT 2026,GET,https://tfctest-001-production.up.railway.app/login?_rsc=tXyZJ52UQVBCVsD3,200,OK,1558,429,1038
4235,Sun Sep 06 23:15:28 BDT 2026,Sun Sep 06 23:15:30 BDT 2026,GET,https://tfctest-001-production.up.railway.app/products/10?_rsc=tXyZJ52UQVBCVsD3,200,OK,1922,429,1106
4237,Sun Sep 06 23:15:29 BDT 2026,Sun Sep 06 23:15:30 BDT 2026,GET,https://tfctest-001-production.up.railway.app/products,404,Not Found,1059,435,271
4238,Sun Sep 06 23:15:29 BDT 2026,Sun Sep 06 23:15:31 BDT 2026,GET,https://tfctest-001-production.up.railway.app/login?_rsc=tXyZJ52UQVBCVsD3,200,OK,1080,429,1038
4240,Sun Sep 06 23:15:28 BDT 2026,Sun Sep 06 23:15:31 BDT 2026,GET,https://tfctest-001-production.up.railway.app/products/1?_rsc=tXyZJ52UQVBCVsD3,200,OK,2312,429,1105
4242,Sun Sep 06 23:15:29 BDT 2026,Sun Sep 06 23:15:31 BDT 2026,GET,https://tfctest-001-production.up.railway.app/products/2?_rsc=tXyZJ52UQVBCVsD3,200,OK,1191,429,1105
4244,Sun Sep 06 23:15:28 BDT 2026,Sun Sep 06 23:15:31 BDT 2026,GET,https://tfctest-001-production.up.railway.app/products/3?_rsc=tXyZJ52UQVBCVsD3,200,OK,2410,429,1105
4246,Sun Sep 06 23:15:29 BDT 2026,Sun Sep 06 23:15:31 BDT 2026,GET,https://tfctest-001-production.up.railway.app/orders?_rsc=SPszGvbV_Rbt3KNT,200,OK,1475,429,2327
4248,Sun Sep 06 23:15:28 BDT 2026,Sun Sep 06 23:15:31 BDT 2026,GET,https://tfctest-001-production.up.railway.app/products/4?_rsc=tXyZJ52UQVBCVsD3,200,OK,3029,429,1105
4249,Sun Sep 06 23:15:30 BDT 2026,Sun Sep 06 23:15:31 BDT 2026,GET,https://tfctest-001-production.up.railway.app/products,404,Not Found,1175,435,271
4251,Sun Sep 06 23:15:30 BDT 2026,Sun Sep 06 23:15:31 BDT 2026,GET,https://tfctest-001-production.up.railway.app/products/10?_rsc=tXyZJ52UQVBCVsD3,200,OK,1658,429,1106
4253,Sun Sep 06 23:15:31 BDT 2026,Sun Sep 06 23:15:31 BDT 2026,GET,https://tfctest-001-production.up.railway.app/login?_rsc=tXyZJ52UQVBCVsD3,200,OK,926,429,1038
4254,Sun Sep 06 23:15:31 BDT 2026,Sun Sep 06 23:15:31 BDT 2026,GET,https://tfctest-001-production.up.railway.app/products/2?_rsc=tXyZJ52UQVBCVsD3,200,OK,881,429,1105
4257,Sun Sep 06 23:15:31 BDT 2026,Sun Sep 06 23:15:32 BDT 2026,GET,https://tfctest-001-production.up.railway.app/products/1?_rsc=tXyZJ52UQVBCVsD3,200,OK,1227,429,1105
4259,Sun Sep 06 23:15:31 BDT 2026,Sun Sep 06 23:15:32 BDT 2026,GET,https://tfctest-001-production.up.railway.app/products,404,Not Found,1204,435,271
4260,Sun Sep 06 23:15:31 BDT 2026,Sun Sep 06 23:15:33 BDT 2026,GET,https://tfctest-001-production.up.railway.app/products/3?_rsc=tXyZJ52UQVBCVsD3,200,OK,1625,429,1105
4261,Sun Sep 06 23:15:31 BDT 2026,Sun Sep 06 23:15:33 BDT 2026,GET,https://tfctest-001-production.up.railway.app/orders?_rsc=SPszGvbV_Rbt3KNT,200,OK,1497,429,2152
4264,Sun Sep 06 23:15:32 BDT 2026,Sun Sep 06 23:15:33 BDT 2026,GET,https://tfctest-001-production.up.railway.app/products/1?_rsc=tXyZJ52UQVBCVsD3,200,OK,1156,429,1105
4266,Sun Sep 06 23:15:32 BDT 2026,Sun Sep 06 23:15:33 BDT 2026,GET,https://tfctest-001-production.up.railway.app/products/2?_rsc=tXyZJ52UQVBCVsD3,200,OK,1750,429,1105
4267,Sun Sep 06 23:15:32 BDT 2026,Sun Sep 06 23:15:33 BDT 2026,GET,https://tfctest-001-production.up.railway.app/products,404,Not Found,1062,435,271
4269,Sun Sep 06 23:15:32 BDT 2026,Sun Sep 06 23:15:33 BDT 2026,GET,https://tfctest-001-production.up.railway.app/products/5?_rsc=tXyZJ52UQVBCVsD3,200,OK,1687,429,1105
4271,Sun Sep 06 23:15:33 BDT 2026,Sun Sep 06 23:15:34 BDT 2026,GET,https://tfctest-001-production.up.railway.app/products/3?_rsc=tXyZJ52UQVBCVsD3,200,OK,1226,429,1105
4273,Sun Sep 06 23:15:31 BDT 2026,Sun Sep 06 23:15:34 BDT 2026,GET,https://tfctest-001-production.up.railway.app/products/4?_rsc=tXyZJ52UQVBCVsD3,200,OK,2874,429,1105
4275,Sun Sep 06 23:15:33 BDT 2026,Sun Sep 06 23:15:34 BDT 2026,GET,https://tfctest-001-production.up.railway.app/products/1?_rsc=tXyZJ52UQVBCVsD3,200,OK,1191,429,1105
4277,Sun Sep 06 23:15:32 BDT 2026,Sun Sep 06 23:15:34 BDT 2026,GET,https://tfctest-001-production.up.railway.app/products/10?_rsc=tXyZJ52UQVBCVsD3,200,OK,2582,429,1106
4279,Sun Sep 06 23:15:33 BDT 2026,Sun Sep 06 23:15:34 BDT 2026,GET,https://tfctest-001-production.up.railway.app/products/2?_rsc=tXyZJ52UQVBCVsD3,200,OK,872,429,1105
4280,Sun Sep 06 23:15:33 BDT 2026,Sun Sep 06 23:15:34 BDT 2026,GET,https://tfctest-001-production.up.railway.app/products,404,Not Found,887,435,271
4282,Sun Sep 06 23:15:33 BDT 2026,Sun Sep 06 23:15:34 BDT 2026,GET,https://tfctest-001-production.up.railway.app/products/5?_rsc=tXyZJ52UQVBCVsD3,200,OK,968,429,1105
4284,Sun Sep 06 23:15:33 BDT 2026,Sun Sep 06 23:15:35 BDT 2026,GET,https://tfctest-001-production.up.railway.app/orders?_rsc=SPszGvbV_Rbt3KNT,200,OK,2090,429,2327
4286,Sun Sep 06 23:15:34 BDT 2026,Sun Sep 06 23:15:35 BDT 2026,GET,https://tfctest-001-production.up.railway.app/products/3?_rsc=tXyZJ52UQVBCVsD3,200,OK,865,429,1105
4288,Sun Sep 06 23:15:34 BDT 2026,Sun Sep 06 23:15:35 BDT 2026,GET,https://tfctest-001-production.up.railway.app/products/4?_rsc=tXyZJ52UQVBCVsD3,200,OK,1010,429,1105
4290,Sun Sep 06 23:15:34 BDT 2026,Sun Sep 06 23:15:35 BDT 2026,GET,https://tfctest-001-production.up.railway.app/products/1?_rsc=tXyZJ52UQVBCVsD3,200,OK,896,428,988
4292,Sun Sep 06 23:15:34 BDT 2026,Sun Sep 06 23:15:35 BDT 2026,GET,https://tfctest-001-production.up.railway.app/products,404,Not Found,822,435,271
4293,Sun Sep 06 23:15:34 BDT 2026,Sun Sep 06 23:15:35 BDT 2026,GET,https://tfctest-001-production.up.railway.app/products/10?_rsc=tXyZJ52UQVBCVsD3,200,OK,1014,429,1106
4294,Sun Sep 06 23:15:34 BDT 2026,Sun Sep 06 23:15:35 BDT 2026,GET,https://tfctest-001-production.up.railway.app/products/2?_rsc=tXyZJ52UQVBCVsD3,200,OK,932,429,1105
4297,Sun Sep 06 23:15:34 BDT 2026,Sun Sep 06 23:15:35 BDT 2026,GET,https://tfctest-001-production.up.railway.app/products/5?_rsc=tXyZJ52UQVBCVsD3,200,OK,920,429,1105
4299,Sun Sep 06 23:15:35 BDT 2026,Sun Sep 06 23:15:36 BDT 2026,GET,https://tfctest-001-production.up.railway.app/products/3?_rsc=tXyZJ52UQVBCVsD3,200,OK,912,429,1105
4301,Sun Sep 06 23:15:35 BDT 2026,Sun Sep 06 23:15:36 BDT 2026,GET,https://tfctest-001-production.up.railway.app/products/4?_rsc=tXyZJ52UQVBCVsD3,200,OK,934,429,1105
4303,Sun Sep 06 23:15:35 BDT 2026,Sun Sep 06 23:15:36 BDT 2026,GET,https://tfctest-001-production.up.railway.app/products/1?_rsc=tXyZJ52UQVBCVsD3,200,OK,936,429,1105
4304,Sun Sep 06 23:15:35 BDT 2026,Sun Sep 06 23:15:36 BDT 2026,GET,https://tfctest-001-production.up.railway.app/products,404,Not Found,824,435,271
4306,Sun Sep 06 23:15:35 BDT 2026,Sun Sep 06 23:15:36 BDT 2026,GET,https://tfctest-001-production.up.railway.app/orders?_rsc=SPszGvbV_Rbt3KNT,200,OK,1465,429,2327
4307,Sun Sep 06 23:15:35 BDT 2026,Sun Sep 06 23:15:36 BDT 2026,GET,https://tfctest-001-production.up.railway.app/products/2?_rsc=tXyZJ52UQVBCVsD3,200,OK,748,428,988
4310,Sun Sep 06 23:15:35 BDT 2026,Sun Sep 06 23:15:36 BDT 2026,GET,https://tfctest-001-production.up.railway.app/products/10?_rsc=tXyZJ52UQVBCVsD3,200,OK,1010,428,989
4312,Sun Sep 06 23:15:35 BDT 2026,Sun Sep 06 23:15:36 BDT 2026,GET,https://tfctest-001-production.up.railway.app/products/5?_rsc=tXyZJ52UQVBCVsD3,200,OK,963,429,1105
4313,Sun Sep 06 23:15:36 BDT 2026,Sun Sep 06 23:15:36 BDT 2026,GET,https://tfctest-001-production.up.railway.app/products/3?_rsc=tXyZJ52UQVBCVsD3,200,OK,812,429,1105
4316,Sun Sep 06 23:15:36 BDT 2026,Sun Sep 06 23:15:37 BDT 2026,GET,https://tfctest-001-production.up.railway.app/products/4?_rsc=tXyZJ52UQVBCVsD3,200,OK,1009,429,1105
4318,Sun Sep 06 23:15:36 BDT 2026,Sun Sep 06 23:15:37 BDT 2026,GET,https://tfctest-001-production.up.railway.app/products/2?_rsc=tXyZJ52UQVBCVsD3,200,OK,835,429,1105
4320,Sun Sep 06 23:15:36 BDT 2026,Sun Sep 06 23:15:37 BDT 2026,GET,https://tfctest-001-production.up.railway.app/products/1?_rsc=tXyZJ52UQVBCVsD3,200,OK,1227,429,1105
4322,Sun Sep 06 23:15:36 BDT 2026,Sun Sep 06 23:15:37 BDT 2026,GET,https://tfctest-001-production.up.railway.app/orders?_rsc=SPszGvbV_Rbt3KNT,200,OK,1290,429,2327
4323,Sun Sep 06 23:15:36 BDT 2026,Sun Sep 06 23:15:37 BDT 2026,GET,https://tfctest-001-production.up.railway.app/products/3?_rsc=tXyZJ52UQVBCVsD3,200,OK,992,428,988
4326,Sun Sep 06 23:15:36 BDT 2026,Sun Sep 06 23:15:38 BDT 2026,GET,https://tfctest-001-production.up.railway.app/products/5?_rsc=tXyZJ52UQVBCVsD3,200,OK,1057,429,1105
4328,Sun Sep 06 23:15:36 BDT 2026,Sun Sep 06 23:15:38 BDT 2026,GET,https://tfctest-001-production.up.railway.app/products/6?_rsc=tXyZJ52UQVBCVsD3,200,OK,1592,429,1105
4330,Sun Sep 06 23:15:36 BDT 2026,Sun Sep 06 23:15:38 BDT 2026,GET,https://tfctest-001-production.up.railway.app/products/10?_rsc=tXyZJ52UQVBCVsD3,200,OK,1495,429,1106
4332,Sun Sep 06 23:15:37 BDT 2026,Sun Sep 06 23:15:38 BDT 2026,GET,https://tfctest-001-production.up.railway.app/products/2?_rsc=tXyZJ52UQVBCVsD3,200,OK,1136,429,1105
4334,Sun Sep 06 23:15:37 BDT 2026,Sun Sep 06 23:15:39 BDT 2026,GET,https://tfctest-001-production.up.railway.app/products/4?_rsc=tXyZJ52UQVBCVsD3,200,OK,1511,429,1105
4336,Sun Sep 06 23:15:37 BDT 2026,Sun Sep 06 23:15:39 BDT 2026,GET,https://tfctest-001-production.up.railway.app/products/1?_rsc=tXyZJ52UQVBCVsD3,200,OK,1129,429,1105
4338,Sun Sep 06 23:15:38 BDT 2026,Sun Sep 06 23:15:39 BDT 2026,GET,https://tfctest-001-production.up.railway.app/products/5?_rsc=tXyZJ52UQVBCVsD3,200,OK,1091,429,1105
4339,Sun Sep 06 23:15:37 BDT 2026,Sun Sep 06 23:15:39 BDT 2026,GET,https://tfctest-001-production.up.railway.app/products/3?_rsc=tXyZJ52UQVBCVsD3,200,OK,1175,429,1105
4342,Sun Sep 06 23:15:37 BDT 2026,Sun Sep 06 23:15:39 BDT 2026,GET,https://tfctest-001-production.up.railway.app/orders?_rsc=SPszGvbV_Rbt3KNT,200,OK,1933,429,2327
4343,Sun Sep 06 23:15:38 BDT 2026,Sun Sep 06 23:15:39 BDT 2026,GET,https://tfctest-001-production.up.railway.app/products/2?_rsc=tXyZJ52UQVBCVsD3,200,OK,1259,429,1105
4344,Sun Sep 06 23:15:38 BDT 2026,Sun Sep 06 23:15:39 BDT 2026,GET,https://tfctest-001-production.up.railway.app/products/10?_rsc=tXyZJ52UQVBCVsD3,200,OK,1489,429,1106
4348,Sun Sep 06 23:15:38 BDT 2026,Sun Sep 06 23:15:40 BDT 2026,GET,https://tfctest-001-production.up.railway.app/products/6?_rsc=tXyZJ52UQVBCVsD3,200,OK,1611,429,1105
4350,Sun Sep 06 23:15:39 BDT 2026,Sun Sep 06 23:15:40 BDT 2026,GET,https://tfctest-001-production.up.railway.app/products/4?_rsc=tXyZJ52UQVBCVsD3,200,OK,1157,429,1105
4352,Sun Sep 06 23:15:39 BDT 2026,Sun Sep 06 23:15:40 BDT 2026,GET,https://tfctest-001-production.up.railway.app/products/3?_rsc=tXyZJ52UQVBCVsD3,200,OK,1056,429,1105
4354,Sun Sep 06 23:15:39 BDT 2026,Sun Sep 06 23:15:40 BDT 2026,GET,https://tfctest-001-production.up.railway.app/products/10?_rsc=tXyZJ52UQVBCVsD3,200,OK,960,429,1106
4356,Sun Sep 06 23:15:39 BDT 2026,Sun Sep 06 23:15:40 BDT 2026,GET,https://tfctest-001-production.up.railway.app/products/2?_rsc=tXyZJ52UQVBCVsD3,200,OK,975,429,1105
4358,Sun Sep 06 23:15:40 BDT 2026,Sun Sep 06 23:15:41 BDT 2026,GET,https://tfctest-001-production.up.railway.app/products/3?_rsc=tXyZJ52UQVBCVsD3,200,OK,1082,429,1105
4360,Sun Sep 06 23:15:39 BDT 2026,Sun Sep 06 23:15:41 BDT 2026,GET,https://tfctest-001-production.up.railway.app/products/5?_rsc=tXyZJ52UQVBCVsD3,200,OK,2329,429,1105
4362,Sun Sep 06 23:15:39 BDT 2026,Sun Sep 06 23:15:41 BDT 2026,GET,https://tfctest-001-production.up.railway.app/products/1?_rsc=tXyZJ52UQVBCVsD3,200,OK,2420,429,1105
4363,Sun Sep 06 23:15:40 BDT 2026,Sun Sep 06 23:15:41 BDT 2026,GET,https://tfctest-001-production.up.railway.app/products/10?_rsc=tXyZJ52UQVBCVsD3,200,OK,629,429,1106
4366,Sun Sep 06 23:15:40 BDT 2026,Sun Sep 06 23:15:41 BDT 2026,GET,https://tfctest-001-production.up.railway.app/products/6?_rsc=tXyZJ52UQVBCVsD3,200,OK,1650,429,1105
4368,Sun Sep 06 23:15:41 BDT 2026,Sun Sep 06 23:15:41 BDT 2026,GET,https://tfctest-001-production.up.railway.app/products/8?_rsc=tXyZJ52UQVBCVsD3,200,OK,725,429,1105
4369,Sun Sep 06 23:15:40 BDT 2026,Sun Sep 06 23:15:41 BDT 2026,GET,https://tfctest-001-production.up.railway.app/products/7?_rsc=feaeVVEpRlJm4x34,200,OK,1748,429,4778
4372,Sun Sep 06 23:15:40 BDT 2026,Sun Sep 06 23:15:42 BDT 2026,GET,https://tfctest-001-production.up.railway.app/products/4?_rsc=tXyZJ52UQVBCVsD3,200,OK,2086,428,988
4374,Sun Sep 06 23:15:41 BDT 2026,Sun Sep 06 23:15:42 BDT 2026,GET,https://tfctest-001-production.up.railway.app/products/3?_rsc=tXyZJ52UQVBCVsD3,200,OK,907,429,1105
4376,Sun Sep 06 23:15:41 BDT 2026,Sun Sep 06 23:15:42 BDT 2026,GET,https://tfctest-001-production.up.railway.app/products/5?_rsc=tXyZJ52UQVBCVsD3,200,OK,1115,428,988
4378,Sun Sep 06 23:15:41 BDT 2026,Sun Sep 06 23:15:42 BDT 2026,GET,https://tfctest-001-production.up.railway.app/user,404,Not Found,1142,435,271
4379,Sun Sep 06 23:15:41 BDT 2026,Sun Sep 06 23:15:42 BDT 2026,GET,https://tfctest-001-production.up.railway.app/products/9?_rsc=tXyZJ52UQVBCVsD3,200,OK,1189,429,1105
4381,Sun Sep 06 23:15:41 BDT 2026,Sun Sep 06 23:15:42 BDT 2026,GET,https://tfctest-001-production.up.railway.app/products/6?_rsc=tXyZJ52UQVBCVsD3,200,OK,1291,429,1105
4383,Sun Sep 06 23:15:42 BDT 2026,Sun Sep 06 23:15:43 BDT 2026,GET,https://tfctest-001-production.up.railway.app/products/4?_rsc=tXyZJ52UQVBCVsD3,200,OK,881,429,1105
4385,Sun Sep 06 23:15:42 BDT 2026,Sun Sep 06 23:15:43 BDT 2026,GET,https://tfctest-001-production.up.railway.app/products/5?_rsc=tXyZJ52UQVBCVsD3,200,OK,1017,429,1105
4387,Sun Sep 06 23:15:41 BDT 2026,Sun Sep 06 23:15:44 BDT 2026,GET,https://tfctest-001-production.up.railway.app/products/8?_rsc=tXyZJ52UQVBCVsD3,200,OK,2507,429,1105
4389,Sun Sep 06 23:15:41 BDT 2026,Sun Sep 06 23:15:44 BDT 2026,GET,https://tfctest-001-production.up.railway.app/products/7?_rsc=feaeVVEpRlJm4x34,200,OK,2507,429,4778
4391,Sun Sep 06 23:15:42 BDT 2026,Sun Sep 06 23:15:44 BDT 2026,GET,https://tfctest-001-production.up.railway.app/products/6?_rsc=tXyZJ52UQVBCVsD3,200,OK,1619,429,1105
4393,Sun Sep 06 23:15:42 BDT 2026,Sun Sep 06 23:15:44 BDT 2026,GET,https://tfctest-001-production.up.railway.app/products/9?_rsc=tXyZJ52UQVBCVsD3,200,OK,1838,429,1105
4395,Sun Sep 06 23:15:42 BDT 2026,Sun Sep 06 23:15:44 BDT 2026,GET,https://tfctest-001-production.up.railway.app/user,404,Not Found,1894,435,271
4396,Sun Sep 06 23:15:42 BDT 2026,Sun Sep 06 23:15:45 BDT 2026,GET,https://tfctest-001-production.up.railway.app/user/f2628526-8df9-49ba-a7ba-de6f27472fb0?_rsc=WKViemS1y3HMVqqY,200,OK,2160,429,3898
4397,Sun Sep 06 23:15:43 BDT 2026,Sun Sep 06 23:15:45 BDT 2026,GET,https://tfctest-001-production.up.railway.app/products/5?_rsc=tXyZJ52UQVBCVsD3,200,OK,1298,429,1105
4400,Sun Sep 06 23:15:43 BDT 2026,Sun Sep 06 23:15:45 BDT 2026,GET,https://tfctest-001-production.up.railway.app/products/4?_rsc=tXyZJ52UQVBCVsD3,200,OK,2048,429,1105
4402,Sun Sep 06 23:15:44 BDT 2026,Sun Sep 06 23:15:45 BDT 2026,GET,https://tfctest-001-production.up.railway.app/products/8?_rsc=tXyZJ52UQVBCVsD3,200,OK,1007,429,1105
4404,Sun Sep 06 23:15:44 BDT 2026,Sun Sep 06 23:15:45 BDT 2026,GET,https://tfctest-001-production.up.railway.app/products/7?_rsc=feaeVVEpRlJm4x34,200,OK,1194,429,4778
4406,Sun Sep 06 23:15:44 BDT 2026,Sun Sep 06 23:15:45 BDT 2026,GET,https://tfctest-001-production.up.railway.app/user,404,Not Found,1036,435,271
4407,Sun Sep 06 23:15:44 BDT 2026,Sun Sep 06 23:15:46 BDT 2026,GET,https://tfctest-001-production.up.railway.app/products/6?_rsc=tXyZJ52UQVBCVsD3,200,OK,1399,429,1105
4409,Sun Sep 06 23:15:44 BDT 2026,Sun Sep 06 23:15:46 BDT 2026,GET,https://tfctest-001-production.up.railway.app/products/9?_rsc=tXyZJ52UQVBCVsD3,200,OK,1321,429,1105
4411,Sun Sep 06 23:15:45 BDT 2026,Sun Sep 06 23:15:46 BDT 2026,GET,https://tfctest-001-production.up.railway.app/products/8?_rsc=tXyZJ52UQVBCVsD3,200,OK,1018,429,1105
4413,Sun Sep 06 23:15:45 BDT 2026,Sun Sep 06 23:15:46 BDT 2026,GET,https://tfctest-001-production.up.railway.app/user,404,Not Found,855,435,271
4414,Sun Sep 06 23:15:45 BDT 2026,Sun Sep 06 23:15:46 BDT 2026,GET,https://tfctest-001-production.up.railway.app/products/5?_rsc=tXyZJ52UQVBCVsD3,200,OK,1775,429,1105
4416,Sun Sep 06 23:15:46 BDT 2026,Sun Sep 06 23:15:46 BDT 2026,GET,https://tfctest-001-production.up.railway.app/products/6?_rsc=tXyZJ52UQVBCVsD3,200,OK,711,429,1105
4417,Sun Sep 06 23:15:46 BDT 2026,Sun Sep 06 23:15:46 BDT 2026,GET,https://tfctest-001-production.up.railway.app/products/9?_rsc=tXyZJ52UQVBCVsD3,200,OK,747,429,1105
4420,Sun Sep 06 23:15:45 BDT 2026,Sun Sep 06 23:15:46 BDT 2026,GET,https://tfctest-001-production.up.railway.app/user/f2628526-8df9-49ba-a7ba-de6f27472fb0?_rsc=WKViemS1y3HMVqqY,200,OK,1892,429,3898
4422,Sun Sep 06 23:15:45 BDT 2026,Sun Sep 06 23:15:46 BDT 2026,GET,https://tfctest-001-production.up.railway.app/products/7?_rsc=feaeVVEpRlJm4x34,200,OK,1333,429,4778
4423,Sun Sep 06 23:15:46 BDT 2026,Sun Sep 06 23:15:46 BDT 2026,GET,https://tfctest-001-production.up.railway.app/products/8?_rsc=tXyZJ52UQVBCVsD3,200,OK,615,429,1105
4426,Sun Sep 06 23:15:45 BDT 2026,Sun Sep 06 23:15:47 BDT 2026,GET,https://tfctest-001-production.up.railway.app/products/4?_rsc=tXyZJ52UQVBCVsD3,200,OK,1850,429,1105
4428,Sun Sep 06 23:15:46 BDT 2026,Sun Sep 06 23:15:47 BDT 2026,GET,https://tfctest-001-production.up.railway.app/user,404,Not Found,763,435,271
4429,Sun Sep 06 23:15:46 BDT 2026,Sun Sep 06 23:15:47 BDT 2026,GET,https://tfctest-001-production.up.railway.app/products/5?_rsc=tXyZJ52UQVBCVsD3,200,OK,854,429,1105
4431,Sun Sep 06 23:15:46 BDT 2026,Sun Sep 06 23:15:47 BDT 2026,GET,https://tfctest-001-production.up.railway.app/products/6?_rsc=tXyZJ52UQVBCVsD3,200,OK,857,428,988
4433,Sun Sep 06 23:15:46 BDT 2026,Sun Sep 06 23:15:47 BDT 2026,GET,https://tfctest-001-production.up.railway.app/products/9?_rsc=tXyZJ52UQVBCVsD3,200,OK,960,429,1105
4435,Sun Sep 06 23:15:47 BDT 2026,Sun Sep 06 23:15:48 BDT 2026,GET,https://tfctest-001-production.up.railway.app/products/4?_rsc=tXyZJ52UQVBCVsD3,200,OK,1156,429,1105
4437,Sun Sep 06 23:15:46 BDT 2026,Sun Sep 06 23:15:48 BDT 2026,GET,https://tfctest-001-production.up.railway.app/user/f2628526-8df9-49ba-a7ba-de6f27472fb0?_rsc=WKViemS1y3HMVqqY,200,OK,1264,429,3898
4439,Sun Sep 06 23:15:47 BDT 2026,Sun Sep 06 23:15:48 BDT 2026,GET,https://tfctest-001-production.up.railway.app/products/7?_rsc=feaeVVEpRlJm4x34,200,OK,1188,429,4778
4440,Sun Sep 06 23:15:47 BDT 2026,Sun Sep 06 23:15:48 BDT 2026,GET,https://tfctest-001-production.up.railway.app/products/8?_rsc=tXyZJ52UQVBCVsD3,200,OK,1188,429,1105
4443,Sun Sep 06 23:15:47 BDT 2026,Sun Sep 06 23:15:48 BDT 2026,GET,https://tfctest-001-production.up.railway.app/user,404,Not Found,1288,435,271
4444,Sun Sep 06 23:15:48 BDT 2026,Sun Sep 06 23:15:49 BDT 2026,GET,https://tfctest-001-production.up.railway.app/products/8?_rsc=tXyZJ52UQVBCVsD3,200,OK,869,429,1105
4446,Sun Sep 06 23:15:48 BDT 2026,Sun Sep 06 23:15:49 BDT 2026,GET,https://tfctest-001-production.up.railway.app/user/f2628526-8df9-49ba-a7ba-de6f27472fb0?_rsc=WKViemS1y3HMVqqY,200,OK,1121,429,3898
4448,Sun Sep 06 23:15:48 BDT 2026,Sun Sep 06 23:15:49 BDT 2026,GET,https://tfctest-001-production.up.railway.app/products/7?_rsc=feaeVVEpRlJm4x34,200,OK,1260,429,4778
4450,Sun Sep 06 23:15:47 BDT 2026,Sun Sep 06 23:15:49 BDT 2026,GET,https://tfctest-001-production.up.railway.app/products/6?_rsc=tXyZJ52UQVBCVsD3,200,OK,1897,429,1105
4452,Sun Sep 06 23:15:48 BDT 2026,Sun Sep 06 23:15:49 BDT 2026,GET,https://tfctest-001-production.up.railway.app/user,404,Not Found,973,435,271
4453,Sun Sep 06 23:15:47 BDT 2026,Sun Sep 06 23:15:50 BDT 2026,GET,https://tfctest-001-production.up.railway.app/products/9?_rsc=tXyZJ52UQVBCVsD3,200,OK,2237,429,1105
4455,Sun Sep 06 23:15:49 BDT 2026,Sun Sep 06 23:15:50 BDT 2026,GET,https://tfctest-001-production.up.railway.app/products/8?_rsc=tXyZJ52UQVBCVsD3,200,OK,1283,428,988
4457,Sun Sep 06 23:15:49 BDT 2026,Sun Sep 06 23:15:50 BDT 2026,GET,https://tfctest-001-production.up.railway.app/user/f2628526-8df9-49ba-a7ba-de6f27472fb0?_rsc=WKViemS1y3HMVqqY,200,OK,1264,429,3898
4459,Sun Sep 06 23:15:49 BDT 2026,Sun Sep 06 23:15:50 BDT 2026,GET,https://tfctest-001-production.up.railway.app/user,404,Not Found,996,435,271
4460,Sun Sep 06 23:15:49 BDT 2026,Sun Sep 06 23:15:50 BDT 2026,GET,https://tfctest-001-production.up.railway.app/products/6?_rsc=tXyZJ52UQVBCVsD3,200,OK,1042,429,1105
4462,Sun Sep 06 23:15:50 BDT 2026,Sun Sep 06 23:15:50 BDT 2026,GET,https://tfctest-001-production.up.railway.app/products/9?_rsc=tXyZJ52UQVBCVsD3,200,OK,791,429,1105
4464,Sun Sep 06 23:15:49 BDT 2026,Sun Sep 06 23:15:51 BDT 2026,GET,https://tfctest-001-production.up.railway.app/products/7?_rsc=feaeVVEpRlJm4x34,200,OK,1515,429,4778
4466,Sun Sep 06 23:15:50 BDT 2026,Sun Sep 06 23:15:51 BDT 2026,GET,https://tfctest-001-production.up.railway.app/products/8?_rsc=tXyZJ52UQVBCVsD3,200,OK,774,429,1105
4468,Sun Sep 06 23:15:50 BDT 2026,Sun Sep 06 23:15:51 BDT 2026,GET,https://tfctest-001-production.up.railway.app/user,404,Not Found,981,435,271
4469,Sun Sep 06 23:15:50 BDT 2026,Sun Sep 06 23:15:51 BDT 2026,GET,https://tfctest-001-production.up.railway.app/user/f2628526-8df9-49ba-a7ba-de6f27472fb0?_rsc=WKViemS1y3HMVqqY,200,OK,1089,429,3898
4470,Sun Sep 06 23:15:50 BDT 2026,Sun Sep 06 23:15:51 BDT 2026,GET,https://tfctest-001-production.up.railway.app/products/6?_rsc=tXyZJ52UQVBCVsD3,200,OK,990,429,1105
4473,Sun Sep 06 23:15:50 BDT 2026,Sun Sep 06 23:15:52 BDT 2026,GET,https://tfctest-001-production.up.railway.app/products/9?_rsc=tXyZJ52UQVBCVsD3,200,OK,1103,428,988
4475,Sun Sep 06 23:15:51 BDT 2026,Sun Sep 06 23:15:52 BDT 2026,GET,https://tfctest-001-production.up.railway.app/user,404,Not Found,823,435,271
4476,Sun Sep 06 23:15:51 BDT 2026,Sun Sep 06 23:15:52 BDT 2026,GET,https://tfctest-001-production.up.railway.app/products/6?_rsc=tXyZJ52UQVBCVsD3,200,OK,858,429,1105
4478,Sun Sep 06 23:15:51 BDT 2026,Sun Sep 06 23:15:52 BDT 2026,GET,https://tfctest-001-production.up.railway.app/products/8?_rsc=tXyZJ52UQVBCVsD3,200,OK,1457,429,1105
4480,Sun Sep 06 23:15:52 BDT 2026,Sun Sep 06 23:15:52 BDT 2026,GET,https://tfctest-001-production.up.railway.app/products/9?_rsc=tXyZJ52UQVBCVsD3,200,OK,804,429,1105
4482,Sun Sep 06 23:15:51 BDT 2026,Sun Sep 06 23:15:52 BDT 2026,GET,https://tfctest-001-production.up.railway.app/user/f2628526-8df9-49ba-a7ba-de6f27472fb0?_rsc=WKViemS1y3HMVqqY,200,OK,1115,429,3898
4484,Sun Sep 06 23:15:51 BDT 2026,Sun Sep 06 23:15:53 BDT 2026,GET,https://tfctest-001-production.up.railway.app/products/7?_rsc=feaeVVEpRlJm4x34,200,OK,2111,429,4603
4485,Sun Sep 06 23:15:52 BDT 2026,Sun Sep 06 23:15:53 BDT 2026,GET,https://tfctest-001-production.up.railway.app/user,404,Not Found,693,435,271
4487,Sun Sep 06 23:15:52 BDT 2026,Sun Sep 06 23:15:53 BDT 2026,GET,https://tfctest-001-production.up.railway.app/products/8?_rsc=tXyZJ52UQVBCVsD3,200,OK,861,429,1105
4489,Sun Sep 06 23:15:52 BDT 2026,Sun Sep 06 23:15:53 BDT 2026,GET,https://tfctest-001-production.up.railway.app/products/9?_rsc=tXyZJ52UQVBCVsD3,200,OK,799,429,1105
4491,Sun Sep 06 23:15:53 BDT 2026,Sun Sep 06 23:15:54 BDT 2026,GET,https://tfctest-001-production.up.railway.app/user,404,Not Found,1158,435,271
4492,Sun Sep 06 23:15:53 BDT 2026,Sun Sep 06 23:15:54 BDT 2026,GET,https://tfctest-001-production.up.railway.app/products/8?_rsc=tXyZJ52UQVBCVsD3,200,OK,845,429,1105
4494,Sun Sep 06 23:15:53 BDT 2026,Sun Sep 06 23:15:54 BDT 2026,GET,https://tfctest-001-production.up.railway.app/products/7?_rsc=feaeVVEpRlJm4x34,200,OK,1315,429,4778
4496,Sun Sep 06 23:15:53 BDT 2026,Sun Sep 06 23:15:54 BDT 2026,GET,https://tfctest-001-production.up.railway.app/products/9?_rsc=tXyZJ52UQVBCVsD3,200,OK,993,429,1105
4498,Sun Sep 06 23:15:52 BDT 2026,Sun Sep 06 23:15:54 BDT 2026,GET,https://tfctest-001-production.up.railway.app/user/f2628526-8df9-49ba-a7ba-de6f27472fb0?_rsc=WKViemS1y3HMVqqY,200,OK,2028,429,3723
4500,Sun Sep 06 23:15:54 BDT 2026,Sun Sep 06 23:15:55 BDT 2026,GET,https://tfctest-001-production.up.railway.app/user,404,Not Found,803,435,271
4501,Sun Sep 06 23:15:54 BDT 2026,Sun Sep 06 23:15:55 BDT 2026,GET,https://tfctest-001-production.up.railway.app/products/7?_rsc=feaeVVEpRlJm4x34,200,OK,889,429,4778
4503,Sun Sep 06 23:15:54 BDT 2026,Sun Sep 06 23:15:56 BDT 2026,GET,https://tfctest-001-production.up.railway.app/user/f2628526-8df9-49ba-a7ba-de6f27472fb0?_rsc=WKViemS1y3HMVqqY,200,OK,1288,429,3898
4505,Sun Sep 06 23:15:54 BDT 2026,Sun Sep 06 23:15:56 BDT 2026,GET,https://tfctest-001-production.up.railway.app/products/9?_rsc=tXyZJ52UQVBCVsD3,200,OK,1585,429,1105
4507,Sun Sep 06 23:15:55 BDT 2026,Sun Sep 06 23:15:56 BDT 2026,GET,https://tfctest-001-production.up.railway.app/products/7?_rsc=feaeVVEpRlJm4x34,200,OK,1092,429,4778
4509,Sun Sep 06 23:15:56 BDT 2026,Sun Sep 06 23:15:57 BDT 2026,GET,https://tfctest-001-production.up.railway.app/user/f2628526-8df9-49ba-a7ba-de6f27472fb0?_rsc=WKViemS1y3HMVqqY,200,OK,980,429,3898
4511,Sun Sep 06 23:15:56 BDT 2026,Sun Sep 06 23:15:57 BDT 2026,GET,https://tfctest-001-production.up.railway.app/products/7?_rsc=feaeVVEpRlJm4x34,200,OK,1157,429,4778
4513,Sun Sep 06 23:15:57 BDT 2026,Sun Sep 06 23:15:58 BDT 2026,GET,https://tfctest-001-production.up.railway.app/user/f2628526-8df9-49ba-a7ba-de6f27472fb0?_rsc=WKViemS1y3HMVqqY,200,OK,900,429,3898
4515,Sun Sep 06 23:15:58 BDT 2026,Sun Sep 06 23:15:59 BDT 2026,GET,https://tfctest-001-production.up.railway.app/user/f2628526-8df9-49ba-a7ba-de6f27472fb0?_rsc=WKViemS1y3HMVqqY,200,OK,848,429,3898
4517,Sun Sep 06 23:15:59 BDT 2026,Sun Sep 06 23:15:59 BDT 2026,GET,https://tfctest-001-production.up.railway.app,200,OK,910,534,30900
4518,Sun Sep 06 23:15:59 BDT 2026,Sun Sep 06 23:16:00 BDT 2026,GET,https://tfctest-001-production.up.railway.app/_next,404,Not Found,574,361,9
4519,Sun Sep 06 23:16:00 BDT 2026,Sun Sep 06 23:16:01 BDT 2026,GET,https://tfctest-001-production.up.railway.app/_next/static,404,Not Found,618,361,9
4520,Sun Sep 06 23:16:01 BDT 2026,Sun Sep 06 23:16:01 BDT 2026,GET,https://tfctest-001-production.up.railway.app/_next/static/chunks,404,Not Found,746,361,9
4521,Sun Sep 06 23:16:03 BDT 2026,Sun Sep 06 23:16:04 BDT 2026,GET,https://tfctest-001-production.up.railway.app/products,404,Not Found,643,435,271
4522,Sun Sep 06 23:16:04 BDT 2026,Sun Sep 06 23:16:06 BDT 2026,GET,https://tfctest-001-production.up.railway.app/user,404,Not Found,1291,435,271
4523,Sun Sep 06 23:16:06 BDT 2026,Sun Sep 06 23:16:07 BDT 2026,GET,https://tfctest-001-production.up.railway.app,200,OK,1015,534,30900
4524,Sun Sep 06 23:16:07 BDT 2026,Sun Sep 06 23:16:07 BDT 2026,GET,https://tfctest-001-production.up.railway.app/_next,404,Not Found,551,361,9
4525,Sun Sep 06 23:16:07 BDT 2026,Sun Sep 06 23:16:08 BDT 2026,GET,https://tfctest-001-production.up.railway.app/_next/static,404,Not Found,591,361,9
4526,Sun Sep 06 23:16:08 BDT 2026,Sun Sep 06 23:16:09 BDT 2026,GET,https://tfctest-001-production.up.railway.app/_next/static/chunks,404,Not Found,553,361,9
4527,Sun Sep 06 23:16:09 BDT 2026,Sun Sep 06 23:16:09 BDT 2026,GET,https://tfctest-001-production.up.railway.app/products,404,Not Found,610,435,271
4528,Sun Sep 06 23:16:09 BDT 2026,Sun Sep 06 23:16:10 BDT 2026,GET,https://tfctest-001-production.up.railway.app/user,404,Not Found,725,435,271
4529,Sun Sep 06 23:16:10 BDT 2026,Sun Sep 06 23:16:11 BDT 2026,GET,https://tfctest-001-production.up.railway.app,200,OK,1027,534,30900
4530,Sun Sep 06 23:16:11 BDT 2026,Sun Sep 06 23:16:12 BDT 2026,GET,https://tfctest-001-production.up.railway.app/_next,404,Not Found,689,361,9
4531,Sun Sep 06 23:16:12 BDT 2026,Sun Sep 06 23:16:12 BDT 2026,GET,https://tfctest-001-production.up.railway.app/_next/static,404,Not Found,784,361,9
4532,Sun Sep 06 23:16:12 BDT 2026,Sun Sep 06 23:16:13 BDT 2026,GET,https://tfctest-001-production.up.railway.app/_next/static/chunks,404,Not Found,641,361,9
4533,Sun Sep 06 23:16:13 BDT 2026,Sun Sep 06 23:16:14 BDT 2026,GET,https://tfctest-001-production.up.railway.app/products,404,Not Found,615,435,271
4534,Sun Sep 06 23:16:14 BDT 2026,Sun Sep 06 23:16:15 BDT 2026,GET,https://tfctest-001-production.up.railway.app/user,404,Not Found,660,435,271
4535,Sun Sep 06 23:16:15 BDT 2026,Sun Sep 06 23:16:16 BDT 2026,GET,https://tfctest-001-production.up.railway.app,200,OK,907,534,30900
4536,Sun Sep 06 23:16:16 BDT 2026,Sun Sep 06 23:16:16 BDT 2026,GET,https://tfctest-001-production.up.railway.app/_next,404,Not Found,609,361,9
4537,Sun Sep 06 23:16:16 BDT 2026,Sun Sep 06 23:16:17 BDT 2026,GET,https://tfctest-001-production.up.railway.app/swagger-ui/,308,Permanent Redirect,623,286,11
4538,Sun Sep 06 23:16:16 BDT 2026,Sun Sep 06 23:16:17 BDT 2026,GET,https://tfctest-001-production.up.railway.app/_next/static,404,Not Found,587,361,9
4539,Sun Sep 06 23:16:17 BDT 2026,Sun Sep 06 23:16:18 BDT 2026,GET,https://tfctest-001-production.up.railway.app/_next/static/chunks,404,Not Found,587,361,9
4540,Sun Sep 06 23:16:19 BDT 2026,Sun Sep 06 23:16:19 BDT 2026,GET,https://tfctest-001-production.up.railway.app/v3/api-docs,404,Not Found,684,436,1095
4541,Sun Sep 06 23:16:19 BDT 2026,Sun Sep 06 23:16:20 BDT 2026,GET,https://tfctest-001-production.up.railway.app/swagger.json,404,Not Found,615,436,1095
4542,Sun Sep 06 23:16:20 BDT 2026,Sun Sep 06 23:16:21 BDT 2026,GET,https://tfctest-001-production.up.railway.app/openapi.json,404,Not Found,645,436,1095
4543,Sun Sep 06 23:16:20 BDT 2026,Sun Sep 06 23:16:21 BDT 2026,GET,https://tfctest-001-production.up.railway.app/products,404,Not Found,594,435,271
4544,Sun Sep 06 23:16:20 BDT 2026,Sun Sep 06 23:16:21 BDT 2026,GET,https://tfctest-001-production.up.railway.app/login,307,Temporary Redirect,625,274,0
4545,Sun Sep 06 23:16:21 BDT 2026,Sun Sep 06 23:16:21 BDT 2026,GET,https://tfctest-001-production.up.railway.app/api-docs,404,Not Found,559,436,1095
4546,Sun Sep 06 23:16:21 BDT 2026,Sun Sep 06 23:16:22 BDT 2026,GET,https://tfctest-001-production.up.railway.app/docs/,308,Permanent Redirect,911,273,5
4547,Sun Sep 06 23:16:22 BDT 2026,Sun Sep 06 23:16:23 BDT 2026,GET,https://tfctest-001-production.up.railway.app/swagger,404,Not Found,675,436,1095
4548,Sun Sep 06 23:16:23 BDT 2026,Sun Sep 06 23:16:24 BDT 2026,GET,https://tfctest-001-production.up.railway.app/user,404,Not Found,723,435,271
4549,Sun Sep 06 23:16:23 BDT 2026,Sun Sep 06 23:16:24 BDT 2026,GET,https://tfctest-001-production.up.railway.app/v2/api-docs,404,Not Found,738,436,1095
4550,Sun Sep 06 23:16:24 BDT 2026,Sun Sep 06 23:16:24 BDT 2026,GET,https://tfctest-001-production.up.railway.app/swagger-ui/index.html,404,Not Found,605,436,1095
4551,Sun Sep 06 23:16:24 BDT 2026,Sun Sep 06 23:16:25 BDT 2026,GET,https://tfctest-001-production.up.railway.app/openapi.yaml,404,Not Found,599,436,1095
4552,Sun Sep 06 23:16:25 BDT 2026,Sun Sep 06 23:16:26 BDT 2026,GET,https://tfctest-001-production.up.railway.app/swagger.yaml,404,Not Found,579,436,1095
4553,Sun Sep 06 23:16:26 BDT 2026,Sun Sep 06 23:16:26 BDT 2026,GET,https://tfctest-001-production.up.railway.app/swagger/ui/index.html,404,Not Found,581,436,1095
